--
-- Скрипт сгенерирован Devart dbForge Studio for MySQL, Версия 8.0.80.0
-- Домашняя страница продукта: http://www.devart.com/ru/dbforge/mysql/studio
-- Дата скрипта: 15.08.2018 12:36:43
-- Версия сервера: 8.0.11
-- Версия клиента: 4.1
--

-- 
-- Отключение внешних ключей
-- 
/*!40014 SET @OLD_FOREIGN_KEY_CHECKS=@@FOREIGN_KEY_CHECKS, FOREIGN_KEY_CHECKS=0 */;

-- 
-- Установить режим SQL (SQL mode)
-- 
/*!40101 SET @OLD_SQL_MODE=@@SQL_MODE, SQL_MODE='NO_AUTO_VALUE_ON_ZERO' */;

-- 
-- Установка кодировки, с использованием которой клиент будет посылать запросы на сервер
--
SET NAMES 'utf8';

CREATE DATABASE demo
CHARACTER SET utf8
COLLATE utf8_general_ci;

--
-- Установка базы данных по умолчанию
--
USE demo;

--
-- Создать таблицу `post`
--
CREATE TABLE post (
  CodPost int(11) UNSIGNED NOT NULL AUTO_INCREMENT,
  Name varchar(255) NOT NULL,
  PRIMARY KEY (CodPost)
)
ENGINE = INNODB,
AUTO_INCREMENT = 98,
AVG_ROW_LENGTH = 195,
CHARACTER SET utf8,
COLLATE utf8_general_ci;

--
-- Создать индекс `Name` для объекта типа таблица `post`
--
ALTER TABLE post
ADD UNIQUE INDEX Name (Name);

--
-- Создать таблицу `departments`
--
CREATE TABLE departments (
  id int(11) UNSIGNED NOT NULL AUTO_INCREMENT,
  parent_id int(11) UNSIGNED NOT NULL DEFAULT 0,
  Name varchar(100) NOT NULL,
  Firm tinyint(1) NOT NULL DEFAULT 0,
  FP tinyint(1) NOT NULL DEFAULT 0,
  LockedUp timestamp NULL DEFAULT NULL,
  LockedBy varchar(20) DEFAULT NULL,
  RV tinyint(255) UNSIGNED DEFAULT 0,
  PRIMARY KEY (id)
)
ENGINE = INNODB,
AUTO_INCREMENT = 119,
AVG_ROW_LENGTH = 431,
CHARACTER SET utf8,
COLLATE utf8_general_ci;

--
-- Создать таблицу `users`
--
CREATE TABLE users (
  CodUser int(11) UNSIGNED NOT NULL AUTO_INCREMENT,
  CodAD int(8) DEFAULT NULL,
  LastName varchar(50) DEFAULT NULL,
  Name varchar(50) DEFAULT NULL,
  MiddleName varchar(50) DEFAULT NULL,
  FIOSummary varchar(50) NOT NULL,
  CodPost int(11) UNSIGNED NOT NULL,
  email varchar(50) DEFAULT NULL,
  additionalemail varchar(50) DEFAULT NULL,
  CodOrganization int(11) UNSIGNED NOT NULL,
  LockedUp timestamp NULL DEFAULT NULL,
  LockedBy varchar(20) DEFAULT NULL,
  RV tinyint(255) UNSIGNED DEFAULT 0,
  PRIMARY KEY (CodUser)
)
ENGINE = INNODB,
AUTO_INCREMENT = 154,
AVG_ROW_LENGTH = 125,
CHARACTER SET utf8,
COLLATE utf8_general_ci;

--
-- Создать индекс `CodAD` для объекта типа таблица `users`
--
ALTER TABLE users
ADD UNIQUE INDEX CodAD (CodAD);

--
-- Создать внешний ключ
--
ALTER TABLE users
ADD CONSTRAINT FKOrganization FOREIGN KEY (CodOrganization)
REFERENCES departments (id) ON DELETE CASCADE ON UPDATE CASCADE;

--
-- Создать внешний ключ
--
ALTER TABLE users
ADD CONSTRAINT FKPost FOREIGN KEY (CodPost)
REFERENCES post (codpost) ON UPDATE CASCADE;

--
-- Создать таблицу `workerplace`
--
CREATE TABLE workerplace (
  CodWorkerPlace int(11) UNSIGNED NOT NULL AUTO_INCREMENT,
  CodDepartment int(11) UNSIGNED NOT NULL,
  Name varchar(100) NOT NULL,
  PrimaryUser int(11) UNSIGNED DEFAULT NULL,
  InternalNumber varchar(12) DEFAULT NULL,
  Location varchar(50) DEFAULT NULL,
  warehouse tinyint(1) UNSIGNED NOT NULL DEFAULT 0,
  LockedUp timestamp NULL DEFAULT NULL,
  LockedBy varchar(20) DEFAULT NULL,
  RV tinyint(255) UNSIGNED DEFAULT 0,
  PRIMARY KEY (CodWorkerPlace)
)
ENGINE = INNODB,
AUTO_INCREMENT = 238,
AVG_ROW_LENGTH = 117,
CHARACTER SET utf8,
COLLATE utf8_general_ci;

--
-- Создать индекс `FKDivision` для объекта типа таблица `workerplace`
--
ALTER TABLE workerplace
ADD INDEX FKDivision (CodDepartment);

--
-- Создать внешний ключ
--
ALTER TABLE workerplace
ADD CONSTRAINT FKDepartment FOREIGN KEY (CodDepartment)
REFERENCES departments (id) ON DELETE CASCADE ON UPDATE CASCADE;

--
-- Создать внешний ключ
--
ALTER TABLE workerplace
ADD CONSTRAINT FK_workerplace_users_CodUser FOREIGN KEY (PrimaryUser)
REFERENCES users (coduser) ON DELETE SET NULL ON UPDATE CASCADE;

--
-- Создать таблицу `workplaceandusers`
--
CREATE TABLE workplaceandusers (
  CodWorkerPlace int(11) UNSIGNED NOT NULL,
  CodUser int(11) UNSIGNED NOT NULL
)
ENGINE = INNODB,
AVG_ROW_LENGTH = 128,
CHARACTER SET utf8,
COLLATE utf8_general_ci;

--
-- Создать внешний ключ
--
ALTER TABLE workplaceandusers
ADD CONSTRAINT FKfromUsers FOREIGN KEY (CodUser)
REFERENCES users (coduser) ON DELETE CASCADE ON UPDATE CASCADE;

--
-- Создать внешний ключ
--
ALTER TABLE workplaceandusers
ADD CONSTRAINT FKfromWP FOREIGN KEY (CodWorkerPlace)
REFERENCES workerplace (codworkerplace) ON DELETE CASCADE ON UPDATE CASCADE;

--
-- Создать таблицу `historyuseronwp`
--
CREATE TABLE historyuseronwp (
  id int(11) UNSIGNED NOT NULL AUTO_INCREMENT,
  CodUser int(11) UNSIGNED NOT NULL,
  CodWorkerPlace int(11) UNSIGNED NOT NULL,
  DateIn date DEFAULT NULL,
  DateOut date DEFAULT NULL,
  PRIMARY KEY (id)
)
ENGINE = INNODB,
AUTO_INCREMENT = 3,
AVG_ROW_LENGTH = 5461,
CHARACTER SET utf8,
COLLATE utf8_general_ci;

--
-- Создать внешний ключ
--
ALTER TABLE historyuseronwp
ADD CONSTRAINT FK_historyuseronwp_users_CodUser FOREIGN KEY (CodUser)
REFERENCES users (coduser) ON DELETE CASCADE ON UPDATE CASCADE;

--
-- Создать внешний ключ
--
ALTER TABLE historyuseronwp
ADD CONSTRAINT FK_historyuseronwp_workerplace_CodWorkerPlace FOREIGN KEY (CodWorkerPlace)
REFERENCES workerplace (codworkerplace) ON DELETE CASCADE ON UPDATE CASCADE;

--
-- Создать таблицу `tounits`
--
CREATE TABLE tounits (
  CodUser int(11) UNSIGNED NOT NULL,
  CodFilPred int(11) UNSIGNED DEFAULT NULL,
  CodDepartment int(11) UNSIGNED DEFAULT NULL
)
ENGINE = INNODB,
CHARACTER SET utf8,
COLLATE utf8_general_ci;

--
-- Создать индекс `CodUser` для объекта типа таблица `tounits`
--
ALTER TABLE tounits
ADD UNIQUE INDEX CodUser (CodUser);

--
-- Создать внешний ключ
--
ALTER TABLE tounits
ADD CONSTRAINT FKToUnitDep FOREIGN KEY (CodDepartment)
REFERENCES departments (id) ON DELETE SET NULL ON UPDATE CASCADE;

--
-- Создать внешний ключ
--
ALTER TABLE tounits
ADD CONSTRAINT FKToUnitFilPred FOREIGN KEY (CodFilPred)
REFERENCES departments (id) ON DELETE SET NULL ON UPDATE CASCADE;

--
-- Создать внешний ключ
--
ALTER TABLE tounits
ADD CONSTRAINT FKToUnitUser FOREIGN KEY (CodUser)
REFERENCES users (coduser) ON DELETE CASCADE ON UPDATE CASCADE;

--
-- Создать таблицу `tree`
--
CREATE TABLE tree (
  id int(11) UNSIGNED NOT NULL,
  parent_id int(11) UNSIGNED NOT NULL,
  level int(11) UNSIGNED NOT NULL
)
ENGINE = INNODB,
AVG_ROW_LENGTH = 224,
CHARACTER SET utf8,
COLLATE utf8_general_ci;

--
-- Создать внешний ключ
--
ALTER TABLE tree
ADD CONSTRAINT FKDepartments FOREIGN KEY (id)
REFERENCES departments (id) ON DELETE CASCADE ON UPDATE CASCADE;

--
-- Создать таблицу `typedevice`
--
CREATE TABLE typedevice (
  CodTypeDevice int(11) UNSIGNED NOT NULL AUTO_INCREMENT,
  IconPath varchar(255) DEFAULT NULL,
  Name varchar(100) NOT NULL,
  Type tinyint(1) NOT NULL,
  PRIMARY KEY (CodTypeDevice)
)
ENGINE = INNODB,
AUTO_INCREMENT = 37,
AVG_ROW_LENGTH = 468,
CHARACTER SET utf8,
COLLATE utf8_general_ci;

--
-- Создать таблицу `statedev`
--
CREATE TABLE statedev (
  CodState int(11) UNSIGNED NOT NULL AUTO_INCREMENT,
  Name varchar(20) NOT NULL,
  PRIMARY KEY (CodState)
)
ENGINE = INNODB,
AUTO_INCREMENT = 8,
AVG_ROW_LENGTH = 2340,
CHARACTER SET utf8,
COLLATE utf8_general_ci;

--
-- Создать индекс `Name` для объекта типа таблица `statedev`
--
ALTER TABLE statedev
ADD UNIQUE INDEX Name (Name);

--
-- Создать таблицу `producer`
--
CREATE TABLE producer (
  CodProducer int(11) UNSIGNED NOT NULL AUTO_INCREMENT,
  Name varchar(100) NOT NULL,
  www varchar(255) DEFAULT NULL,
  Note varchar(255) DEFAULT NULL,
  LockedUp timestamp NULL DEFAULT NULL,
  LockedBy varchar(20) DEFAULT NULL,
  RV tinyint(255) UNSIGNED DEFAULT 0,
  PRIMARY KEY (CodProducer)
)
ENGINE = INNODB,
AUTO_INCREMENT = 50,
AVG_ROW_LENGTH = 334,
CHARACTER SET utf8,
COLLATE utf8_general_ci;

--
-- Создать таблицу `po`
--
CREATE TABLE po (
  CodPO int(11) UNSIGNED NOT NULL AUTO_INCREMENT,
  CodGroupPO int(11) UNSIGNED NOT NULL DEFAULT 0,
  Name varchar(100) NOT NULL,
  isGroup tinyint(1) NOT NULL DEFAULT 0,
  CodProducer int(11) UNSIGNED DEFAULT NULL,
  Note varchar(255) DEFAULT NULL,
  Ico varchar(255) DEFAULT NULL,
  PRIMARY KEY (CodPO)
)
ENGINE = INNODB,
AUTO_INCREMENT = 75,
AVG_ROW_LENGTH = 819,
CHARACTER SET utf8,
COLLATE utf8_general_ci;

--
-- Создать индекс `FK_po_typePO_CodTypePO` для объекта типа таблица `po`
--
ALTER TABLE po
ADD INDEX FK_po_typePO_CodTypePO (CodGroupPO);

--
-- Создать внешний ключ
--
ALTER TABLE po
ADD CONSTRAINT FK_po_producer_CodProducer FOREIGN KEY (CodProducer)
REFERENCES producer (codproducer) ON UPDATE CASCADE;

--
-- Создать таблицу `potree`
--
CREATE TABLE potree (
  id int(11) UNSIGNED NOT NULL,
  parent_id int(11) UNSIGNED NOT NULL,
  level int(11) UNSIGNED NOT NULL
)
ENGINE = INNODB,
AVG_ROW_LENGTH = 372,
CHARACTER SET utf8,
COLLATE utf8_general_ci;

--
-- Создать внешний ключ
--
ALTER TABLE potree
ADD CONSTRAINT FK_potree_po_CodPO FOREIGN KEY (id)
REFERENCES po (codpo) ON DELETE CASCADE ON UPDATE CASCADE;

--
-- Создать таблицу `domainwg`
--
CREATE TABLE domainwg (
  CodDomainWg int(11) UNSIGNED NOT NULL AUTO_INCREMENT,
  Name varchar(15) NOT NULL,
  PRIMARY KEY (CodDomainWg)
)
ENGINE = INNODB,
AUTO_INCREMENT = 8,
AVG_ROW_LENGTH = 3276,
CHARACTER SET utf8,
COLLATE utf8_general_ci;

--
-- Создать индекс `Name` для объекта типа таблица `domainwg`
--
ALTER TABLE domainwg
ADD UNIQUE INDEX Name (Name);

--
-- Создать таблицу `networkdata`
--
CREATE TABLE networkdata (
  CodNetworkData int(11) UNSIGNED NOT NULL AUTO_INCREMENT,
  CodWorkerPlace int(11) UNSIGNED NOT NULL,
  Name varchar(20) NOT NULL,
  CodDomainWg int(11) UNSIGNED NOT NULL,
  PRIMARY KEY (CodNetworkData)
)
ENGINE = INNODB,
AUTO_INCREMENT = 7,
AVG_ROW_LENGTH = 5461,
CHARACTER SET utf8,
COLLATE utf8_general_ci;

--
-- Создать индекс `FKMask` для объекта типа таблица `networkdata`
--
ALTER TABLE networkdata
ADD INDEX FKMask (CodDomainWg);

--
-- Создать индекс `Name` для объекта типа таблица `networkdata`
--
ALTER TABLE networkdata
ADD UNIQUE INDEX Name (Name);

--
-- Создать внешний ключ
--
ALTER TABLE networkdata
ADD CONSTRAINT FKWPNetwork FOREIGN KEY (CodWorkerPlace)
REFERENCES workerplace (codworkerplace) ON DELETE CASCADE ON UPDATE CASCADE;

--
-- Создать внешний ключ
--
ALTER TABLE networkdata
ADD CONSTRAINT FK_networkdata_domainwg_CodDomainWg FOREIGN KEY (CodDomainWg)
REFERENCES domainwg (coddomainwg) ON UPDATE CASCADE;

--
-- Создать таблицу `networkinterface`
--
CREATE TABLE networkinterface (
  CodNetworkInterface int(11) UNSIGNED NOT NULL AUTO_INCREMENT,
  CodNetworkData int(11) UNSIGNED NOT NULL,
  Name varchar(100) NOT NULL,
  IP varchar(15) DEFAULT NULL,
  Mask varchar(15) DEFAULT NULL,
  Gate varchar(15) DEFAULT NULL,
  DNS varchar(100) DEFAULT NULL,
  WINS varchar(100) DEFAULT NULL,
  AutoIP tinyint(1) NOT NULL DEFAULT 1,
  AutoDNS tinyint(1) NOT NULL DEFAULT 1,
  AutoWINS tinyint(1) NOT NULL DEFAULT 1,
  PRIMARY KEY (CodNetworkInterface)
)
ENGINE = INNODB,
AUTO_INCREMENT = 5,
AVG_ROW_LENGTH = 5461,
CHARACTER SET utf8,
COLLATE utf8_general_ci;

--
-- Создать внешний ключ
--
ALTER TABLE networkinterface
ADD CONSTRAINT FK_networkinterface_networkdata_CodNetworkData FOREIGN KEY (CodNetworkData)
REFERENCES networkdata (codnetworkdata) ON DELETE CASCADE ON UPDATE CASCADE;

--
-- Создать таблицу `typelicense`
--
CREATE TABLE typelicense (
  CodTypeLicense int(11) UNSIGNED NOT NULL AUTO_INCREMENT,
  Name varchar(100) NOT NULL,
  PRIMARY KEY (CodTypeLicense)
)
ENGINE = INNODB,
AUTO_INCREMENT = 6,
AVG_ROW_LENGTH = 4096,
CHARACTER SET utf8,
COLLATE utf8_general_ci;

--
-- Создать таблицу `statepo`
--
CREATE TABLE statepo (
  CodStatePO int(11) UNSIGNED NOT NULL AUTO_INCREMENT,
  Name varchar(100) NOT NULL,
  PRIMARY KEY (CodStatePO)
)
ENGINE = INNODB,
AUTO_INCREMENT = 4,
AVG_ROW_LENGTH = 5461,
CHARACTER SET utf8,
COLLATE utf8_general_ci;

--
-- Создать таблицу `provider`
--
CREATE TABLE provider (
  CodProvider int(11) UNSIGNED NOT NULL AUTO_INCREMENT,
  Name varchar(100) NOT NULL,
  Adress varchar(150) DEFAULT NULL,
  Fax varchar(20) DEFAULT NULL,
  Phone varchar(20) DEFAULT NULL,
  email varchar(100) DEFAULT NULL,
  www varchar(255) DEFAULT NULL,
  LockedUp timestamp NULL DEFAULT NULL,
  LockedBy varchar(20) DEFAULT NULL,
  RV tinyint(255) UNSIGNED DEFAULT 0,
  PRIMARY KEY (CodProvider)
)
ENGINE = INNODB,
AUTO_INCREMENT = 6,
AVG_ROW_LENGTH = 4096,
CHARACTER SET utf8,
COLLATE utf8_general_ci;

--
-- Создать таблицу `device`
--
CREATE TABLE device (
  id int(11) UNSIGNED NOT NULL AUTO_INCREMENT,
  parent_id int(11) UNSIGNED NOT NULL DEFAULT 0,
  CodOrganization int(11) UNSIGNED NOT NULL,
  CodWorkerPlace int(11) UNSIGNED NOT NULL,
  CodTypeDevice int(11) UNSIGNED NOT NULL,
  Name varchar(150) NOT NULL,
  InventoryN varchar(50) DEFAULT NULL,
  SerialN varchar(50) DEFAULT NULL,
  CodProvider int(11) UNSIGNED DEFAULT NULL,
  CodProducer int(11) UNSIGNED DEFAULT NULL,
  DatePurchase date DEFAULT NULL,
  DatePosting date DEFAULT NULL,
  EndGuarantee date DEFAULT NULL,
  Price double(9, 2) UNSIGNED DEFAULT NULL,
  CodState int(11) UNSIGNED NOT NULL,
  Note varchar(255) DEFAULT NULL,
  Type tinyint(1) NOT NULL,
  LockedUp timestamp NULL DEFAULT NULL,
  LockedBy varchar(20) DEFAULT NULL,
  RV tinyint(255) UNSIGNED DEFAULT 0,
  PRIMARY KEY (id)
)
ENGINE = INNODB,
AUTO_INCREMENT = 1697,
AVG_ROW_LENGTH = 106,
CHARACTER SET utf8,
COLLATE utf8_general_ci;

--
-- Создать внешний ключ
--
ALTER TABLE device
ADD CONSTRAINT FK_device_departments_id FOREIGN KEY (CodOrganization)
REFERENCES departments (id) ON DELETE CASCADE ON UPDATE CASCADE;

--
-- Создать внешний ключ
--
ALTER TABLE device
ADD CONSTRAINT FK_device_producer_CodProducer FOREIGN KEY (CodProducer)
REFERENCES producer (codproducer) ON UPDATE CASCADE;

--
-- Создать внешний ключ
--
ALTER TABLE device
ADD CONSTRAINT FK_device_provider_CodProvider FOREIGN KEY (CodProvider)
REFERENCES provider (codprovider) ON UPDATE CASCADE;

--
-- Создать внешний ключ
--
ALTER TABLE device
ADD CONSTRAINT FK_device_statedev_CodState FOREIGN KEY (CodState)
REFERENCES statedev (codstate);

--
-- Создать внешний ключ
--
ALTER TABLE device
ADD CONSTRAINT FK_device_typedevice_CodTypeDevice FOREIGN KEY (CodTypeDevice)
REFERENCES typedevice (codtypedevice) ON UPDATE CASCADE;

--
-- Создать внешний ключ
--
ALTER TABLE device
ADD CONSTRAINT FK_device_workerplace_CodWorkerPlace FOREIGN KEY (CodWorkerPlace)
REFERENCES workerplace (codworkerplace) ON DELETE CASCADE ON UPDATE CASCADE;

--
-- Создать таблицу `licenses`
--
CREATE TABLE licenses (
  `key` int(11) UNSIGNED NOT NULL AUTO_INCREMENT,
  CodDevice int(11) UNSIGNED DEFAULT NULL,
  CodWorkerPlace int(11) UNSIGNED NOT NULL,
  CodPO int(11) UNSIGNED NOT NULL,
  RegName varchar(100) DEFAULT NULL,
  RegKey varchar(255) DEFAULT NULL,
  RegMail varchar(100) DEFAULT NULL,
  KolLicense int(11) NOT NULL DEFAULT 0,
  InvN varchar(100) DEFAULT NULL,
  VersionN varchar(100) DEFAULT NULL,
  CodProvider int(11) UNSIGNED DEFAULT NULL,
  DatePurchase date DEFAULT NULL,
  DateEndLicense date DEFAULT NULL,
  Price double(9, 2) UNSIGNED DEFAULT NULL,
  CodTypeLicense int(11) UNSIGNED NOT NULL,
  CodStatePO int(11) UNSIGNED NOT NULL,
  Note varchar(255) DEFAULT NULL,
  LockedUp timestamp NULL DEFAULT NULL,
  LockedBy varchar(20) DEFAULT NULL,
  RV tinyint(255) UNSIGNED DEFAULT 0,
  PRIMARY KEY (`key`)
)
ENGINE = INNODB,
AUTO_INCREMENT = 138,
AVG_ROW_LENGTH = 130,
CHARACTER SET utf8,
COLLATE utf8_general_ci;

--
-- Создать индекс `FK_listpo_orgtexandhardware_id` для объекта типа таблица `licenses`
--
ALTER TABLE licenses
ADD INDEX FK_listpo_orgtexandhardware_id (CodDevice);

--
-- Создать индекс `FKWorkerPlaceListPO` для объекта типа таблица `licenses`
--
ALTER TABLE licenses
ADD INDEX FKWorkerPlaceListPO (CodWorkerPlace);

--
-- Создать внешний ключ
--
ALTER TABLE licenses
ADD CONSTRAINT FKPO FOREIGN KEY (CodPO)
REFERENCES po (codpo) ON UPDATE CASCADE;

--
-- Создать внешний ключ
--
ALTER TABLE licenses
ADD CONSTRAINT FK_licenses_device_id FOREIGN KEY (CodDevice)
REFERENCES device (id) ON DELETE SET NULL ON UPDATE CASCADE;

--
-- Создать внешний ключ
--
ALTER TABLE licenses
ADD CONSTRAINT FK_listpo_provider_CodProvider FOREIGN KEY (CodProvider)
REFERENCES provider (codprovider) ON UPDATE CASCADE;

--
-- Создать внешний ключ
--
ALTER TABLE licenses
ADD CONSTRAINT FK_listpo_statePO_CodStatePO FOREIGN KEY (CodStatePO)
REFERENCES statepo (codstatepo) ON UPDATE CASCADE;

--
-- Создать внешний ключ
--
ALTER TABLE licenses
ADD CONSTRAINT FK_listpo_typelicense_CodTypeLicense FOREIGN KEY (CodTypeLicense)
REFERENCES typelicense (codtypelicense) ON UPDATE CASCADE;

--
-- Создать внешний ключ
--
ALTER TABLE licenses
ADD CONSTRAINT FK_listpo_workerplace_CodWorkerPlace FOREIGN KEY (CodWorkerPlace)
REFERENCES workerplace (codworkerplace) ON DELETE CASCADE ON UPDATE CASCADE;

--
-- Создать таблицу `devtree`
--
CREATE TABLE devtree (
  id int(11) UNSIGNED NOT NULL,
  parent_id int(11) UNSIGNED NOT NULL,
  level int(11) NOT NULL
)
ENGINE = INNODB,
AVG_ROW_LENGTH = 50,
CHARACTER SET utf8,
COLLATE utf8_general_ci;

--
-- Создать внешний ключ
--
ALTER TABLE devtree
ADD CONSTRAINT FK_devtree_device_id FOREIGN KEY (id)
REFERENCES device (id) ON DELETE CASCADE ON UPDATE CASCADE;

--
-- Создать таблицу `logintype`
--
CREATE TABLE logintype (
  CodLoginType int(11) UNSIGNED NOT NULL AUTO_INCREMENT,
  Name varchar(50) NOT NULL,
  PRIMARY KEY (CodLoginType)
)
ENGINE = INNODB,
AUTO_INCREMENT = 8,
AVG_ROW_LENGTH = 16384,
CHARACTER SET utf8,
COLLATE utf8_general_ci;

--
-- Создать индекс `Name` для объекта типа таблица `logintype`
--
ALTER TABLE logintype
ADD UNIQUE INDEX Name (Name);

--
-- Создать таблицу `loginpass`
--
CREATE TABLE loginpass (
  `key` int(11) UNSIGNED NOT NULL AUTO_INCREMENT,
  CodLoginPass int(11) UNSIGNED NOT NULL,
  CodLoginType int(11) UNSIGNED NOT NULL,
  Login varchar(20) NOT NULL,
  Pass varchar(20) DEFAULT NULL,
  Note varchar(50) DEFAULT NULL,
  PRIMARY KEY (`key`)
)
ENGINE = INNODB,
AUTO_INCREMENT = 8,
AVG_ROW_LENGTH = 16384,
CHARACTER SET utf8,
COLLATE utf8_general_ci;

--
-- Создать внешний ключ
--
ALTER TABLE loginpass
ADD CONSTRAINT FKCodLoginType FOREIGN KEY (CodLoginType)
REFERENCES logintype (codlogintype) ON UPDATE CASCADE;

--
-- Создать внешний ключ
--
ALTER TABLE loginpass
ADD CONSTRAINT FKCodUser FOREIGN KEY (CodLoginPass)
REFERENCES users (coduser) ON DELETE CASCADE ON UPDATE CASCADE;

--
-- Создать таблицу `typenumber`
--
CREATE TABLE typenumber (
  CodTypeNumber int(11) UNSIGNED NOT NULL AUTO_INCREMENT,
  Name varchar(50) NOT NULL,
  PRIMARY KEY (CodTypeNumber)
)
ENGINE = INNODB,
AUTO_INCREMENT = 5,
AVG_ROW_LENGTH = 4096,
CHARACTER SET utf8,
COLLATE utf8_general_ci;

--
-- Создать индекс `Name` для объекта типа таблица `typenumber`
--
ALTER TABLE typenumber
ADD UNIQUE INDEX Name (Name);

--
-- Создать таблицу `listnumber`
--
CREATE TABLE listnumber (
  `key` int(11) UNSIGNED NOT NULL AUTO_INCREMENT,
  CodUser int(11) UNSIGNED NOT NULL,
  CodTypeNumber int(11) UNSIGNED NOT NULL,
  Number varchar(20) NOT NULL,
  Note varchar(50) DEFAULT NULL,
  PRIMARY KEY (`key`)
)
ENGINE = INNODB,
AUTO_INCREMENT = 3,
AVG_ROW_LENGTH = 16384,
CHARACTER SET utf8,
COLLATE utf8_general_ci;

--
-- Создать внешний ключ
--
ALTER TABLE listnumber
ADD CONSTRAINT FKTypeNumber FOREIGN KEY (CodTypeNumber)
REFERENCES typenumber (codtypenumber) ON UPDATE CASCADE;

--
-- Создать внешний ключ
--
ALTER TABLE listnumber
ADD CONSTRAINT FKUsers FOREIGN KEY (CodUser)
REFERENCES users (coduser) ON DELETE CASCADE ON UPDATE CASCADE;

--
-- Создать таблицу `cause`
--
CREATE TABLE cause (
  CodCause int(11) UNSIGNED NOT NULL AUTO_INCREMENT,
  Name varchar(50) NOT NULL,
  PRIMARY KEY (CodCause)
)
ENGINE = INNODB,
AUTO_INCREMENT = 15,
AVG_ROW_LENGTH = 1092,
CHARACTER SET utf8,
COLLATE utf8_general_ci;

--
-- Создать индекс `Name` для объекта типа таблица `cause`
--
ALTER TABLE cause
ADD UNIQUE INDEX Name (Name);

--
-- Создать таблицу `historymoved`
--
CREATE TABLE historymoved (
  id int(11) UNSIGNED NOT NULL AUTO_INCREMENT,
  CodMovedDevice int(11) UNSIGNED DEFAULT NULL,
  CodMovedLicense int(11) UNSIGNED DEFAULT NULL,
  DateMoved datetime NOT NULL,
  OldPlace varchar(255) NOT NULL,
  NewPlace varchar(255) NOT NULL,
  CodCause int(11) UNSIGNED NOT NULL,
  CodPerformer int(11) UNSIGNED DEFAULT NULL,
  Note varchar(255) DEFAULT NULL,
  TypeHistory tinyint(1) NOT NULL DEFAULT 0,
  InventoryN varchar(50) DEFAULT NULL,
  CodOldPlace int(11) UNSIGNED DEFAULT NULL,
  CodNewPlace int(11) UNSIGNED DEFAULT NULL,
  PRIMARY KEY (id)
)
ENGINE = INNODB,
AUTO_INCREMENT = 134,
AVG_ROW_LENGTH = 358,
CHARACTER SET utf8,
COLLATE utf8_general_ci;

--
-- Создать внешний ключ
--
ALTER TABLE historymoved
ADD CONSTRAINT FK_historydevicemoved_cause_CodCause FOREIGN KEY (CodCause)
REFERENCES cause (codcause) ON UPDATE CASCADE;

--
-- Создать внешний ключ
--
ALTER TABLE historymoved
ADD CONSTRAINT FK_historymoved_device_id FOREIGN KEY (CodMovedDevice)
REFERENCES device (id) ON DELETE CASCADE ON UPDATE CASCADE;

--
-- Создать внешний ключ
--
ALTER TABLE historymoved
ADD CONSTRAINT FK_historymoved_licenses_key FOREIGN KEY (CodMovedLicense)
REFERENCES licenses (`key`) ON DELETE CASCADE ON UPDATE CASCADE;

--
-- Создать внешний ключ
--
ALTER TABLE historymoved
ADD CONSTRAINT FK_historymoved_users_CodUser FOREIGN KEY (CodPerformer)
REFERENCES users (coduser) ON DELETE SET NULL ON UPDATE CASCADE;

--
-- Создать внешний ключ
--
ALTER TABLE historymoved
ADD CONSTRAINT FK_historymoved_workerplace_CodWorkerPlace FOREIGN KEY (CodOldPlace)
REFERENCES workerplace (codworkerplace) ON DELETE SET NULL ON UPDATE CASCADE;

--
-- Создать внешний ключ
--
ALTER TABLE historymoved
ADD CONSTRAINT FK_historymoved_workerplace_CodWorkerPlace2 FOREIGN KEY (CodNewPlace)
REFERENCES workerplace (codworkerplace) ON DELETE SET NULL ON UPDATE CASCADE;

--
-- Создать таблицу `lockreferencebook`
--
CREATE TABLE lockreferencebook (
  id int(11) UNSIGNED NOT NULL AUTO_INCREMENT,
  Name varchar(20) NOT NULL,
  LockedUp timestamp NULL DEFAULT NULL,
  LockedBy varchar(20) DEFAULT NULL,
  PRIMARY KEY (id)
)
ENGINE = INNODB,
AUTO_INCREMENT = 33,
CHARACTER SET utf8,
COLLATE utf8_general_ci;

--
-- Создать таблицу `gate`
--
CREATE TABLE gate (
  CodGate int(11) UNSIGNED NOT NULL AUTO_INCREMENT,
  Name varchar(15) NOT NULL,
  PRIMARY KEY (CodGate)
)
ENGINE = INNODB,
AVG_ROW_LENGTH = 16384,
CHARACTER SET utf8,
COLLATE utf8_general_ci;

--
-- Создать индекс `Name` для объекта типа таблица `gate`
--
ALTER TABLE gate
ADD UNIQUE INDEX Name (Name);

-- 
-- Вывод данных для таблицы post
--
INSERT INTO post VALUES
(16, 'Бухгалтер'),
(34, 'Ведущий специалист отдела организации труда и заработной платы'),
(87, 'Ведущий специалист отдела продаж'),
(82, 'Ведущий специалист по медодам расширения рынков сбыта'),
(50, 'Ведущий специалист по снабжению'),
(51, 'Ведущий специалист сектора импортных закупок'),
(72, 'Вице-президент'),
(17, 'Гл. Бухгалтер'),
(71, 'Гл. Инженер'),
(23, 'Гл. Метролог'),
(27, 'Гл. Механик'),
(68, 'Гл. Экономист'),
(26, 'Гл. Энергетик'),
(81, 'Дизайнер'),
(13, 'Директор'),
(79, 'Директор донецкого филиала'),
(95, 'Директор по безопастности'),
(56, 'Директор по производству'),
(69, 'Директор по финансам'),
(93, 'Директор ТД'),
(42, 'Заведующий канцелярией'),
(47, 'Заведующий складом'),
(18, 'Зам. Гл. Бухгалтера'),
(80, 'Зам. Гл. Бухгалтера донецкого филиала'),
(21, 'Зам. Гл. Инженера'),
(19, 'Зам. Гл. Метролога'),
(92, 'Зам. Директора'),
(14, 'Зам. директора по безопастности'),
(76, 'Зам. директора по продажам'),
(74, 'Зам. нач. юр. отдела'),
(89, 'Инженер по компьютерным системам'),
(43, 'Инженер по охране окружающей среды'),
(44, 'Инженер по стандартизации'),
(20, 'Инженер-конструктор'),
(29, 'Инженер-лаборатории'),
(91, 'Инженер-программист'),
(45, 'Инженер-технолог'),
(59, 'Инженер-электронщик'),
(22, 'Инженер-энергетик'),
(48, 'Кладовщик'),
(96, 'Мастер'),
(24, 'Мастер по ремонту устройств и аппаратов'),
(75, 'Менеджер по вопросам регионального развития'),
(94, 'Менеджер по кадрам'),
(84, 'Менеджер по маркетингу'),
(77, 'Менеджер по сбыту'),
(55, 'Механик'),
(31, 'Начальник исследовательского центра'),
(88, 'Начальник клиент-сервиса'),
(66, 'Начальник отдела аналитики'),
(90, 'Начальник отдела ИТ'),
(35, 'Начальник отдела кадров'),
(83, 'Начальник отдела маркетинга'),
(33, 'Начальник отдела организации труда и заработной платы'),
(86, 'Начальник отдела по работе с клиентами'),
(70, 'Начальник отдела сбыта'),
(52, 'Начальник отдела снабжения'),
(30, 'Начальник отдела стратегических исследований и разработок'),
(36, 'Начальник отдела технического контроля'),
(64, 'Начальник планово-экономического отдела'),
(53, 'Начальник сектора таможенного оформления'),
(37, 'Начальник службы охраны труда'),
(60, 'Начальник участка наполнения'),
(57, 'Начальник хоз. службы'),
(62, 'Начальник цеха'),
(28, 'Начальник энерго-механического участка'),
(78, 'Оператор обработки транспортных документов'),
(63, 'Оператор производственной линии'),
(38, 'Подрядчик'),
(39, 'Помошник вице-президента'),
(40, 'Секретарь'),
(41, 'Секретарь-референт'),
(97, 'Системный администратор'),
(25, 'Слесарь контрольно измерительных приборов'),
(67, 'Специалист отдела аналитики'),
(15, 'Специалист по безопастности'),
(32, 'Специалист по логистике'),
(85, 'Специалист по работе с клиентами'),
(49, 'Специалист по снабжению'),
(54, 'Специалист сектора таможенного оформления'),
(46, 'Старший инженер по стандартизации'),
(58, 'Старший механик'),
(61, 'Табельщик'),
(65, 'Экономист'),
(73, 'Юристконсульт');

-- 
-- Вывод данных для таблицы departments
--
INSERT INTO departments VALUES
(74, 0, 'ЗАО "Рога и копыта"', 1, 0, NULL, NULL, 2),
(75, 74, 'Администрация', 0, 0, NULL, NULL, 0),
(76, 74, 'Безопасность', 0, 0, NULL, NULL, 0),
(77, 74, 'Бухгалтерия', 0, 0, NULL, NULL, 0),
(78, 74, 'Гл.Инженер', 0, 0, NULL, NULL, 0),
(79, 74, 'Лаборатория', 0, 0, NULL, NULL, 0),
(80, 74, 'Логистика', 0, 0, NULL, NULL, 0),
(81, 74, 'ОтделКадров', 0, 0, NULL, NULL, 0),
(82, 74, 'ОТК', 0, 0, NULL, NULL, 0),
(83, 74, 'ОхранаТруда', 0, 0, NULL, NULL, 0),
(84, 74, 'Приемная', 0, 0, NULL, NULL, 0),
(85, 74, 'ПТО', 0, 0, NULL, NULL, 0),
(86, 74, 'Склад', 0, 0, NULL, NULL, 0),
(87, 74, 'Снабжение', 0, 0, NULL, NULL, 0),
(88, 74, 'Таможня', 0, 0, NULL, NULL, 0),
(89, 74, 'Уч.Автотранспорта', 0, 0, NULL, NULL, 0),
(90, 74, 'Уч.Алюминиевого Балона', 0, 0, NULL, NULL, 0),
(91, 74, 'Хоз.Служба', 0, 0, NULL, NULL, 0),
(92, 74, 'Цех', 0, 0, NULL, NULL, 0),
(93, 74, 'Экономический', 0, 0, NULL, NULL, 0),
(94, 74, 'ЮрОтдел', 0, 0, NULL, NULL, 0),
(95, 0, 'ООО " Торговый дом"', 1, 0, NULL, NULL, 1),
(96, 95, 'Филиал в чебоксарах', 0, 1, '2018-08-15 12:37:42', 'root', 1),
(97, 95, 'Администрация', 0, 0, NULL, NULL, 0),
(98, 95, 'Бухгалтерия', 0, 0, NULL, NULL, 0),
(99, 95, 'Маркетинг', 0, 0, NULL, NULL, 0),
(100, 95, 'ОтделПродаж', 0, 0, NULL, NULL, 0),
(101, 74, 'ИТ Отдел', 0, 0, NULL, NULL, 0),
(102, 74, 'ТД Маркетинг', 0, 0, NULL, NULL, 0),
(103, 74, 'Охрана', 0, 0, NULL, NULL, 0),
(104, 74, 'ТД ОтделПродаж', 0, 0, NULL, NULL, 0),
(105, 74, 'ТД донецкий филиал', 0, 0, NULL, NULL, 0),
(106, 74, 'ТД Администрация', 0, 0, NULL, NULL, 0),
(107, 95, 'Приёмная', 0, 0, NULL, NULL, 1),
(108, 74, 'Контрактное производство', 0, 0, NULL, NULL, 0),
(109, 74, 'Таганрог', 0, 0, NULL, NULL, 0),
(111, 95, 'Таганрог', 0, 0, NULL, NULL, 0),
(118, 96, 'Бухгалтерия', 0, 0, NULL, NULL, 1);

-- 
-- Вывод данных для таблицы users
--
INSERT INTO users VALUES
(19, NULL, 'Сагунов', 'Юрий', '', 'Сагунов Ю.', 15, '', '', 74, NULL, NULL, 0),
(20, NULL, 'Талашова', 'Анжела', '', 'Талашова А.', 16, '', '', 74, NULL, NULL, 0),
(21, NULL, 'Аксенова', 'Виктория', '', 'Аксенова В.', 17, '', '', 74, NULL, NULL, 0),
(22, NULL, 'Воробьев', 'Максим', '', 'Воробьев М.', 16, '', '', 74, NULL, NULL, 0),
(23, NULL, 'Славянская', 'Наталья', '', 'Славянская Н.', 16, '', '', 74, NULL, NULL, 0),
(24, NULL, 'Малеваная', 'Ольга', '', 'Малеваная О.', 18, '', '', 74, NULL, NULL, 0),
(25, NULL, 'Тринька', 'Светлана', '', 'Тринька С.', 16, '', '', 74, NULL, NULL, 0),
(26, NULL, 'Горбатко', 'Татьяна', '', 'Горбатко Т.', 16, '', '', 74, NULL, NULL, 0),
(27, NULL, 'Здоровец', 'Юлия', '', 'Здоровец Ю.', 16, '', '', 74, NULL, NULL, 0),
(28, NULL, 'Краснянский', 'Александр', '', 'Краснянский А.', 19, '', '', 74, NULL, NULL, 0),
(29, NULL, 'Савоник', 'Антон', '', 'Савоник А.', 20, '', '', 74, NULL, NULL, 0),
(30, NULL, 'Сорокина', 'Виктория', '', 'Сорокина В.', 21, '', '', 74, NULL, NULL, 0),
(31, NULL, 'Морозовская', 'Ирина', '', 'Морозовская И.', 22, '', '', 74, NULL, NULL, 2),
(32, NULL, 'Захаренко', 'Константин', '', 'Захаренко К.', 23, '', '', 74, NULL, NULL, 0),
(33, NULL, 'Дунайцев', 'Павел', '', 'Дунайцев П.', 24, '', '', 74, NULL, NULL, 0),
(34, NULL, 'Иванюшина', 'Светлана', '', 'Иванюшина С.', 25, '', '', 74, NULL, NULL, 0),
(35, NULL, 'Дмитренко', 'Сергей', '', 'Дмитренко С.', 26, '', '', 74, NULL, NULL, 0),
(36, NULL, 'Лукьянец', 'Сергей', '', 'Лукьянец С.', 27, '', '', 74, NULL, NULL, 0),
(37, NULL, 'Марченко', 'Сергей', '', 'Марченко С.', 28, '', '', 74, NULL, NULL, 0),
(38, NULL, 'Сапронова', 'Анастасия', '', 'Сапронова А.', 29, '', '', 74, NULL, NULL, 0),
(39, NULL, 'Малыш', 'Артем', '', 'Малыш А.', 29, '', '', 74, NULL, NULL, 0),
(40, NULL, 'Беланов', 'Дмитрий', '', 'Беланов Д.', 30, '', '', 74, NULL, NULL, 0),
(41, NULL, 'Шершенюк', 'Иван', '', 'Шершенюк И.', 31, '', '', 74, NULL, NULL, 0),
(42, NULL, 'Свида', 'Марина', '', 'Свида М.', 29, '', '', 74, NULL, NULL, 0),
(43, NULL, 'Книга', 'Сергей', '', 'Книга С.', 29, '', '', 74, NULL, NULL, 0),
(44, NULL, 'Зайцева', 'Юлия', '', 'Зайцева Ю.', 29, '', '', 74, NULL, NULL, 0),
(45, NULL, 'Цимбаленко', 'Андрей', '', 'Цимбаленко А.', 32, '', '', 74, NULL, NULL, 0),
(46, NULL, 'Ширяев', 'Вадим', '', 'Ширяев В.', 32, '', '', 74, NULL, NULL, 0),
(47, NULL, 'Кубрак', 'Евгений', '', 'Кубрак Е.', 33, '', '', 74, NULL, NULL, 0),
(48, NULL, 'Полякова', 'Лариса', '', 'Полякова Л.', 34, '', '', 74, NULL, NULL, 0),
(49, NULL, 'Комина', 'Мария', '', 'Комина М.', 35, '', '', 74, NULL, NULL, 0),
(50, NULL, 'Яцкевич', 'Ирина', '', 'Яцкевич И.', 36, '', '', 74, NULL, NULL, 0),
(51, NULL, 'Тарасюк', 'Инна', 'Павловна', 'Тарасюк И.П.', 37, '', '', 74, NULL, NULL, 0),
(52, NULL, 'Суханова', 'Лариса', '', 'Суханова Л.', 38, '', '', 74, NULL, NULL, 0),
(53, NULL, 'Кузнецова', 'Алеся', '', 'Кузнецова А.', 39, '', '', 74, NULL, NULL, 0),
(54, NULL, 'Филипповская', 'Наталья', '', 'Филипповская Н.', 40, '', '', 74, NULL, NULL, 0),
(55, NULL, 'Маренкова', 'Юлия', '', 'Маренкова Ю.', 41, '', '', 74, NULL, NULL, 0),
(56, NULL, 'Девяткина', 'Ярослава', '', 'Девяткина Я.', 42, '', '', 74, NULL, NULL, 0),
(57, NULL, 'Дмитриева', 'Анастасия', '', 'Дмитриева А.', 43, '', '', 74, NULL, NULL, 0),
(58, NULL, 'Тишечкина', 'Вера', '', 'Тишечкина В.', 44, '', '', 74, NULL, NULL, 0),
(59, NULL, 'Стефурак', 'Марина', '', 'Стефурак М.', 45, '', '', 74, NULL, NULL, 0),
(60, NULL, 'Гордиенко', 'Татьяна', '', 'Гордиенко Т.', 46, '', '', 74, NULL, NULL, 0),
(61, NULL, 'Железняк', 'Виктория', '', 'Железняк В.', 47, '', '', 74, NULL, NULL, 0),
(62, NULL, 'Махмудова', 'Людмила', '', 'Махмудова Л.', 48, '', '', 74, NULL, NULL, 0),
(63, NULL, 'Свитюха', 'Александр', '', 'Свитюха А.', 49, '', '', 74, NULL, NULL, 0),
(64, NULL, 'Чебан', 'Александр', '', 'Чебан А.', 49, '', '', 74, NULL, NULL, 1),
(65, NULL, 'Паллон', 'Дмитрий', '', 'Паллон Д.', 50, '', '', 74, NULL, NULL, 0),
(66, NULL, 'Степанова', 'Елена', '', 'Степанова Е.', 51, '', '', 74, NULL, NULL, 0),
(67, NULL, 'Сандулова', 'Лариса', '', 'Сандулова Л.', 50, '', '', 74, NULL, NULL, 0),
(68, NULL, 'Фомина', 'Лариса', '', 'Фомина Л.', 50, '', '', 74, NULL, NULL, 0),
(69, NULL, 'Радченко', 'Эдуард', '', 'Радченко Э.', 52, '', '', 74, NULL, NULL, 0),
(70, NULL, 'Ростовская', 'Надежда', '', 'Ростовская Н.', 53, '', '', 74, NULL, NULL, 0),
(71, NULL, 'Кизилова', 'Юлия', '', 'Кизилова Ю.', 54, '', '', 74, NULL, NULL, 0),
(72, NULL, 'Васильков', 'Алексей', '', 'Васильков А.', 55, '', '', 74, NULL, NULL, 0),
(73, NULL, 'Онищенко', 'Елена', '', 'Онищенко Е.', 45, '', '', 74, NULL, NULL, 0),
(74, NULL, 'Ганноченко', 'Сергей', '', 'Ганноченко С.', 56, '', '', 74, NULL, NULL, 0),
(75, NULL, 'Молодикова', 'Любовь', '', 'Молодикова Л.', 57, '', '', 74, NULL, NULL, 0),
(76, NULL, 'Самойлов', 'Андрей', '', 'Самойлов А.', 58, '', '', 74, NULL, NULL, 0),
(77, NULL, 'Сербул', 'Дмитрий', '', 'Сербул Д.', 59, '', '', 74, NULL, NULL, 0),
(78, NULL, 'Иванова', 'Ирина', '', 'Иванова И.', 45, '', '', 74, NULL, NULL, 0),
(79, NULL, 'Кучма', 'Ирина', '', 'Кучма И.', 45, '', '', 74, NULL, NULL, 0),
(80, NULL, 'Якимович', 'Лариса', '', 'Якимович Л.', 60, '', '', 74, NULL, NULL, 0),
(81, NULL, 'Мелькович', 'Людмила', '', 'Мелькович Л.', 61, '', '', 74, NULL, NULL, 0),
(82, NULL, 'Гетун', 'Петр', '', 'Гетун П.', 62, '', '', 74, NULL, NULL, 0),
(83, NULL, 'Гаврилюк', 'Светлана', '', 'Гаврилюк С.', 63, '', '', 74, NULL, NULL, 0),
(84, NULL, 'Косенко', 'Александр', '', 'Косенко А.', 64, '', '', 74, NULL, NULL, 0),
(85, NULL, 'Моложон', 'Алена', '', 'Моложон А.', 65, '', '', 74, NULL, NULL, 0),
(86, NULL, 'Пономарева', 'Алена', '', 'Пономарева А.', 66, '', '', 74, NULL, NULL, 0),
(87, NULL, 'Ткачев', 'Андрей', '', 'Ткачев А.', 67, '', '', 74, NULL, NULL, 0),
(88, NULL, 'Наумик', 'Виктория', '', 'Наумик В.', 65, '', '', 74, NULL, NULL, 0),
(89, NULL, 'Ткаченко', 'Евгений', '', 'Ткаченко Е.', 67, '', '', 74, NULL, NULL, 0),
(90, NULL, 'Овчаренко', 'Екатерина', '', 'Овчаренко Е.', 65, '', '', 74, NULL, NULL, 0),
(91, NULL, 'Удод', 'Константин', '', 'Удод К.', 68, '', '', 74, NULL, NULL, 0),
(92, NULL, 'Ерофеева', 'Вера ', '', 'Ерофеева В.', 69, '', '', 74, NULL, NULL, 0),
(93, NULL, 'Тымощук', 'Наталья', '', 'Тымощук Н.', 70, '', '', 74, NULL, NULL, 0),
(94, NULL, 'Колесник', 'Владимир', '', 'Колесник В.', 13, '', '', 74, NULL, NULL, 0),
(95, NULL, 'Калинин', 'Владимир', '', 'Калинин В.', 71, '', '', 74, NULL, NULL, 0),
(96, NULL, 'Попов', 'Константин', '', 'Попов К.', 72, '', '', 74, NULL, NULL, 0),
(97, NULL, 'Филатов', 'Виктор', '', 'Филатов В.', 73, '', '', 74, NULL, NULL, 0),
(98, NULL, 'Худолеева', 'Елена', '', 'Худолеева Е.', 74, '', '', 74, NULL, NULL, 0),
(99, NULL, 'Корниенко', 'Иван', '', 'Корниенко И.', 73, '', '', 74, NULL, NULL, 0),
(100, NULL, 'Гаплевская', 'Нина', '', 'Гаплевская Н.', 73, '', '', 74, NULL, NULL, 0),
(101, NULL, 'Коробченко', 'Игорь', '', 'Коробченко И.', 13, '', '', 95, NULL, NULL, 0),
(102, NULL, 'Фоктман', 'Виолета', '', 'Фоктман В.', 16, '', '', 95, NULL, NULL, 0),
(103, NULL, 'Юрканова', 'Светлана', '', 'Юрканова С.', 18, '', '', 95, NULL, NULL, 0),
(104, NULL, 'Козьменко', 'Татьяна', '', 'Козьменко Т.', 17, '', '', 95, NULL, NULL, 0),
(105, NULL, 'Ефременко', 'Андрей', '', 'Ефременко А.', 75, '', '', 95, NULL, NULL, 0),
(106, NULL, 'Шехавцов', 'Владимир', '', 'Шехавцов В.', 76, '', '', 95, NULL, NULL, 0),
(107, NULL, 'Самошкин', 'Илья', '', 'Самошкин И.', 77, '', '', 95, NULL, NULL, 0),
(108, NULL, 'Береза', 'Наталья', '', 'Береза Н.', 78, '', '', 95, NULL, NULL, 0),
(109, NULL, 'Мартыненков', 'Николай', '', 'Мартыненков Н.', 79, '', '', 95, NULL, NULL, 0),
(110, NULL, 'Качалова', 'Светлана', '', 'Качалова С.', 80, '', '', 95, NULL, NULL, 0),
(111, NULL, 'Черниченко', 'Александр', '', 'Черниченко А.', 81, '', '', 74, NULL, NULL, 0),
(112, NULL, 'Ободец', 'Галина', '', 'Ободец Г.', 82, '', '', 74, NULL, NULL, 0),
(113, NULL, 'Титовец', 'Евгения', '', 'Титовец Е.', 83, '', '', 74, NULL, NULL, 0),
(114, NULL, 'Кривонос', 'Инна', '', 'Кривонос И.', 84, '', '', 95, NULL, NULL, 0),
(115, NULL, 'Темирова', 'Инна', '', 'Темирова И.', 84, '', '', 95, NULL, NULL, 0),
(116, NULL, 'Гладковский', 'Андрей', '', 'Гладковский А.', 70, '', '', 74, NULL, NULL, 0),
(117, NULL, 'Ремезова', 'Анна', '', 'Ремезова А.', 32, '', '', 95, NULL, NULL, 0),
(118, NULL, 'Буша', 'Валентина', '', 'Буша В.', 85, '', '', 95, NULL, NULL, 0),
(119, NULL, 'Томилко', 'Екатерина', '', 'Томилко Е.', 85, '', '', 95, NULL, NULL, 0),
(120, NULL, 'Гончаров', 'Максим', '', 'Гончаров М.', 86, '', '', 95, NULL, NULL, 0),
(121, NULL, 'Билецкая', 'Марина', '', 'Билецкая М.', 48, '', '', 95, NULL, NULL, 0),
(122, NULL, 'Игнатьева', 'Нэлли', '', 'Игнатьева Н.', 87, '', '', 95, NULL, NULL, 0),
(123, NULL, 'Тахтарова', 'Светлана', '', 'Тахтарова С.', 85, '', '', 95, NULL, NULL, 0),
(124, NULL, 'Голуб', 'Татьяна', '', 'Голуб Т.', 85, '', '', 95, NULL, NULL, 0),
(125, NULL, 'Забелин', 'Александр', '', 'Забелин А.', 88, '', '', 95, NULL, NULL, 0),
(126, NULL, 'Гордиенко', 'Александр', '', 'Гордиенко А.', 89, '', '', 74, NULL, NULL, 0),
(127, NULL, 'Криворак', 'Владимир', '', 'Криворак В.', 89, '', '', 74, NULL, NULL, 0),
(128, NULL, 'Мовчан', 'Максим', '', 'Мовчан М.', 90, '', '', 74, NULL, NULL, 0),
(129, NULL, 'Семенцов', 'Юрий', '', 'Семенцов Ю.', 91, '', '', 74, NULL, NULL, 0),
(130, NULL, 'Шкирьятов', 'Дмитрий ', '', 'Шкирьятов Д.', 77, '', '', 95, NULL, NULL, 0),
(131, NULL, 'Криворак', 'Владимир', 'Александрович', 'Криворак В.А.', 89, '', '', 95, NULL, NULL, 0),
(132, NULL, 'Ободец', 'Галина', '', 'Ободец Г.', 82, '', '', 95, NULL, NULL, 0),
(133, NULL, 'Голуб', 'Татьяна', '', 'Голуб Т.', 85, '', '', 74, NULL, NULL, 0),
(134, NULL, 'Буша', 'Валентина', '', 'Буша В.', 85, '', '', 74, NULL, NULL, 0),
(135, NULL, 'Забелин', 'Александр', '', 'Забелин А.', 88, '', '', 74, NULL, NULL, 0),
(136, NULL, 'Игнатьева', 'Нэлли', '', 'Игнатьева Н.', 87, '', '', 74, NULL, NULL, 0),
(137, NULL, 'Самошкин', 'Илья', '', 'Самошкин И.', 77, '', '', 74, NULL, NULL, 0),
(138, NULL, 'Зинченко', 'Виталий', '', 'Зинченко В.', 92, '', '', 95, NULL, NULL, 0),
(139, NULL, 'Коробченко', 'Игорь', '', 'Коробченко И.', 93, '', '', 74, NULL, NULL, 0),
(140, NULL, 'Маренкова', 'Юлия', '', 'Маренкова Ю.', 41, '', '', 95, NULL, NULL, 0),
(141, NULL, 'Кузнецова', 'Алеся', '', 'Кузнецова А.', 39, '', '', 95, NULL, NULL, 0),
(142, NULL, 'Грехова', 'Ирина', 'Генадьевна', 'Грехова И.Г.', 77, 'i.grekhova@ukraerosol.com', '', 74, NULL, NULL, 0),
(143, NULL, 'Мамонова', 'Наталья', '', 'Мамонова Н.', 94, '', '', 74, NULL, NULL, 0),
(144, NULL, 'Коваленко', 'Елена', '', 'Коваленко Е.', 94, '', '', 74, NULL, NULL, 0),
(145, NULL, 'Кутлиахметов', 'Александр', '', 'Кутлиахметов А.', 95, '', '', 74, NULL, NULL, 0),
(146, NULL, 'Мартыненков', 'Николай', '', 'Мартыненков Н.', 79, '', '', 74, NULL, NULL, 0),
(147, NULL, 'Силиванова', 'Елена', '', 'Силиванова Е.', 77, 'e.selivanova@ukraerosol.com', '', 95, NULL, NULL, 0),
(148, NULL, 'Гудкова', 'Ирина', '', 'Гудкова И.', 96, '', '', 74, NULL, NULL, 0),
(149, NULL, 'Шиш', 'Олег', '', 'Шиш О.', 96, '', '', 74, NULL, NULL, 0),
(152, NULL, 'Иванова', 'Татьяна', 'Владимировна', 'Иванова Т.В.', 16, '', '', 95, NULL, NULL, 0),
(153, NULL, 'Петрова', 'Наталья', 'Фёдоровна', 'Петрова Н.Ф.', 16, '', '', 95, NULL, NULL, 1);

-- 
-- Вывод данных для таблицы typedevice
--
INSERT INTO typedevice VALUES
(1, 'UPS.png', 'ИБП', 1),
(2, 'Keyboard.png', 'Клавиатура', 1),
(3, 'Monitor.png', 'Монитор', 1),
(4, 'Mouse.png', 'Мышь', 1),
(5, 'Computer.png', 'Системный блок', 1),
(6, NULL, 'Стабилизатор', 1),
(7, 'phone.png', 'Телефон', 1),
(8, 'Fax.png', 'Факс', 1),
(9, 'CDRom.png', 'CD привод', 0),
(10, '', 'FDD', 0),
(11, 'Hdd.png', 'HDD', 0),
(12, 'Power_supply.png', 'Блок питания', 0),
(13, 'Video-card.png', 'Видеокарта', 0),
(14, 'Audio-card.png', 'Звуковая карта', 0),
(15, 'housing.png', 'Корпус', 0),
(16, 'Motherboard.png', 'Материнская плата', 0),
(17, 'Ram.png', 'Оперативная память', 0),
(18, 'Processor.png', 'Процессор', 0),
(19, 'Network-card.png', 'Сетевая карта', 0),
(20, 'NoteBook.png', 'Ноутбук', 1),
(21, 'Multifunction.png', 'МФУ', 1),
(22, 'Printer.png', 'Принтер', 1),
(23, 'Scanner.png', 'Сканер', 1),
(24, 'Modem_Wi-fi.png', 'Точка доступа wi-fi', 1),
(25, 'Modem.png', 'Модем', 1),
(26, 'WebCamera.png', 'Вебкамера', 1),
(27, 'TabletPC.png', 'Планшет', 1),
(28, 'UsbStik.png', 'Переносной USB диск', 1),
(29, 'PciController.png', 'PCI SATA Контроллер', 0),
(30, 'Xerox.png', 'Копир', 1),
(31, 'docking_station.png', 'Док станция', 1),
(32, 'Switch.png', 'Свитч', 1),
(33, 'MiniAts.png', 'МиниАТС', 1),
(34, 'Storage.png', 'СХД', 1),
(35, 'Audio_system.png', 'Колонки', 1),
(36, 'housing.png', 'Сервер', 1);

-- 
-- Вывод данных для таблицы statedev
--
INSERT INTO statedev VALUES
(2, 'Б/У'),
(7, 'Для списания'),
(6, 'Имеются неполадки'),
(4, 'Нерабочее'),
(1, 'Новое'),
(3, 'Списано'),
(5, 'Удовлетворительное');

-- 
-- Вывод данных для таблицы producer
--
INSERT INTO producer VALUES
(1, 'AMD', 'http://www.amd.com/ru/Pages/AMDHomePage.aspx', 'Процессоры Видеокарты ATI', NULL, NULL, 0),
(2, 'Microsoft Corporation', 'http://www.microsoft.com/ukr/ua/', 'ОС, ПО, Мыши, Клавиатуры', NULL, NULL, 0),
(3, 'Canonical Kubuntu', 'http://www.kubuntu.org/', 'ОС', NULL, NULL, 0),
(4, 'Eset', 'http://esetnod32.ru/', 'Антивирус', NULL, NULL, 0),
(5, 'Oracl openoffice', 'http://ru.openoffice.org/', NULL, NULL, NULL, 0),
(6, 'Canonical Ubuntu', 'http://ubuntu.ru/', 'ОС', NULL, NULL, 0),
(7, 'АО "Техника"', 'http://texnika.com.ua', 'Компьютеры, комплектующие, оргтехника', NULL, NULL, 0),
(8, 'Samsung', NULL, NULL, NULL, NULL, 0),
(9, 'ASUSTeK Computer INC', '', '', NULL, NULL, 0),
(10, 'ASRock', NULL, NULL, NULL, NULL, 0),
(11, 'Hewlett-Packard', NULL, NULL, NULL, NULL, 0),
(12, 'Legend QDI', NULL, NULL, NULL, NULL, 0),
(13, 'LENOVO', NULL, NULL, NULL, NULL, 0),
(14, 'Dell Inc.', NULL, NULL, NULL, NULL, 0),
(15, 'Gigabyte Technology Co., Ltd.', NULL, NULL, NULL, NULL, 0),
(16, 'FUJITSU SIEMENS', NULL, NULL, NULL, NULL, 0),
(17, 'Foxconn', NULL, NULL, NULL, NULL, 0),
(18, 'Неизвестный', NULL, NULL, NULL, NULL, 0),
(19, 'TOSHIBA', NULL, NULL, NULL, NULL, 0),
(20, 'ECS', NULL, NULL, NULL, NULL, 0),
(21, 'Intel Corporation', NULL, NULL, NULL, NULL, 0),
(22, 'CANON', NULL, NULL, NULL, NULL, 0),
(23, 'LG', NULL, NULL, NULL, NULL, 0),
(24, 'NEC', NULL, NULL, NULL, NULL, 0),
(25, 'APC', NULL, NULL, NULL, NULL, 0),
(26, 'ViewSonic', NULL, NULL, NULL, NULL, 0),
(27, 'XEROX', NULL, NULL, NULL, NULL, 0),
(28, 'AOC', '', '', NULL, NULL, 0),
(29, 'Acer', NULL, NULL, NULL, NULL, 0),
(30, 'PoverCom', NULL, NULL, NULL, NULL, 0),
(31, 'EPSON', NULL, NULL, NULL, NULL, 0),
(32, 'Mustek', NULL, NULL, NULL, NULL, 0),
(33, 'Acorp', NULL, NULL, NULL, NULL, 0),
(34, 'Panasonic', NULL, NULL, NULL, NULL, 0),
(35, 'A4Tech', NULL, NULL, NULL, NULL, 0),
(36, 'Sony Corporation', NULL, NULL, NULL, NULL, 0),
(37, 'Rendition', NULL, NULL, NULL, NULL, 0),
(38, 'Transcend', NULL, NULL, NULL, NULL, 0),
(39, 'Seagate', NULL, NULL, NULL, NULL, 0),
(40, '3Com', NULL, NULL, NULL, NULL, 0),
(41, 'Philips', NULL, NULL, NULL, NULL, 0),
(42, 'LexMark', NULL, NULL, NULL, NULL, 0),
(43, 'Planet', NULL, NULL, NULL, NULL, 0),
(44, 'Asotel', NULL, NULL, NULL, NULL, 0),
(45, 'Canyon', NULL, NULL, NULL, NULL, 0),
(46, 'Surecom', NULL, NULL, NULL, NULL, 0),
(47, 'D-Link', NULL, NULL, NULL, NULL, 0),
(48, 'PQI', NULL, NULL, NULL, NULL, 0),
(49, 'Hynix', NULL, NULL, NULL, NULL, 0);

-- 
-- Вывод данных для таблицы workerplace
--
INSERT INTO workerplace VALUES
(75, 75, 'KALININ-PK', 94, NULL, '2-й этаж АБК №1', 0, NULL, NULL, 0),
(76, 76, 'SAGUNOV', 19, NULL, '1-й этаж АБК №1', 0, NULL, NULL, 0),
(77, 77, 'BUH_4', 22, NULL, '3-й этаж АБК №1', 0, NULL, NULL, 0),
(79, 77, 'MOLOTOBAROVA-PC', 26, NULL, '3-й этаж АБК №1', 0, NULL, NULL, 0),
(80, 77, 'SLAVYANSKAYA-PC', 23, NULL, '3-й этаж АБК №1', 0, NULL, NULL, 0),
(81, 77, 'STOROZHENKO-PC', 21, NULL, '3-й этаж АБК №1  кабинет гл.Бухгалтера', 0, NULL, NULL, 0),
(82, 77, 'TALASHOVA-PC', 20, NULL, '3-й этаж АБК №1', 0, NULL, NULL, 0),
(83, 77, 'TDKRUCH-PC', NULL, NULL, '3-й этаж АБК №1', 0, NULL, NULL, 0),
(84, 78, 'ASKUE', 31, NULL, '2-й этаж АБК №2', 0, NULL, NULL, 0),
(85, 78, 'DMITRENKO-PC', 37, NULL, '2-й этаж АБК№2', 0, NULL, NULL, 0),
(86, 78, 'GLAV-ENERG-PC', 35, NULL, '2-й этаж АБК №2', 0, NULL, NULL, 0),
(87, 78, 'ZAMGLENGINEER', 30, NULL, '2-й этаж АБК №2', 0, NULL, NULL, 0),
(88, 78, 'IVANOVA-PC', 33, NULL, '2-й этаж АБК№1 дальнее крыло', 0, NULL, NULL, 0),
(89, 78, 'IVANUSHINA', 34, NULL, '2-й этаж АБК№1 дальнее крыло', 0, NULL, NULL, 0),
(90, 78, 'KIP1', 28, NULL, '2-й этаж АБК№1 дальнее крыло', 0, NULL, NULL, 0),
(91, 78, 'KONSTRUKRAERO', 29, NULL, '2-й этаж АБК №2', 0, NULL, NULL, 0),
(92, 78, 'SNEJANNA-PC', 32, NULL, '2-й этаж АБК№1 дальнее крыло', 0, NULL, NULL, 0),
(93, 78, 'GLENGINEER', 36, NULL, '2-й этаж АБК №2', 0, NULL, NULL, 0),
(94, 79, 'LABA1', 44, NULL, '3-й этаж АБК №1 дальнее крыло', 0, NULL, NULL, 0),
(95, 79, 'LABA2', 38, NULL, '3-й этаж АБК №1 дальнее крыло', 0, NULL, NULL, 0),
(96, 79, 'LABA3', 39, NULL, '3-й этаж АБК №1 дальнее крыло', 0, NULL, NULL, 0),
(97, 79, 'LABA4', 43, NULL, '3-й этаж АБК №1 дальнее крыло', 0, NULL, NULL, 0),
(98, 79, 'NOUTUA-NT', 40, NULL, '3-й этаж АБК №1 дальнее крыло', 0, NULL, NULL, 0),
(99, 79, 'SHERSHENUYCK', 41, NULL, '3-й этаж АБК №1 дальнее крыло', 0, NULL, NULL, 0),
(100, 79, 'ZHUKOVA-PC', 42, NULL, '3-й этаж АБК №1 дальнее крыло', 0, NULL, NULL, 0),
(101, 80, 'LOGIST1', 45, NULL, '3-й этаж АБК №1', 0, NULL, NULL, 0),
(102, 80, 'LUPANOV-PC', 46, NULL, '3-й этаж АБК №1', 0, NULL, NULL, 0),
(103, 81, 'NACHOOTZP', 47, NULL, '1-й этаж АБК №1', 0, NULL, NULL, 0),
(104, 81, 'POLYAKOVA-PC', 48, NULL, '1-й этаж АБК №1', 0, NULL, NULL, 0),
(105, 81, 'SNEZHANNA-PK', 49, NULL, '1-й этаж АБК №1', 0, NULL, NULL, 0),
(106, 81, 'GOLDEN-GATE', NULL, NULL, '1-й этаж АБК №1', 0, NULL, NULL, 0),
(107, 82, 'OTK2', NULL, NULL, '2-й этаж АБК №1 дальнее крыло', 0, NULL, NULL, 0),
(108, 82, 'YATSKEVICH-PC', 50, NULL, '2-й этаж АБК №1 дальнее крыло', 0, NULL, NULL, 0),
(110, 83, 'OHRANA-TRUDA', NULL, NULL, '2-й этаж АБК №2 учебный класс', 0, NULL, NULL, 0),
(112, 84, 'DEVYATKINA-PC', 56, NULL, '2-й этаж АБК№1', 0, NULL, NULL, 0),
(113, 84, 'MIHAILOVA-PC', 54, NULL, '2-й этаж АБК№1', 0, NULL, NULL, 0),
(114, 84, 'OFFICE1_DP-PC', 53, NULL, '2-й этаж АБК№1', 0, NULL, NULL, 0),
(115, 84, 'PRIEMNAYA-PCC', 55, NULL, '2-й этаж АБК№1', 0, NULL, NULL, 0),
(116, 85, 'GORDIENKO-T-PC', 60, NULL, '3-й этаж АБК№1', 0, NULL, NULL, 0),
(117, 85, 'MURATOV-PC', 59, NULL, '3-й этаж АБК№1', 0, NULL, NULL, 0),
(118, 85, 'PTO1', NULL, NULL, '3-й этаж АБК№1', 0, NULL, NULL, 0),
(119, 85, 'PTO2', 57, NULL, '3-й этаж АБК№1', 0, NULL, NULL, 0),
(120, 85, 'TISHECHKINA-PK', 58, NULL, '3-й этаж АБК№1', 0, NULL, NULL, 0),
(121, 86, 'SKLAD', 62, NULL, '1-й этаж АБК№1 дальнее крыло', 0, NULL, NULL, 0),
(122, 86, 'ZHELEZNYAK-PC', 61, NULL, '2-й этаж АБК№1 дальнее крыло', 0, NULL, NULL, 0),
(123, 87, 'CHEBAN-PC', 64, NULL, '3-й этаж АБК№1', 0, NULL, NULL, 0),
(125, 87, 'GLSNABZH', 69, NULL, '3-й этаж АБК№1', 0, NULL, NULL, 0),
(126, 87, 'L-FOMINA-PC', 68, NULL, '3-й этаж АБК№1', 0, NULL, NULL, 0),
(127, 87, 'PALLON-NOUT', 65, NULL, '3-й этаж АБК№1', 0, NULL, NULL, 0),
(128, 87, 'SANDULOVA', 67, NULL, '3-й этаж АБК№1', 0, NULL, NULL, 0),
(129, 87, 'SNABZHENIE1', 63, NULL, '3-й этаж АБК№1', 0, NULL, NULL, 0),
(130, 87, 'SNABZHENIE2', 66, NULL, '3-й этаж АБК№1', 0, NULL, NULL, 0),
(132, 88, 'KIZILOVA-PK', 71, NULL, '3-й этаж АБК№1', 0, NULL, NULL, 0),
(133, 88, 'ROSTOVSKAYA-PK', 70, NULL, '3-й этаж АБК№1', 0, NULL, NULL, 0),
(134, 89, 'VASILKOV-PC', 72, NULL, '1-й этаж АБК№1', 0, NULL, NULL, 0),
(135, 75, 'GANNOCHENKO-PC', 74, NULL, '2-й этаж АБК№2', 0, NULL, NULL, 0),
(137, 91, 'HOZ', 75, NULL, '1-й этаж АБК№1', 0, NULL, NULL, 0),
(138, 92, 'ELECTRONIC', 77, NULL, 'Цех вход с конца цеха 1-й этаж (стекляшка)', 0, NULL, NULL, 0),
(139, 92, 'KOMAROVAL-PC', 78, NULL, 'Цех вход с конца цеха 1-й этаж (стекляшка)', 0, NULL, NULL, 0),
(140, 92, 'MASTERA-PC', 83, NULL, 'Цех вход с конца цеха 1-й этаж (стекляшка)', 0, NULL, NULL, 0),
(141, 92, 'MECHANIC', 76, NULL, 'Цех', 0, NULL, NULL, 0),
(142, 92, 'MELKOVICH-PC', 81, NULL, 'Цех вход с конца цеха 2-й этаж (стекляшка)', 0, NULL, NULL, 0),
(143, 92, 'STEKLYSH-PC', 80, NULL, 'Цех вход с конца цеха 1-й этаж (стекляшка)', 0, NULL, NULL, 0),
(144, 92, 'KUCHMA-PC', 79, NULL, 'Цех вход с конца цеха 1-й этаж (стекляшка)', 0, NULL, NULL, 0),
(145, 93, 'ANALITIK', 86, NULL, '3-й этаж АБК№1', 0, NULL, NULL, 0),
(146, 93, 'EKONOMIST1', NULL, NULL, '3-й этаж АБК№1', 0, NULL, NULL, 0),
(148, 93, 'KOSENKO', 84, NULL, '3-й этаж АБК№1', 0, NULL, NULL, 0),
(149, 93, 'MOLOZHON-PC', 85, NULL, '3-й этаж АБК№1', 0, NULL, NULL, 0),
(150, 93, 'NAUMIK-PC', 88, NULL, '3-й этаж АБК№1', 0, NULL, NULL, 0),
(151, 93, 'PMX77', 89, NULL, '3-й этаж АБК№1', 0, NULL, NULL, 0),
(152, 93, 'EKONOMIST2', 87, NULL, '3-й этаж АБК№1', 0, NULL, NULL, 0),
(153, 94, 'GAPLEVSKAYA', 100, NULL, '3-й этаж АБК№1', 0, NULL, NULL, 0),
(154, 94, 'JURIST-NOTE', NULL, NULL, '3-й этаж АБК№1', 0, NULL, NULL, 0),
(155, 94, 'KHRABROVAANNA', 98, NULL, '3-й этаж АБК№1', 0, NULL, NULL, 0),
(156, 94, 'JURIST1', 97, NULL, '3-й этаж АБК№1', 0, NULL, NULL, 0),
(157, 94, 'JURIST2', 99, NULL, '3-й этаж АБК№1', 0, NULL, NULL, 0),
(158, 95, 'TORGDOMVODITEL', NULL, NULL, '1-й этаж АБК№1', 0, NULL, NULL, 0),
(159, 98, 'FOKTMAN-PC', 102, NULL, '1-й этаж АБК№1', 0, NULL, NULL, 0),
(160, 98, 'GLBUHTD-PK', 104, NULL, '1-й этаж АБК№1', 0, NULL, NULL, 0),
(161, 98, 'SVETATDUA-PK', 103, NULL, '1-й этаж АБК№1', 0, NULL, NULL, 0),
(162, 96, 'DFTDNOUT', 106, NULL, '2-й этаж АБК№1', 0, NULL, NULL, 0),
(163, 96, 'DIR_ARK', 105, NULL, '2-й этаж АБК№1', 0, NULL, NULL, 0),
(165, 96, 'MANAGER3-PC', 108, NULL, '2-й этаж АБК№1', 0, NULL, NULL, 0),
(166, 96, 'MENEDJER2-PC', 110, NULL, '2-й этаж АБК№1', 0, NULL, NULL, 0),
(168, 99, 'TDMARK1', NULL, NULL, '2-й этаж АБК№1', 0, NULL, NULL, 0),
(170, 99, 'TDMARK3', NULL, NULL, '2-й этаж АБК№1', 0, NULL, NULL, 0),
(173, 100, 'IDNATIEVA', 122, NULL, '1-й этаж АБК№1', 0, NULL, NULL, 0),
(174, 100, 'TORGDOM1', 118, NULL, '2-й этаж АБК№1', 0, NULL, NULL, 0),
(175, 100, 'TORGDOM2', 130, NULL, '2-й этаж АБК№1', 0, NULL, NULL, 0),
(176, 100, 'TORGDOM3', 120, NULL, '2-й этаж АБК№1', 0, NULL, NULL, 0),
(177, 100, 'TORGDOM4', 117, NULL, '2-й этаж АБК№1', 0, NULL, NULL, 0),
(178, 100, 'TORGDOM5', 119, NULL, '2-й этаж АБК№1', 0, NULL, NULL, 0),
(179, 100, 'TORGDOM6', 121, NULL, '1-й этаж АБК№1', 0, NULL, NULL, 0),
(181, 101, 'GORDIENKO-A-PC', 126, NULL, '3-й этаж АБК№1', 0, NULL, NULL, 0),
(182, 101, 'IT1', 129, NULL, '3-й этаж АБК№1', 0, NULL, NULL, 0),
(183, 101, 'IT5', 128, NULL, '3-й этаж АБК№1', 0, NULL, NULL, 0),
(184, 101, 'IT3', 127, NULL, '2-й этаж АБК№1', 0, NULL, NULL, 0),
(186, 101, 'Серверный шкаф1', 126, NULL, '3-й этаж АБК№1', 0, NULL, NULL, 0),
(187, 75, 'FINDIR', 92, NULL, '3-й этаж АБК №1', 0, NULL, NULL, 0),
(188, 104, 'ITNOTE', 135, NULL, '2-й этаж АБК №1 (аквариум)', 0, NULL, NULL, 0),
(190, 90, 'ALBALONCEH', 73, NULL, '2-й этаж АБК№ 2', 0, NULL, NULL, 0),
(191, 102, 'BUGAEV-PC', 111, NULL, '2-й этаж АБК№1', 0, NULL, NULL, 0),
(194, 101, 'skladIT', 126, NULL, '3-й этаж АБК№1', 1, NULL, NULL, 0),
(195, 103, 'POST1', NULL, NULL, 'Пост охраны №1', 0, NULL, NULL, 0),
(196, 101, 'Ремонт', NULL, NULL, '3-й этаж АБК№1', 1, NULL, NULL, 0),
(197, 77, 'TERMINAL-SERVER', 24, NULL, '3-й этаж АБК №1 кабинет гл.Бухгалтера', 0, NULL, NULL, 0),
(198, 99, 'TDMARK2', 132, NULL, '2-й этаж АБК№1', 0, NULL, NULL, 0),
(199, 83, 'ARCHCONCEPT', NULL, NULL, '2-й этаж АБК №2', 0, NULL, NULL, 0),
(200, 78, 'SKUVP', NULL, NULL, 'Склад УВП', 0, NULL, NULL, 0),
(201, 104, 'VNIKULINA-PK', 133, NULL, '2-й этаж АБК №1', 0, NULL, NULL, 0),
(202, 104, 'TORGDOM1', 134, NULL, '2-й этаж АБК №1', 0, NULL, NULL, 0),
(204, 104, 'IDNATIEVA', 136, NULL, '1-й этаж АБК№1', 0, NULL, NULL, 0),
(206, 76, 'KUTLIAHMETOV', 145, NULL, '1-й этаж АБК №1', 0, NULL, NULL, 0),
(207, 105, 'KULIK-PC', 137, NULL, '2-й этаж АБК№1', 0, NULL, NULL, 0),
(209, 97, 'TDDIR', 138, NULL, '2-й этаж АБК №1', 0, NULL, NULL, 0),
(210, 106, 'KOROBCHENKO-NT', 139, NULL, '2-й этаж АБК №1', 0, NULL, NULL, 0),
(211, 107, 'OFFICE1_DP-PC', 141, NULL, '2-й этаж АБК №1', 0, NULL, NULL, 0),
(212, 107, 'PRIEMNAYA-PCC', 140, NULL, '2-й этаж АБК №1', 0, NULL, NULL, 0),
(213, 95, 'skladTd', NULL, NULL, '1-й этаж АБК №1', 1, NULL, NULL, 0),
(214, 108, 'KONTRPROD1', 93, NULL, '3-й этаж АБК№1', 0, NULL, NULL, 0),
(215, 108, 'KONTRPROD2', 142, NULL, '3-й этаж АБК№1', 0, NULL, NULL, 0),
(216, 109, 'TAGANROGSKLAD', NULL, NULL, 'Таганрог Склад', 0, NULL, NULL, 0),
(219, 111, 'TOGANROGPC2', NULL, NULL, 'г. Таганрог', 0, NULL, NULL, 0),
(221, 81, 'MAMONOVA', 143, NULL, '1-й этаж АБК №1', 0, NULL, NULL, 0),
(222, 81, 'KOVALENKO', 144, NULL, '1-й этаж АБК №1', 0, NULL, NULL, 0),
(223, 81, 'SINYATKINA', NULL, NULL, '1-й этаж АБК №1', 0, NULL, NULL, 0),
(225, 75, 'POPOV', 96, NULL, '2-й этаж АБК №1', 0, NULL, NULL, 0),
(226, 105, 'MARTYNENKOV', 146, NULL, '2-й этаж АБК№1', 0, NULL, NULL, 0),
(227, 101, 'Склад Серверная', 126, NULL, '3-й этаж АБК№1', 1, NULL, NULL, 0),
(228, 101, 'Серверный шкаф2', 126, NULL, '3-й этаж АБК№1', 0, NULL, NULL, 0),
(229, 74, 'Коммутационный шкаф', 126, NULL, 'АБК №2, 2-ой этаж', 0, NULL, NULL, 0),
(230, 100, 'TORGDOM7', 147, NULL, '2-й этаж АБК№1', 0, NULL, NULL, 0),
(231, 92, 'jestbalceh', 148, NULL, 'Участок изготовления жестяного балона', 0, NULL, NULL, 0),
(232, 83, 'ONISHENKO-E', NULL, NULL, 'АБК2 второй этаж', 0, NULL, NULL, 0),
(233, 92, 'NAPOLNENIYE', 149, NULL, 'производственный цех', 0, NULL, NULL, 0),
(234, 95, 'ИТ отдел', NULL, NULL, '3-й этаж АБК №1', 1, NULL, NULL, 0),
(237, 118, 'buh1', NULL, NULL, NULL, 0, NULL, NULL, 0);

-- 
-- Вывод данных для таблицы domainwg
--
INSERT INTO domainwg VALUES
(3, 'CORP'),
(4, 'DHZ'),
(7, 'EC'),
(6, 'TOGANROG'),
(2, 'UKRAEROSOL'),
(5, 'WORKGROUP');

-- 
-- Вывод данных для таблицы typelicense
--
INSERT INTO typelicense VALUES
(1, 'Бесплатно'),
(2, 'Платно'),
(3, 'Пиратка'),
(4, 'Бесплатно с ограничением'),
(5, 'тест');

-- 
-- Вывод данных для таблицы statepo
--
INSERT INTO statepo VALUES
(1, 'Списано'),
(2, 'Требует переустановки'),
(3, 'Рабочее');

-- 
-- Вывод данных для таблицы provider
--
INSERT INTO provider VALUES
(1, 'АО "Техника"', 'РККА 50', '385-96-56', '354-56-89', 'secretary@texnica.com.ua', 'http://texnica.com.ua', NULL, NULL, 0),
(2, 'Компьютерные Технологии', 'фывафыва', '382-56-89', '385-85-96', 'skdjfhg@jkdhfg.tu', 'http://kjshdfjk.com.ua', NULL, NULL, 0),
(3, 'Спарк', 'влдоапрар', '854-88-96', '785-22-85', 'skdlfjgh@kfj.iu', 'http://sparc.com', NULL, NULL, 0),
(4, 'МКС', 'ждылаплдж', '542-52-85', '458-85-78', 'jskdhf@kl.ui', 'http://mks.com', NULL, NULL, 0),
(5, 'ООО "Импульс Тех"', NULL, NULL, NULL, NULL, NULL, NULL, NULL, 0);

-- 
-- Вывод данных для таблицы device
--
INSERT INTO device VALUES
(41, 0, 74, 145, 5, 'Процессор Core 2 DUO/''P5QL/EPU''/RAM 2048Мб/HDD 298Гб/NVIDIA GeForce 9600 GT 512', '01211', NULL, NULL, NULL, NULL, NULL, NULL, 0.00, 5, '', 1, NULL, NULL, 0),
(42, 41, 74, 145, 16, 'ASUSTeK Computer INC. P5QL/EPU', NULL, NULL, NULL, 9, NULL, NULL, NULL, NULL, 5, NULL, 0, NULL, NULL, 0),
(43, 41, 74, 145, 18, 'Процессор Intel Pentium III Xeon 2799', NULL, NULL, NULL, NULL, NULL, NULL, NULL, NULL, 5, NULL, 0, NULL, NULL, 0),
(44, 41, 74, 145, 17, ' DDR3-? 1024Мб ', NULL, NULL, NULL, NULL, NULL, NULL, NULL, NULL, 5, NULL, 0, NULL, NULL, 0),
(45, 41, 74, 145, 17, ' DDR3-? 1024Мб ', NULL, NULL, NULL, NULL, NULL, NULL, NULL, NULL, 5, NULL, 0, NULL, NULL, 0),
(46, 41, 74, 145, 11, 'WDC WD3200AAKS-00L9A0 298Гб ', NULL, NULL, NULL, NULL, NULL, NULL, NULL, NULL, 5, NULL, 0, NULL, NULL, 0),
(47, 41, 74, 145, 9, 'HL-DT-ST DVDRAM GH22LS50', NULL, NULL, NULL, NULL, NULL, NULL, NULL, NULL, 5, NULL, 0, NULL, NULL, 0),
(48, 41, 74, 145, 13, 'NVIDIA GeForce 9600 GT 512Мб ', NULL, NULL, NULL, NULL, NULL, NULL, NULL, NULL, 5, NULL, 0, NULL, NULL, 0),
(49, 41, 74, 145, 19, 'Realtek PCIe GBE Family Controller', NULL, NULL, NULL, NULL, NULL, NULL, NULL, NULL, 5, 'MAC: 00:26:18:68:B9:79', 0, NULL, NULL, 0),
(50, 41, 74, 145, 14, 'VIA High Definition Audio', NULL, NULL, NULL, NULL, NULL, NULL, NULL, NULL, 5, NULL, 0, NULL, NULL, 0),
(51, 0, 74, 84, 5, 'Intel(R) Pentium(R) CPU G620 @ 2.60GHz 2600/''P8H61-M LX2''/RAM 4096Мб/HDD 466Гб/NVIDIA GeForce GT 430 1024', NULL, NULL, NULL, NULL, NULL, NULL, NULL, NULL, 5, NULL, 1, NULL, NULL, 0),
(52, 51, 74, 84, 16, 'ASUSTeK Computer INC. P8H61-M LX2', NULL, NULL, NULL, 9, NULL, NULL, NULL, NULL, 5, NULL, 0, NULL, NULL, 0),
(53, 51, 74, 84, 18, 'Intel(R) Pentium(R) CPU G620 @ 2.60GHz 2600', NULL, NULL, NULL, NULL, NULL, NULL, NULL, NULL, 5, NULL, 0, NULL, NULL, 0),
(54, 51, 74, 84, 17, ' DDR3-? 2048Мб ', NULL, NULL, NULL, NULL, NULL, NULL, NULL, NULL, 5, NULL, 0, NULL, NULL, 0),
(55, 51, 74, 84, 17, ' DDR3-? 2048Мб ', NULL, NULL, NULL, NULL, NULL, NULL, NULL, NULL, 5, NULL, 0, NULL, NULL, 0),
(56, 51, 74, 84, 11, 'ST500DM002-1BD142 ATA Device 466Гб ', NULL, NULL, NULL, NULL, NULL, NULL, NULL, NULL, 5, NULL, 0, NULL, NULL, 0),
(57, 51, 74, 84, 9, 'HL-DT-ST DVDRAM GH22NS70 ATA Device', NULL, NULL, NULL, NULL, NULL, NULL, NULL, NULL, 5, NULL, 0, NULL, NULL, 0),
(58, 51, 74, 84, 13, 'NVIDIA GeForce GT 430 1024Мб ', NULL, NULL, NULL, NULL, NULL, NULL, NULL, NULL, 5, NULL, 0, NULL, NULL, 0),
(59, 51, 74, 84, 19, 'Realtek PCIe GBE Family Controller', NULL, NULL, NULL, NULL, NULL, NULL, NULL, NULL, 5, 'MAC: 14:DA:E9:2C:F0:BC', 0, NULL, NULL, 0),
(60, 51, 74, 84, 19, 'Realtek RTL8139/810x Family Fast Ethernet сетевой адаптер', NULL, NULL, NULL, NULL, NULL, NULL, NULL, NULL, 5, 'MAC: 00:E0:00:00:1E:E9', 0, NULL, NULL, 0),
(61, 51, 74, 84, 14, 'NVIDIA High Definition Audio', NULL, NULL, NULL, NULL, NULL, NULL, NULL, NULL, 5, NULL, 0, NULL, NULL, 0),
(62, 51, 74, 84, 14, 'NVIDIA High Definition Audio', NULL, NULL, NULL, NULL, NULL, NULL, NULL, NULL, 5, NULL, 0, NULL, NULL, 0),
(63, 51, 74, 84, 14, 'NVIDIA High Definition Audio', NULL, NULL, NULL, NULL, NULL, NULL, NULL, NULL, 5, NULL, 0, NULL, NULL, 0),
(64, 51, 74, 84, 14, 'NVIDIA High Definition Audio', NULL, NULL, NULL, NULL, NULL, NULL, NULL, NULL, 5, NULL, 0, NULL, NULL, 0),
(65, 51, 74, 84, 14, 'VIA High Definition Audio', NULL, NULL, NULL, NULL, NULL, NULL, NULL, NULL, 5, NULL, 0, NULL, NULL, 0),
(66, 0, 74, 77, 5, 'Процессор Intel Pentium III Xeon 2930/''P5KPL-AM''/RAM 1024Мб/HDD 233Гб/Intel(R) G33/G31 Express Chipset Family 256', NULL, NULL, NULL, NULL, NULL, NULL, NULL, NULL, 5, NULL, 1, NULL, NULL, 0),
(67, 66, 74, 77, 16, 'ASUSTeK Computer INC. P5KPL-AM', NULL, NULL, NULL, 9, NULL, NULL, NULL, NULL, 5, NULL, 0, NULL, NULL, 0),
(68, 66, 74, 77, 18, 'Процессор Intel Pentium III Xeon 2930', NULL, NULL, NULL, NULL, NULL, NULL, NULL, NULL, 5, NULL, 0, NULL, NULL, 0),
(69, 66, 74, 77, 17, ' DDR3-? 1024Мб ', NULL, NULL, NULL, NULL, NULL, NULL, NULL, NULL, 5, NULL, 0, NULL, NULL, 0),
(70, 66, 74, 77, 11, 'WDC WD2500AAKS-00L9A0 233Гб ', NULL, NULL, NULL, NULL, NULL, NULL, NULL, NULL, 5, NULL, 0, NULL, NULL, 0),
(71, 66, 74, 77, 9, 'SAMSUNG CD-ROM SC-152G', NULL, NULL, NULL, NULL, NULL, NULL, NULL, NULL, 5, NULL, 0, NULL, NULL, 0),
(72, 66, 74, 77, 13, 'Intel(R) G33/G31 Express Chipset Family 256Мб ', NULL, NULL, NULL, NULL, NULL, NULL, NULL, NULL, 5, NULL, 0, NULL, NULL, 0),
(73, 66, 74, 77, 19, 'Realtek RTL8139 Family PCI Fast Ethernet NIC', NULL, NULL, NULL, NULL, NULL, NULL, NULL, NULL, 5, 'MAC: 00:08:54:67:13:34', 0, NULL, NULL, 0),
(74, 66, 74, 77, 14, 'VIA High Definition Audio', NULL, NULL, NULL, NULL, NULL, NULL, NULL, NULL, 5, NULL, 0, NULL, NULL, 0),
(75, 0, 74, 123, 5, 'Intel(R) Core(TM)2 Duo CPU E7400 @ 2.80GHz 2800/''P5G41-M LE''/RAM 2048Мб/HDD 298Гб/Intel(R) G41 Express Chipset 783', '001826', NULL, NULL, NULL, NULL, NULL, NULL, 0.00, 5, '', 1, NULL, NULL, 0),
(76, 75, 74, 123, 16, 'ASUSTeK Computer INC. P5G41-M LE', NULL, NULL, NULL, 9, NULL, NULL, NULL, NULL, 5, NULL, 0, NULL, NULL, 0),
(77, 75, 74, 123, 18, 'Intel(R) Core(TM)2 Duo CPU E7400 @ 2.80GHz 2800', NULL, NULL, NULL, NULL, NULL, NULL, NULL, NULL, 5, NULL, 0, NULL, NULL, 0),
(78, 75, 74, 123, 17, ' DDR-2 1024Мб ', NULL, NULL, NULL, NULL, NULL, NULL, NULL, NULL, 5, NULL, 0, NULL, NULL, 0),
(79, 75, 74, 123, 17, ' DDR-2 1024Мб ', NULL, NULL, NULL, NULL, NULL, NULL, NULL, NULL, 5, NULL, 0, NULL, NULL, 0),
(80, 75, 74, 123, 11, 'ST3320418AS ATA Device 298Гб ', NULL, NULL, NULL, NULL, NULL, NULL, NULL, NULL, 5, NULL, 0, NULL, NULL, 0),
(81, 75, 74, 123, 9, 'HL-DT-ST DVD-RAM GH22NP20 ATA Device', NULL, NULL, NULL, NULL, NULL, NULL, NULL, NULL, 5, NULL, 0, NULL, NULL, 0),
(82, 75, 74, 123, 13, 'Intel(R) G41 Express Chipset 783Мб ', NULL, NULL, NULL, NULL, NULL, NULL, NULL, NULL, 5, NULL, 0, NULL, NULL, 0),
(83, 75, 74, 123, 19, 'Atheros AR8121/AR8113/AR8114 PCI-E Ethernet Controller', NULL, NULL, NULL, NULL, NULL, NULL, NULL, NULL, 5, 'MAC: -', 0, NULL, NULL, 0),
(84, 75, 74, 123, 19, 'Realtek RTL8139/810x Family Fast Ethernet сетевой адаптер', NULL, NULL, NULL, NULL, NULL, NULL, NULL, NULL, 5, 'MAC: 00:1F:1F:90:99:2C', 0, NULL, NULL, 0),
(85, 75, 74, 123, 14, 'Realtek High Definition Audio', NULL, NULL, NULL, NULL, NULL, NULL, NULL, NULL, 5, NULL, 0, NULL, NULL, 0),
(86, 0, 74, 93, 5, 'Процессор Intel Pentium III Xeon 2493/''G31M-S.''/RAM 1024Мб/HDD 233Гб/Intel(R) G33/G31 Express Chipset Family 384', '00814', NULL, NULL, NULL, NULL, NULL, NULL, 0.00, 5, '', 1, NULL, NULL, 0),
(87, 86, 74, 93, 16, 'ASRock G31M-S.', NULL, NULL, NULL, 10, NULL, NULL, NULL, NULL, 5, NULL, 0, NULL, NULL, 0),
(88, 86, 74, 93, 18, 'Процессор Intel Pentium III Xeon 2493', NULL, NULL, NULL, NULL, NULL, NULL, NULL, NULL, 5, NULL, 0, NULL, NULL, 0),
(89, 86, 74, 93, 17, ' SDRAM 1024Мб ', NULL, NULL, NULL, NULL, NULL, NULL, NULL, NULL, 5, NULL, 0, NULL, NULL, 0),
(90, 86, 74, 93, 11, 'WDC WD2500AAJS-00L7A0 233Гб ', NULL, NULL, NULL, NULL, NULL, NULL, NULL, NULL, 5, NULL, 0, NULL, NULL, 0),
(91, 86, 74, 93, 9, 'Optiarc DVD RW AD-7243S', NULL, NULL, NULL, NULL, NULL, NULL, NULL, NULL, 5, NULL, 0, NULL, NULL, 0),
(92, 86, 74, 93, 13, 'Intel(R) G33/G31 Express Chipset Family 384Мб ', NULL, NULL, NULL, NULL, NULL, NULL, NULL, NULL, 5, NULL, 0, NULL, NULL, 0),
(93, 86, 74, 93, 19, 'Realtek RTL8102E/RTL8103E Family PCI-E Fast Ethernet NIC', NULL, NULL, NULL, NULL, NULL, NULL, NULL, NULL, 5, 'MAC: 00:19:66:F7:0C:34', 0, NULL, NULL, 0),
(94, 86, 74, 93, 14, 'Realtek High Definition Audio', NULL, NULL, NULL, NULL, NULL, NULL, NULL, NULL, 5, NULL, 0, NULL, NULL, 0),
(95, 0, 74, 85, 5, 'Intel(R) Celeron(R) CPU 2.00GHz 2017/''P4GE-VM''/RAM 512Мб/HDD 19Гб/Intel(R) 82845G/GL/GE/PE/GV Graphics Controller 64', '801', NULL, NULL, NULL, NULL, NULL, NULL, 0.00, 5, '', 1, NULL, NULL, 0),
(96, 95, 74, 85, 16, 'ASUSTeK Computer INC. P4GE-VM', NULL, NULL, NULL, 9, NULL, NULL, NULL, NULL, 5, NULL, 0, NULL, NULL, 0),
(97, 95, 74, 85, 18, 'Intel(R) Celeron(R) CPU 2.00GHz 2017', NULL, NULL, NULL, NULL, NULL, NULL, NULL, NULL, 5, NULL, 0, NULL, NULL, 0),
(98, 95, 74, 85, 17, ' DRAM 512Мб ', NULL, NULL, NULL, NULL, NULL, NULL, NULL, NULL, 5, NULL, 0, NULL, NULL, 0),
(99, 95, 74, 85, 11, 'SAMSUNG SV0221N 19Гб ', NULL, NULL, NULL, NULL, NULL, NULL, NULL, NULL, 5, NULL, 0, NULL, NULL, 0),
(100, 95, 74, 85, 9, 'ATAPI-CD ROM-DRIVE-56MAX', NULL, NULL, NULL, NULL, NULL, NULL, NULL, NULL, 5, NULL, 0, NULL, NULL, 0),
(101, 95, 74, 85, 13, 'Intel(R) 82845G/GL/GE/PE/GV Graphics Controller 64Мб ', NULL, NULL, NULL, NULL, NULL, NULL, NULL, NULL, 5, NULL, 0, NULL, NULL, 0),
(102, 95, 74, 85, 19, 'VIA Rhine III Fast Ethernet Adapter', NULL, NULL, NULL, NULL, NULL, NULL, NULL, NULL, 5, 'MAC: 00:22:B0:DE:15:E5', 0, NULL, NULL, 0),
(103, 95, 74, 85, 19, 'Intel(R) PRO/100 VE Network Connection', NULL, NULL, NULL, NULL, NULL, NULL, NULL, NULL, 5, 'MAC: 00:0C:6E:65:F8:C8', 0, NULL, NULL, 0),
(104, 95, 74, 85, 14, 'Realtek AC''97 Audio', NULL, NULL, NULL, NULL, NULL, NULL, NULL, NULL, 5, NULL, 0, NULL, NULL, 0),
(105, 0, 74, 146, 5, 'Intel(R) Celeron(R) CPU 2.53GHz 2542/''P5GL-MX''/RAM 512Мб/HDD 75Гб/Intel(R) 82915G/GV/910GL Express Chipset Family 128', '952', NULL, NULL, NULL, NULL, NULL, NULL, 0.00, 5, '', 1, NULL, NULL, 0),
(106, 105, 74, 146, 16, 'ASUSTeK Computer INC. P5GL-MX', NULL, NULL, NULL, 9, NULL, NULL, NULL, NULL, 5, NULL, 0, NULL, NULL, 0),
(107, 105, 74, 146, 18, 'Intel(R) Celeron(R) CPU 2.53GHz 2542', NULL, NULL, NULL, NULL, NULL, NULL, NULL, NULL, 5, NULL, 0, NULL, NULL, 0),
(108, 105, 74, 146, 17, 'DDR 256Мб ', NULL, NULL, NULL, NULL, NULL, NULL, NULL, 0.00, 5, '', 0, NULL, NULL, 0),
(109, 105, 74, 146, 17, 'DDR 256Мб ', NULL, NULL, NULL, NULL, NULL, NULL, NULL, 0.00, 5, '', 0, NULL, NULL, 0),
(110, 105, 74, 146, 11, 'SAMSUNG HD080HJ 75Гб ', NULL, NULL, NULL, NULL, NULL, NULL, NULL, NULL, 5, NULL, 0, NULL, NULL, 0),
(111, 105, 74, 146, 9, 'HL-DT-ST CD-ROM GCR-8522B', NULL, NULL, NULL, NULL, NULL, NULL, NULL, NULL, 5, NULL, 0, NULL, NULL, 0),
(112, 105, 74, 146, 9, 'TCVWFQX 3SLY3KTIJS1U SCSI CdRom Device', NULL, NULL, NULL, NULL, NULL, NULL, NULL, NULL, 5, NULL, 0, NULL, NULL, 0),
(113, 105, 74, 146, 9, 'FS_SCSI7 FS_CDAWDM_2000CD SCSI CdRom Device', NULL, NULL, NULL, NULL, NULL, NULL, NULL, NULL, 5, NULL, 0, NULL, NULL, 0),
(114, 105, 74, 146, 13, 'Intel(R) 82915G/GV/910GL Express Chipset Family 128Мб ', NULL, NULL, NULL, NULL, NULL, NULL, NULL, NULL, 5, NULL, 0, NULL, NULL, 0),
(115, 105, 74, 146, 19, '3Com EtherLink XL 10/100 PCI For Complete PC Management NIC (3C905C-TX)', NULL, NULL, NULL, NULL, NULL, NULL, NULL, NULL, 5, 'MAC: 00:0A:5E:58:54:2C', 0, NULL, NULL, 0),
(116, 105, 74, 146, 14, 'SoundMAX Integrated Digital HD Audio', NULL, NULL, NULL, NULL, NULL, NULL, NULL, NULL, 5, NULL, 0, NULL, NULL, 0),
(117, 0, 74, 138, 20, 'Процессор Intel Pentium II 1596/''30D5''/RAM 1024Мб/HDD 112Гб/Mobile Intel(R) 945 Express Chipset Family 128', '00618', 'CND8081ZRW', NULL, 11, NULL, NULL, NULL, 0.00, 5, 'HP 530', 1, NULL, NULL, 0),
(118, 117, 74, 138, 16, 'Hewlett-Packard 30D5', NULL, NULL, NULL, 11, NULL, NULL, NULL, NULL, 5, NULL, 0, NULL, NULL, 0),
(119, 117, 74, 138, 18, 'Процессор Intel Pentium II 1596', NULL, NULL, NULL, NULL, NULL, NULL, NULL, NULL, 5, NULL, 0, NULL, NULL, 0),
(120, 117, 74, 138, 17, ' DDR3-? 1024Мб ', NULL, NULL, NULL, NULL, NULL, NULL, NULL, NULL, 5, NULL, 0, NULL, NULL, 0),
(121, 117, 74, 138, 11, 'WDC WD1200BEVS-60UST0 112Гб ', NULL, NULL, NULL, NULL, NULL, NULL, NULL, NULL, 5, NULL, 0, NULL, NULL, 0),
(122, 117, 74, 138, 9, 'PHILIPS DVD+-RW SDVD8441', NULL, NULL, NULL, NULL, NULL, NULL, NULL, NULL, 5, NULL, 0, NULL, NULL, 0),
(123, 117, 74, 138, 9, 'DTSOFT Virtual CdRom Device', NULL, NULL, NULL, NULL, NULL, NULL, NULL, NULL, 5, NULL, 0, NULL, NULL, 0),
(124, 117, 74, 138, 13, 'Mobile Intel(R) 945 Express Chipset Family 128Мб ', NULL, NULL, NULL, NULL, NULL, NULL, NULL, NULL, 5, NULL, 0, NULL, NULL, 0),
(125, 117, 74, 138, 19, 'Intel(R) PRO/100 VE Network Connection', NULL, NULL, NULL, NULL, NULL, NULL, NULL, NULL, 5, 'MAC: 00:1B:38:EF:DC:4A', 0, NULL, NULL, 0),
(126, 117, 74, 138, 19, 'Адаптер Broadcom 802.11b/g WLAN', NULL, NULL, NULL, NULL, NULL, NULL, NULL, NULL, 5, 'MAC: 00:1A:73:DB:FA:70', 0, NULL, NULL, 0),
(127, 117, 74, 138, 14, 'Conexant High Definition Audio-Venice 5045', NULL, NULL, NULL, NULL, NULL, NULL, NULL, NULL, 5, NULL, 0, NULL, NULL, 0),
(128, 0, 74, 187, 20, 'Intel(R) Core(TM) i3-2310M CPU @ 2.10GHz 2100/''1619''/RAM 4096Мб/HDD 298Гб/Intel(R) HD Graphics Family 1791', 'УА0000396', NULL, 1, 11, NULL, '2012-05-28', NULL, 6067.40, 1, '', 1, NULL, NULL, 0),
(129, 128, 74, 187, 16, 'Hewlett-Packard 1619', NULL, NULL, NULL, 11, NULL, NULL, NULL, NULL, 5, NULL, 0, NULL, NULL, 0),
(130, 128, 74, 187, 18, 'Intel(R) Core(TM) i3-2310M CPU @ 2.10GHz 2100', NULL, NULL, NULL, NULL, NULL, NULL, NULL, NULL, 5, NULL, 0, NULL, NULL, 0),
(131, 128, 74, 187, 17, ' DDR3-? 4096Мб ', NULL, NULL, NULL, NULL, NULL, NULL, NULL, NULL, 5, NULL, 0, NULL, NULL, 0),
(132, 128, 74, 187, 11, 'WDC WD3200BEKT-60PVMT0 298Гб ', NULL, NULL, NULL, NULL, NULL, NULL, NULL, NULL, 5, NULL, 0, NULL, NULL, 0),
(133, 128, 74, 187, 9, 'hp CDDVDW SN-208BB', NULL, NULL, NULL, NULL, NULL, NULL, NULL, NULL, 5, NULL, 0, NULL, NULL, 0),
(134, 128, 74, 187, 13, 'Intel(R) HD Graphics Family 1791Мб ', NULL, NULL, NULL, NULL, NULL, NULL, NULL, NULL, 5, NULL, 0, NULL, NULL, 0),
(135, 128, 74, 187, 19, 'Intel(R) 82579V Gigabit Network Connection', NULL, NULL, NULL, NULL, NULL, NULL, NULL, NULL, 5, 'MAC: E4:11:5B:FE:A3:98', 0, NULL, NULL, 0),
(136, 128, 74, 187, 19, 'Устройства Bluetooth (личной сети)', NULL, NULL, NULL, NULL, NULL, NULL, NULL, NULL, 5, 'MAC: 40:2C:F4:66:19:71', 0, NULL, NULL, 0),
(137, 128, 74, 187, 19, 'Broadcom 4313 802.11b/g/n', NULL, NULL, NULL, NULL, NULL, NULL, NULL, NULL, 5, 'MAC: AC:81:12:CF:AB:3F', 0, NULL, NULL, 0),
(138, 128, 74, 187, 14, 'IDT High Definition Audio CODEC', NULL, NULL, NULL, NULL, NULL, NULL, NULL, NULL, 5, NULL, 0, NULL, NULL, 0),
(139, 128, 74, 187, 14, 'Аудио Intel(R) для дисплеев', NULL, NULL, NULL, NULL, NULL, NULL, NULL, NULL, 5, NULL, 0, NULL, NULL, 0),
(140, 128, 74, 187, 14, 'Аудио Bluetooth', NULL, NULL, NULL, NULL, NULL, NULL, NULL, NULL, 5, NULL, 0, NULL, NULL, 0),
(141, 0, 74, 135, 5, 'Pentium(R) Dual-Core CPU E5500 @ 2.80GHz 2803/''P5G41T-M LX2/GB''/RAM 4096Мб/HDD 466Гб/Intel(R) G41 Express Chipset 1551', NULL, NULL, NULL, NULL, NULL, NULL, NULL, NULL, 5, NULL, 1, NULL, NULL, 0),
(142, 141, 74, 135, 16, 'ASUSTeK Computer INC. P5G41T-M LX2/GB', NULL, NULL, NULL, 9, NULL, NULL, NULL, NULL, 5, NULL, 0, NULL, NULL, 0),
(143, 141, 74, 135, 18, 'Pentium(R) Dual-Core CPU E5500 @ 2.80GHz 2803', NULL, NULL, NULL, NULL, NULL, NULL, NULL, NULL, 5, NULL, 0, NULL, NULL, 0),
(144, 141, 74, 135, 17, ' Other 4096Мб ', NULL, NULL, NULL, NULL, NULL, NULL, NULL, NULL, 5, NULL, 0, NULL, NULL, 0),
(145, 141, 74, 135, 11, 'WDC WD5000AAKX-001CA0 ATA Device 466Гб ', NULL, NULL, NULL, NULL, NULL, NULL, NULL, NULL, 5, NULL, 0, NULL, NULL, 0),
(146, 141, 74, 135, 9, 'ASUS DRW-24B3ST ATA Device', NULL, NULL, NULL, NULL, NULL, NULL, NULL, NULL, 5, NULL, 0, NULL, NULL, 0),
(147, 141, 74, 135, 13, 'Intel(R) G41 Express Chipset 1551Мб ', NULL, NULL, NULL, NULL, NULL, NULL, NULL, NULL, 5, NULL, 0, NULL, NULL, 0),
(148, 141, 74, 135, 19, 'Realtek PCIe GBE Family Controller', NULL, NULL, NULL, NULL, NULL, NULL, NULL, NULL, 5, 'MAC: F4:6D:04:60:76:DC', 0, NULL, NULL, 0),
(149, 141, 74, 135, 14, 'VIA High Definition Audio', NULL, NULL, NULL, NULL, NULL, NULL, NULL, NULL, 5, NULL, 0, NULL, NULL, 0),
(150, 0, 74, 153, 5, 'Процессор Intel Pentium III 864/''Advance-10E/B/F''/RAM 256Мб/HDD 37Гб/SiS 5598/6326 8', NULL, NULL, NULL, NULL, NULL, NULL, NULL, NULL, 5, NULL, 1, NULL, NULL, 0),
(151, 150, 74, 153, 16, 'Legend QDI Advance-10E/B/F', NULL, NULL, NULL, 12, NULL, NULL, NULL, NULL, 5, NULL, 0, NULL, NULL, 0),
(152, 150, 74, 153, 18, 'Процессор Intel Pentium III 864', NULL, NULL, NULL, NULL, NULL, NULL, NULL, NULL, 5, NULL, 0, NULL, NULL, 0),
(153, 150, 74, 153, 17, ' DDR3-? 128Мб ', NULL, NULL, NULL, NULL, NULL, NULL, NULL, NULL, 5, NULL, 0, NULL, NULL, 0),
(154, 150, 74, 153, 17, ' DDR3-? 128Мб ', NULL, NULL, NULL, NULL, NULL, NULL, NULL, NULL, 5, NULL, 0, NULL, NULL, 0),
(155, 150, 74, 153, 11, 'SAMSUNG SV0412H 37Гб ', NULL, NULL, NULL, NULL, NULL, NULL, NULL, NULL, 5, NULL, 0, NULL, NULL, 0),
(156, 150, 74, 153, 9, '-', NULL, NULL, NULL, NULL, NULL, NULL, NULL, NULL, 5, NULL, 0, NULL, NULL, 0),
(157, 150, 74, 153, 13, 'SiS 5598/6326 8Мб ', NULL, NULL, NULL, NULL, NULL, NULL, NULL, NULL, 5, NULL, 0, NULL, NULL, 0),
(158, 150, 74, 153, 19, 'Realtek RTL8139 Family PCI Fast Ethernet NIC', NULL, NULL, NULL, NULL, NULL, NULL, NULL, NULL, 5, 'MAC: 00:C0:26:A4:9C:D1', 0, NULL, NULL, 0),
(159, 150, 74, 153, 14, '-', NULL, NULL, NULL, NULL, NULL, NULL, NULL, NULL, 5, NULL, 0, NULL, NULL, 0),
(160, 0, 74, 86, 5, 'Pentium(R) Dual-Core CPU E5400 @ 2.70GHz 2700/''P5G41-M LX2/GB''/RAM 2048Мб/HDD 233Гб/Набор микросхем Intel(R) G41 Express', '01651', NULL, NULL, NULL, NULL, NULL, NULL, 0.00, 5, '', 1, NULL, NULL, 0),
(161, 160, 74, 86, 16, 'ASUSTeK Computer INC. P5G41-M LX2/GB', NULL, NULL, NULL, 9, NULL, NULL, NULL, NULL, 5, NULL, 0, NULL, NULL, 0),
(162, 160, 74, 86, 18, 'Pentium(R) Dual-Core CPU E5400 @ 2.70GHz 2700', NULL, NULL, NULL, NULL, NULL, NULL, NULL, NULL, 5, NULL, 0, NULL, NULL, 0),
(163, 160, 74, 86, 17, ' DDR-2 2048Мб ', NULL, NULL, NULL, NULL, NULL, NULL, NULL, NULL, 5, NULL, 0, NULL, NULL, 0),
(164, 160, 74, 86, 11, 'ST3250318AS ATA Device 233Гб ', NULL, NULL, NULL, NULL, NULL, NULL, NULL, NULL, 5, NULL, 0, NULL, NULL, 0),
(165, 160, 74, 86, 9, '-', NULL, NULL, NULL, NULL, NULL, NULL, NULL, NULL, 5, NULL, 0, NULL, NULL, 0),
(166, 160, 74, 86, 13, 'Набор микросхем Intel(R) G41 Express (корпорация Майкрософт - WDDM 1.1) 783Мб ', NULL, NULL, NULL, NULL, NULL, NULL, NULL, NULL, 5, NULL, 0, NULL, NULL, 0),
(167, 160, 74, 86, 19, 'Сетевая карта Realtek RTL8168D/8111D Family PCI-E Gigabit Ethernet NIC (NDIS 6.20)', NULL, NULL, NULL, NULL, NULL, NULL, NULL, NULL, 5, 'MAC: E0:CB:4E:C3:EB:1E', 0, NULL, NULL, 0),
(168, 160, 74, 86, 14, 'Устройство с поддержкой High Definition Audio', NULL, NULL, NULL, NULL, NULL, NULL, NULL, NULL, 5, NULL, 0, NULL, NULL, 0),
(169, 0, 74, 194, 20, 'Intel(R) Core(TM)2 Duo CPU T6570 @ 2.10GHz 2101/''NITU1''/RAM 3072Мб/HDD 298Гб/NVIDIA GeForce G210M 512', '01761', 'CBG1784458', NULL, 13, NULL, NULL, NULL, 0.00, 5, 'Lenovo G550', 1, NULL, NULL, 0),
(170, 169, 74, 194, 16, 'LENOVO NITU1', NULL, NULL, NULL, 13, NULL, NULL, NULL, NULL, 5, NULL, 0, NULL, NULL, 0),
(171, 169, 74, 194, 18, 'Intel(R) Core(TM)2 Duo CPU T6570 @ 2.10GHz 2101', NULL, NULL, NULL, NULL, NULL, NULL, NULL, NULL, 5, NULL, 0, NULL, NULL, 0),
(172, 169, 74, 194, 17, ' DDR3-? 2048Мб ', NULL, NULL, NULL, NULL, NULL, NULL, NULL, NULL, 5, NULL, 0, NULL, NULL, 0),
(173, 169, 74, 194, 17, ' DDR3-? 1024Мб ', NULL, NULL, NULL, NULL, NULL, NULL, NULL, NULL, 5, NULL, 0, NULL, NULL, 0),
(174, 169, 74, 194, 11, 'ST320LT022-1AE142 298Гб ', NULL, NULL, NULL, NULL, NULL, NULL, NULL, NULL, 5, NULL, 0, NULL, NULL, 0),
(175, 169, 74, 194, 9, 'TSSTcorp CDDVDW TS-L633B', NULL, NULL, NULL, NULL, NULL, NULL, NULL, NULL, 5, NULL, 0, NULL, NULL, 0),
(176, 169, 74, 194, 13, 'NVIDIA GeForce G210M 512Мб ', NULL, NULL, NULL, NULL, NULL, NULL, NULL, NULL, 5, NULL, 0, NULL, NULL, 0),
(177, 169, 74, 194, 19, 'Broadcom NetLink (TM) Fast Ethernet', NULL, NULL, NULL, NULL, NULL, NULL, NULL, NULL, 5, 'MAC: 00:26:22:DF:BC:B4', 0, NULL, NULL, 0),
(178, 169, 74, 194, 19, 'Сетевой адаптер Broadcom 802.11g', NULL, NULL, NULL, NULL, NULL, NULL, NULL, NULL, 5, 'MAC: 00:26:82:55:66:A6', 0, NULL, NULL, 0),
(179, 169, 74, 194, 14, 'NVIDIA High Definition Audio', NULL, NULL, NULL, NULL, NULL, NULL, NULL, NULL, 5, NULL, 0, NULL, NULL, 0),
(180, 169, 74, 194, 14, 'NVIDIA High Definition Audio', NULL, NULL, NULL, NULL, NULL, NULL, NULL, NULL, 5, NULL, 0, NULL, NULL, 0),
(181, 169, 74, 194, 14, 'NVIDIA High Definition Audio', NULL, NULL, NULL, NULL, NULL, NULL, NULL, NULL, 5, NULL, 0, NULL, NULL, 0),
(182, 169, 74, 194, 14, 'Conexant SmartAudio HD', NULL, NULL, NULL, NULL, NULL, NULL, NULL, NULL, 5, NULL, 0, NULL, NULL, 0),
(183, 169, 74, 194, 14, 'NVIDIA High Definition Audio', NULL, NULL, NULL, NULL, NULL, NULL, NULL, NULL, 5, NULL, 0, NULL, NULL, 0),
(184, 0, 74, 194, 5, 'Intel Celeron Dual-Core 2.0 Mhz/''P5L-MX''/RAM 2048Мб/HDD Гб/Intel(R) 82945G Express Chipset Family 128', '01619', NULL, NULL, NULL, NULL, NULL, NULL, 0.00, 5, '', 1, NULL, NULL, 0),
(185, 184, 74, 194, 16, 'ASUSTeK Computer INC. P5L-MX', NULL, NULL, NULL, 9, NULL, NULL, NULL, NULL, 5, NULL, 0, NULL, NULL, 0),
(186, 184, 74, 194, 18, 'Intel Celeron Dual-Core 2.0 Mhz', NULL, NULL, NULL, NULL, NULL, NULL, NULL, 0.00, 5, '', 0, NULL, NULL, 0),
(187, 184, 74, 194, 17, ' DDR2 1024Мб ', NULL, NULL, NULL, NULL, NULL, NULL, NULL, 0.00, 5, '', 0, NULL, NULL, 0),
(189, 184, 74, 194, 9, 'AXV CD/DVD-ROM SCSI CdRom Device', NULL, NULL, NULL, NULL, NULL, NULL, NULL, NULL, 5, NULL, 0, NULL, NULL, 0),
(191, 184, 74, 194, 13, 'Intel(R) 82945G Express Chipset Family 128Мб ', NULL, NULL, NULL, NULL, NULL, NULL, NULL, NULL, 5, NULL, 0, NULL, NULL, 0),
(192, 184, 74, 194, 19, 'Attansic L1 Gigabit Ethernet 10/100/1000Base-T Controller', NULL, NULL, NULL, NULL, NULL, NULL, NULL, NULL, 5, 'MAC: 00:1D:60:6F:EC:A4', 0, NULL, NULL, 0),
(193, 184, 74, 194, 14, 'SoundMAX Integrated Digital HD Audio', NULL, NULL, NULL, NULL, NULL, NULL, NULL, NULL, 5, NULL, 0, NULL, NULL, 0),
(194, 0, 74, 125, 20, 'Intel(R) Core(TM) i5 CPU M 480 @ 2.67GHz 2661/''0NVXFV''/RAM 4096Мб/HDD 466Гб/NVIDIA GeForce 310M 512', '00000051', '6LFD3N1', NULL, 14, NULL, NULL, NULL, 0.00, 5, 'DELL Vostro 3500', 1, NULL, NULL, 0),
(195, 194, 74, 125, 16, 'Dell Inc. 0NVXFV', NULL, NULL, NULL, 14, NULL, NULL, NULL, NULL, 5, NULL, 0, NULL, NULL, 0),
(196, 194, 74, 125, 18, 'Intel(R) Core(TM) i5 CPU M 480 @ 2.67GHz 2661', NULL, NULL, NULL, NULL, NULL, NULL, NULL, NULL, 5, NULL, 0, NULL, NULL, 0),
(197, 194, 74, 125, 17, ' DDR3-? 2048Мб ', NULL, NULL, NULL, NULL, NULL, NULL, NULL, NULL, 5, NULL, 0, NULL, NULL, 0),
(198, 194, 74, 125, 17, ' DDR3-? 2048Мб ', NULL, NULL, NULL, NULL, NULL, NULL, NULL, NULL, 5, NULL, 0, NULL, NULL, 0),
(199, 194, 74, 125, 11, 'TOSHIBA MK5075GSX 466Гб ', NULL, NULL, NULL, NULL, NULL, NULL, NULL, NULL, 5, NULL, 0, NULL, NULL, 0),
(200, 194, 74, 125, 9, 'TSSTcorp DVD+-RW TS-L633J', NULL, NULL, NULL, NULL, NULL, NULL, NULL, NULL, 5, NULL, 0, NULL, NULL, 0),
(201, 194, 74, 125, 13, 'NVIDIA GeForce 310M 512Мб ', NULL, NULL, NULL, NULL, NULL, NULL, NULL, NULL, 5, NULL, 0, NULL, NULL, 0),
(202, 194, 74, 125, 19, 'Realtek PCIe GBE Family Controller', NULL, NULL, NULL, NULL, NULL, NULL, NULL, NULL, 5, 'MAC: 78:2B:CB:C6:F4:96', 0, NULL, NULL, 0),
(203, 194, 74, 125, 19, 'Устройства Bluetooth (личной сети)', NULL, NULL, NULL, NULL, NULL, NULL, NULL, NULL, 5, 'MAC: 88:9F:FA:B5:35:D9', 0, NULL, NULL, 0),
(204, 194, 74, 125, 19, 'Плата DW1501 Wireless-N WLAN Half-Mini Card', NULL, NULL, NULL, NULL, NULL, NULL, NULL, NULL, 5, 'MAC: 68:A3:C4:10:8D:18', 0, NULL, NULL, 0),
(205, 194, 74, 125, 14, 'NVIDIA High Definition Audio', NULL, NULL, NULL, NULL, NULL, NULL, NULL, NULL, 5, NULL, 0, NULL, NULL, 0),
(206, 194, 74, 125, 14, 'NVIDIA High Definition Audio', NULL, NULL, NULL, NULL, NULL, NULL, NULL, NULL, 5, NULL, 0, NULL, NULL, 0),
(207, 194, 74, 125, 14, 'Аудио Bluetooth', NULL, NULL, NULL, NULL, NULL, NULL, NULL, NULL, 5, NULL, 0, NULL, NULL, 0),
(208, 194, 74, 125, 14, 'NVIDIA High Definition Audio', NULL, NULL, NULL, NULL, NULL, NULL, NULL, NULL, 5, NULL, 0, NULL, NULL, 0),
(209, 194, 74, 125, 14, 'NVIDIA High Definition Audio', NULL, NULL, NULL, NULL, NULL, NULL, NULL, NULL, 5, NULL, 0, NULL, NULL, 0),
(210, 194, 74, 125, 14, 'IDT High Definition Audio CODEC', NULL, NULL, NULL, NULL, NULL, NULL, NULL, NULL, 5, NULL, 0, NULL, NULL, 0),
(211, 0, 74, 116, 5, 'Процессор Celeron 440 2GHz/''P5GC-MX''/RAM 1024Мб/HDD 75Гб/Intel(R) 82945G Express Chipset Family 128', '00317', NULL, NULL, NULL, NULL, NULL, NULL, 0.00, 5, '', 1, NULL, NULL, 0),
(212, 211, 74, 116, 16, 'ASUSTeK Computer INC. P5GC-MX', NULL, NULL, NULL, 9, NULL, NULL, NULL, NULL, 5, NULL, 0, NULL, NULL, 0),
(213, 211, 74, 116, 18, 'Процессор Intel Pentium II 1999', NULL, NULL, NULL, NULL, NULL, NULL, NULL, NULL, 5, NULL, 0, NULL, NULL, 0),
(214, 211, 74, 116, 17, ' DDR3-? 1024Мб ', NULL, NULL, NULL, NULL, NULL, NULL, NULL, NULL, 5, NULL, 0, NULL, NULL, 0),
(215, 211, 74, 116, 11, 'MAXTOR STM380815AS 75Гб ', NULL, NULL, NULL, NULL, NULL, NULL, NULL, NULL, 5, NULL, 0, NULL, NULL, 0),
(216, 211, 74, 116, 9, 'HL-DT-ST DVD-RAM GSA-H55N', NULL, NULL, NULL, NULL, NULL, NULL, NULL, NULL, 5, NULL, 0, NULL, NULL, 0),
(217, 211, 74, 116, 13, 'Intel(R) 82945G Express Chipset Family 128Мб ', NULL, NULL, NULL, NULL, NULL, NULL, NULL, NULL, 5, NULL, 0, NULL, NULL, 0),
(218, 211, 74, 116, 19, 'Atheros L2 Fast Ethernet 10/100 Base-T Controller', NULL, NULL, NULL, NULL, NULL, NULL, NULL, NULL, 5, 'MAC: 00:1B:FC:73:49:3D', 0, NULL, NULL, 0),
(219, 211, 74, 116, 14, 'Realtek High Definition Audio', NULL, NULL, NULL, NULL, NULL, NULL, NULL, NULL, 5, NULL, 0, NULL, NULL, 0),
(220, 0, 74, 137, 5, 'Процессор Intel Pentium III 751/''i815-ITE8712''/RAM 384Мб/HDD 29Гб/Intel(R) 82815 Graphics Controller (Microsoft Corporation) 32', NULL, NULL, NULL, NULL, NULL, NULL, NULL, NULL, 5, NULL, 1, NULL, NULL, 0),
(221, 220, 74, 137, 16, 'Gigabyte Technology Co., Ltd. i815-ITE8712', NULL, NULL, NULL, 15, NULL, NULL, NULL, NULL, 5, NULL, 0, NULL, NULL, 0),
(222, 220, 74, 137, 18, 'Процессор Intel Pentium III 751', NULL, NULL, NULL, NULL, NULL, NULL, NULL, NULL, 5, NULL, 0, NULL, NULL, 0),
(223, 220, 74, 137, 17, ' DDR3-? 128Мб ', NULL, NULL, NULL, NULL, NULL, NULL, NULL, NULL, 5, NULL, 0, NULL, NULL, 0),
(224, 220, 74, 137, 17, ' DDR3-? 128Мб ', NULL, NULL, NULL, NULL, NULL, NULL, NULL, NULL, 5, NULL, 0, NULL, NULL, 0),
(225, 220, 74, 137, 17, ' DDR3-? 128Мб ', NULL, NULL, NULL, NULL, NULL, NULL, NULL, NULL, 5, NULL, 0, NULL, NULL, 0),
(226, 220, 74, 137, 11, 'SAMSUNG SV0211H 19Гб ', NULL, NULL, NULL, NULL, NULL, NULL, NULL, NULL, 5, NULL, 0, NULL, NULL, 0),
(227, 220, 74, 137, 11, 'ST310212A 10Гб ', NULL, NULL, NULL, NULL, NULL, NULL, NULL, NULL, 5, NULL, 0, NULL, NULL, 0),
(228, 220, 74, 137, 9, 'HL-DT-ST DVDRAM GSA-4163B', NULL, NULL, NULL, NULL, NULL, NULL, NULL, NULL, 5, NULL, 0, NULL, NULL, 0),
(229, 220, 74, 137, 13, 'Intel(R) 82815 Graphics Controller (Microsoft Corporation) 32Мб ', NULL, NULL, NULL, NULL, NULL, NULL, NULL, NULL, 5, NULL, 0, NULL, NULL, 0),
(230, 220, 74, 137, 19, 'Realtek RTL8139 Family PCI Fast Ethernet NIC', NULL, NULL, NULL, NULL, NULL, NULL, NULL, NULL, 5, 'MAC: 00:1F:1F:89:34:5C', 0, NULL, NULL, 0),
(231, 220, 74, 137, 14, '-', NULL, NULL, NULL, NULL, NULL, NULL, NULL, NULL, 5, NULL, 0, NULL, NULL, 0),
(232, 0, 74, 182, 5, 'Intel(R) Core(TM) i3 CPU 540 @ 3.07GHz 1196/''P7H55-M''/RAM 4096Мб/HDD 298Гб/Intel(R) HD Graphics 1543', '000000001', NULL, NULL, NULL, NULL, NULL, NULL, 0.00, 5, '', 1, NULL, NULL, 0),
(233, 232, 74, 182, 16, 'ASUSTeK Computer INC. P7H55-M', NULL, NULL, NULL, 9, NULL, NULL, NULL, NULL, 5, NULL, 0, NULL, NULL, 0),
(234, 232, 74, 182, 18, 'Intel(R) Core(TM) i3 CPU 540 @ 3.07GHz 1196', NULL, NULL, NULL, NULL, NULL, NULL, NULL, NULL, 5, NULL, 0, NULL, NULL, 0),
(235, 232, 74, 182, 17, ' DDR 2048Мб ', NULL, NULL, NULL, NULL, NULL, NULL, NULL, NULL, 5, NULL, 0, NULL, NULL, 0),
(236, 232, 74, 182, 17, ' DDR 2048Мб ', NULL, NULL, NULL, NULL, NULL, NULL, NULL, NULL, 5, NULL, 0, NULL, NULL, 0),
(237, 232, 74, 182, 11, 'SAMSUNG HD322GJ ATA Device 298Гб ', NULL, NULL, NULL, NULL, NULL, NULL, NULL, NULL, 5, NULL, 0, NULL, NULL, 0),
(238, 232, 74, 182, 9, 'WFS 0DYJ0LMF0DU SCSI CdRom Device', NULL, NULL, NULL, NULL, NULL, NULL, NULL, NULL, 5, NULL, 0, NULL, NULL, 0),
(239, 232, 74, 182, 13, 'Intel(R) HD Graphics 1543Мб ', NULL, NULL, NULL, NULL, NULL, NULL, NULL, NULL, 5, NULL, 0, NULL, NULL, 0),
(240, 232, 74, 182, 19, 'Realtek PCIe GBE Family Controller', NULL, NULL, NULL, NULL, NULL, NULL, NULL, NULL, 5, 'MAC: BC:AE:C5:2C:F7:86', 0, NULL, NULL, 0),
(241, 232, 74, 182, 19, 'VirtualBox Host-Only Ethernet Adapter', NULL, NULL, NULL, NULL, NULL, NULL, NULL, NULL, 5, 'MAC: 08:00:27:00:20:AC', 0, NULL, NULL, 0),
(242, 232, 74, 182, 14, 'Realtek High Definition Audio', NULL, NULL, NULL, NULL, NULL, NULL, NULL, NULL, 5, NULL, 0, NULL, NULL, 0),
(243, 232, 74, 182, 14, 'Устройство с поддержкой High Definition Audio', NULL, NULL, NULL, NULL, NULL, NULL, NULL, NULL, 5, NULL, 0, NULL, NULL, 0),
(244, 0, 74, 184, 5, 'Intel(R) Core(TM)2 Duo CPU E7500 @ 2.93GHz 2933/''EP43T-UD3L''/RAM 4096Мб/HDD 466Гб/NVIDIA GeForce 9500 GT 512', '00761', NULL, NULL, NULL, NULL, NULL, NULL, 0.00, 5, '', 1, NULL, NULL, 0),
(245, 244, 74, 184, 16, 'Gigabyte Technology Co., Ltd. EP43T-UD3L', NULL, NULL, NULL, 15, NULL, NULL, NULL, NULL, 5, NULL, 0, NULL, NULL, 0),
(246, 244, 74, 184, 18, 'Intel(R) Core(TM)2 Duo CPU E7500 @ 2.93GHz 2933', NULL, NULL, NULL, NULL, NULL, NULL, NULL, NULL, 5, NULL, 0, NULL, NULL, 0),
(247, 244, 74, 184, 17, ' DDR3-? 2048Мб ', NULL, NULL, NULL, NULL, NULL, NULL, NULL, NULL, 5, NULL, 0, NULL, NULL, 0),
(248, 244, 74, 184, 17, ' DDR3-? 2048Мб ', NULL, NULL, NULL, NULL, NULL, NULL, NULL, NULL, 5, NULL, 0, NULL, NULL, 0),
(249, 244, 74, 184, 11, 'SAMSUNG HD502HJ ATA Device 466Гб ', NULL, NULL, NULL, NULL, NULL, NULL, NULL, NULL, 5, NULL, 0, NULL, NULL, 0),
(250, 244, 74, 184, 9, 'ORKLKJU AJKLE7492ZK SCSI CdRom Device', NULL, NULL, NULL, NULL, NULL, NULL, NULL, NULL, 5, NULL, 0, NULL, NULL, 0),
(251, 244, 74, 184, 9, 'TSSTcorp CDDVDW SH-S223B ATA Device', NULL, NULL, NULL, NULL, NULL, NULL, NULL, NULL, 5, NULL, 0, NULL, NULL, 0),
(252, 244, 74, 184, 13, 'NVIDIA GeForce 9500 GT 512Мб ', NULL, NULL, NULL, NULL, NULL, NULL, NULL, NULL, 5, NULL, 0, NULL, NULL, 0),
(253, 244, 74, 184, 19, 'Realtek RTL8168C(P)/8111C(P) Family PCI-E Gigabit Ethernet NIC (NDIS 6.20)', NULL, NULL, NULL, NULL, NULL, NULL, NULL, NULL, 5, 'MAC: 00:24:1D:D7:75:02', 0, NULL, NULL, 0),
(254, 244, 74, 184, 19, 'Realtek RTL8139/810x Family Fast Ethernet сетевой адаптер', NULL, NULL, NULL, NULL, NULL, NULL, NULL, NULL, 5, 'MAC: 00:1F:1F:90:67:B9', 0, NULL, NULL, 0),
(255, 244, 74, 184, 19, 'Hamachi Network Interface', NULL, NULL, NULL, NULL, NULL, NULL, NULL, NULL, 5, 'MAC: 7A:79:05:71:96:39', 0, NULL, NULL, 0),
(256, 244, 74, 184, 19, 'VirtualBox Host-Only Ethernet Adapter', NULL, NULL, NULL, NULL, NULL, NULL, NULL, NULL, 5, 'MAC: 08:00:27:00:58:AE', 0, NULL, NULL, 0),
(257, 244, 74, 184, 14, 'Устройство с поддержкой High Definition Audio', NULL, NULL, NULL, NULL, NULL, NULL, NULL, NULL, 5, NULL, 0, NULL, NULL, 0),
(258, 0, 74, 194, 20, 'Intel Core2 Duo T6570 2.10GHz 2101/''047MWF''/RAM 3072Мб/HDD 466Гб/Mobile Intel 4 Series Express Chipset Family 1294', '01780', '74R5LL1', NULL, 14, NULL, NULL, NULL, 0.00, 5, 'Dell VOSTRO 1015 (IT4)', 1, NULL, NULL, 0),
(259, 258, 74, 194, 16, 'Dell Inc. 047MWF', NULL, NULL, NULL, 14, NULL, NULL, NULL, NULL, 5, NULL, 0, NULL, NULL, 0),
(260, 258, 74, 194, 18, 'Intel Core 2 Duo T6570 2.10GHz 2101', NULL, NULL, NULL, NULL, NULL, NULL, NULL, 0.00, 5, '', 0, NULL, NULL, 0),
(261, 258, 74, 194, 17, ' DDR 1024Мб ', NULL, NULL, NULL, NULL, NULL, NULL, NULL, NULL, 5, NULL, 0, NULL, NULL, 0),
(262, 258, 74, 194, 17, ' DDR 2048Мб ', NULL, NULL, NULL, NULL, NULL, NULL, NULL, NULL, 5, NULL, 0, NULL, NULL, 0),
(263, 258, 74, 194, 11, 'ST9500325AS 466Гб ', NULL, NULL, NULL, NULL, NULL, NULL, NULL, NULL, 5, NULL, 0, NULL, NULL, 0),
(264, 258, 74, 194, 9, 'Optiarc DVD+-RW AD-7585H', NULL, NULL, NULL, NULL, NULL, NULL, NULL, NULL, 5, NULL, 0, NULL, NULL, 0),
(265, 258, 74, 194, 13, 'Mobile Intel(R) 4 Series Express Chipset Family 1294Мб ', NULL, NULL, NULL, NULL, NULL, NULL, NULL, NULL, 5, NULL, 0, NULL, NULL, 0),
(266, 258, 74, 194, 19, 'Realtek PCIe GBE Family Controller', NULL, NULL, NULL, NULL, NULL, NULL, NULL, NULL, 5, 'MAC: 00:26:B9:21:E8:99', 0, NULL, NULL, 0),
(267, 258, 74, 194, 19, 'Dell Wireless 1397 WLAN Mini-Card', NULL, NULL, NULL, NULL, NULL, NULL, NULL, NULL, 5, 'MAC: C4:17:FE:57:E7:FF', 0, NULL, NULL, 0),
(268, 258, 74, 194, 19, 'Устройства Bluetooth (личной сети)', NULL, NULL, NULL, NULL, NULL, NULL, NULL, NULL, 5, 'MAC: 00:27:13:90:11:62', 0, NULL, NULL, 0),
(269, 258, 74, 194, 14, 'Conexant HD Audio', NULL, NULL, NULL, NULL, NULL, NULL, NULL, NULL, 5, NULL, 0, NULL, NULL, 0),
(270, 0, 74, 188, 20, 'Pentium(R) Dual-Core CPU T4300 @ 2.10GHz 2100/''D48''/RAM 3072Мб/HDD 298Гб/Mobile Intel(R) 4 Series Express Chipset Family 1292', '01662', '914K0Z1604G9300106CKS1A', NULL, 16, NULL, NULL, NULL, 0.00, 5, 'Fujitsu D48 Esprimo Mobile V6535', 1, NULL, NULL, 0),
(271, 270, 74, 188, 16, 'FUJITSU SIEMENS D48', NULL, NULL, NULL, 16, NULL, NULL, NULL, NULL, 5, NULL, 0, NULL, NULL, 0),
(272, 270, 74, 188, 18, 'Pentium(R) Dual-Core CPU T4300 @ 2.10GHz 2100', NULL, NULL, NULL, NULL, NULL, NULL, NULL, NULL, 5, NULL, 0, NULL, NULL, 0),
(273, 270, 74, 188, 17, ' DDR-2 1024Мб ', NULL, NULL, NULL, NULL, NULL, NULL, NULL, NULL, 5, NULL, 0, NULL, NULL, 0),
(274, 270, 74, 188, 17, ' DDR-2 2048Мб ', NULL, NULL, NULL, NULL, NULL, NULL, NULL, NULL, 5, NULL, 0, NULL, NULL, 0),
(275, 270, 74, 188, 11, 'Hitachi HTS543232L9A300 ATA Device 298Гб ', NULL, NULL, NULL, NULL, NULL, NULL, NULL, NULL, 5, NULL, 0, NULL, NULL, 0),
(276, 270, 74, 188, 9, 'TSSTcorp CDDVDW TS-L633A ATA Device', NULL, NULL, NULL, NULL, NULL, NULL, NULL, NULL, 5, NULL, 0, NULL, NULL, 0),
(277, 270, 74, 188, 13, 'Mobile Intel(R) 4 Series Express Chipset Family 1292Мб ', NULL, NULL, NULL, NULL, NULL, NULL, NULL, NULL, 5, NULL, 0, NULL, NULL, 0),
(278, 270, 74, 188, 19, 'Realtek PCIe GBE Family Controller', NULL, NULL, NULL, NULL, NULL, NULL, NULL, NULL, 5, 'MAC: 00:1F:16:23:B7:D7', 0, NULL, NULL, 0),
(279, 270, 74, 188, 19, 'Atheros AR5007EG Wireless Network Adapter', NULL, NULL, NULL, NULL, NULL, NULL, NULL, NULL, 5, 'MAC: 00:22:5F:C3:84:1D', 0, NULL, NULL, 0),
(280, 270, 74, 188, 14, 'Realtek High Definition Audio', NULL, NULL, NULL, NULL, NULL, NULL, NULL, NULL, 5, NULL, 0, NULL, NULL, 0),
(281, 270, 74, 188, 14, 'Unimodem аудиоустройство с полудуплексом', NULL, NULL, NULL, NULL, NULL, NULL, NULL, NULL, 5, NULL, 0, NULL, NULL, 0),
(282, 0, 74, 89, 5, 'Процессор Intel Celeron 467/''i810-ITE8712''/RAM 512Мб/HDD 8Гб/Intel(R) 82810 Graphics Controller (Microsoft Corporation) 32', NULL, NULL, NULL, NULL, NULL, NULL, NULL, NULL, 5, NULL, 1, NULL, NULL, 0),
(283, 282, 74, 89, 16, '- i810-ITE8712', NULL, NULL, NULL, 18, NULL, NULL, NULL, NULL, 5, NULL, 0, NULL, NULL, 0),
(284, 282, 74, 89, 18, 'Процессор Intel Celeron 467', NULL, NULL, NULL, NULL, NULL, NULL, NULL, NULL, 5, NULL, 0, NULL, NULL, 0),
(285, 282, 74, 89, 17, ' DDR3-? 128Мб ', NULL, NULL, NULL, NULL, NULL, NULL, NULL, NULL, 5, NULL, 0, NULL, NULL, 0),
(286, 282, 74, 89, 17, ' DDR3-? 128Мб ', NULL, NULL, NULL, NULL, NULL, NULL, NULL, NULL, 5, NULL, 0, NULL, NULL, 0),
(287, 282, 74, 89, 17, ' DDR3-? 128Мб ', NULL, NULL, NULL, NULL, NULL, NULL, NULL, NULL, 5, NULL, 0, NULL, NULL, 0),
(288, 282, 74, 89, 17, ' DDR3-? 128Мб ', NULL, NULL, NULL, NULL, NULL, NULL, NULL, NULL, 5, NULL, 0, NULL, NULL, 0),
(289, 282, 74, 89, 11, 'QUANTUM FIREBALLlct08 08 8Гб ', NULL, NULL, NULL, NULL, NULL, NULL, NULL, NULL, 5, NULL, 0, NULL, NULL, 0),
(290, 282, 74, 89, 9, '-', NULL, NULL, NULL, NULL, NULL, NULL, NULL, NULL, 5, NULL, 0, NULL, NULL, 0),
(291, 282, 74, 89, 13, 'Intel(R) 82810 Graphics Controller (Microsoft Corporation) 32Мб ', NULL, NULL, NULL, NULL, NULL, NULL, NULL, NULL, 5, NULL, 0, NULL, NULL, 0),
(292, 282, 74, 89, 19, 'D-Link DFE-520TX PCI Fast Ethernet Adapter', NULL, NULL, NULL, NULL, NULL, NULL, NULL, NULL, 5, 'MAC: 00:19:5B:38:74:3D', 0, NULL, NULL, 0),
(293, 282, 74, 89, 14, '-', NULL, NULL, NULL, NULL, NULL, NULL, NULL, NULL, 5, NULL, 0, NULL, NULL, 0),
(294, 0, 74, 154, 20, 'Pentium(R) Dual-Core CPU T4300 @ 2.10GHz 1197/''P81IJ''/RAM 2048Мб/HDD 298Гб/Mobile Intel(R) 4 Series Express Chipset Family 783', '01208', '9AN0AS857938448', NULL, 9, NULL, NULL, NULL, 0.00, 5, 'ASUS P81IJ', 1, NULL, NULL, 0),
(295, 294, 74, 154, 16, 'ASUSTeK Computer Inc. P81IJ', NULL, NULL, NULL, 9, NULL, NULL, NULL, NULL, 5, NULL, 0, NULL, NULL, 0),
(296, 294, 74, 154, 18, 'Pentium(R) Dual-Core CPU T4300 @ 2.10GHz 1197', NULL, NULL, NULL, NULL, NULL, NULL, NULL, NULL, 5, NULL, 0, NULL, NULL, 0),
(297, 294, 74, 154, 17, ' DDR-2 2048Мб ', NULL, NULL, NULL, NULL, NULL, NULL, NULL, NULL, 5, NULL, 0, NULL, NULL, 0),
(298, 294, 74, 154, 11, 'ST9320325AS ATA Device 298Гб ', NULL, NULL, NULL, NULL, NULL, NULL, NULL, NULL, 5, NULL, 0, NULL, NULL, 0),
(299, 294, 74, 154, 9, 'HL-DT-ST DVDRAM GT30N ATA Device', NULL, NULL, NULL, NULL, NULL, NULL, NULL, NULL, 5, NULL, 0, NULL, NULL, 0),
(300, 294, 74, 154, 9, 'CZWBIDO 0XMZC9Y SCSI CdRom Device', NULL, NULL, NULL, NULL, NULL, NULL, NULL, NULL, 5, NULL, 0, NULL, NULL, 0),
(301, 294, 74, 154, 13, 'Mobile Intel(R) 4 Series Express Chipset Family 783Мб ', NULL, NULL, NULL, NULL, NULL, NULL, NULL, NULL, 5, NULL, 0, NULL, NULL, 0),
(302, 294, 74, 154, 19, 'Atheros AR9285 Wireless Network Adapter', NULL, NULL, NULL, NULL, NULL, NULL, NULL, NULL, 5, 'MAC: 00:25:D3:C1:C9:1C', 0, NULL, NULL, 0),
(303, 294, 74, 154, 19, 'Atheros AR8121/AR8113/AR8114 PCI-E Ethernet Controller', NULL, NULL, NULL, NULL, NULL, NULL, NULL, NULL, 5, 'MAC: 90:E6:BA:9D:FD:23', 0, NULL, NULL, 0),
(304, 294, 74, 154, 14, 'Устройство с поддержкой High Definition Audio', NULL, NULL, NULL, NULL, NULL, NULL, NULL, NULL, 5, NULL, 0, NULL, NULL, 0),
(305, 0, 74, 156, 5, 'Intel(R) Celeron(R) CPU E1400 @ 2.00GHz 1999/''G31MX Series''/RAM 512Мб/HDD 75Гб/Intel(R) G33/G31 Express Chipset Family 128', '00633', NULL, NULL, NULL, NULL, NULL, NULL, 0.00, 5, '', 1, NULL, NULL, 0),
(306, 305, 74, 156, 16, 'Foxconn G31MX Series', NULL, NULL, NULL, 17, NULL, NULL, NULL, NULL, 5, NULL, 0, NULL, NULL, 0),
(307, 305, 74, 156, 18, 'Intel(R) Celeron(R) CPU E1400 @ 2.00GHz 1999', NULL, NULL, NULL, NULL, NULL, NULL, NULL, NULL, 5, NULL, 0, NULL, NULL, 0),
(308, 305, 74, 156, 17, ' DDR3-? 512Мб ', NULL, NULL, NULL, NULL, NULL, NULL, NULL, NULL, 5, NULL, 0, NULL, NULL, 0),
(309, 305, 74, 156, 11, 'SAMSUNG HD082GJ 75Гб ', NULL, NULL, NULL, NULL, NULL, NULL, NULL, NULL, 5, NULL, 0, NULL, NULL, 0),
(310, 305, 74, 156, 9, 'HL-DT-ST DVDRAM GH22NS40', NULL, NULL, NULL, NULL, NULL, NULL, NULL, NULL, 5, NULL, 0, NULL, NULL, 0),
(311, 305, 74, 156, 13, 'Intel(R) G33/G31 Express Chipset Family 128Мб ', NULL, NULL, NULL, NULL, NULL, NULL, NULL, NULL, 5, NULL, 0, NULL, NULL, 0),
(312, 305, 74, 156, 19, 'Realtek RTL8168/8111 PCI-E Gigabit Ethernet NIC', NULL, NULL, NULL, NULL, NULL, NULL, NULL, NULL, 5, 'MAC: 00:1F:E2:52:EC:8F', 0, NULL, NULL, 0),
(313, 305, 74, 156, 14, 'Realtek High Definition Audio', NULL, NULL, NULL, NULL, NULL, NULL, NULL, NULL, 5, NULL, 0, NULL, NULL, 0),
(314, 0, 74, 157, 5, 'Genuine Intel(R) CPU 2160 @ 1.80GHz 1800/''P5B-MX/WiFi-AP''/RAM 2048Мб/HDD 149Гб/Intel(R)  946GZ Express Chipset Family 256', '426', NULL, NULL, NULL, NULL, NULL, NULL, 0.00, 5, '', 1, NULL, NULL, 0),
(315, 314, 74, 157, 16, 'ASUSTeK Computer INC. P5B-MX/WiFi-AP', NULL, NULL, NULL, 9, NULL, NULL, NULL, NULL, 5, NULL, 0, NULL, NULL, 0),
(316, 314, 74, 157, 18, 'Genuine Intel(R) CPU 2160 @ 1.80GHz 1800', NULL, NULL, NULL, NULL, NULL, NULL, NULL, NULL, 5, NULL, 0, NULL, NULL, 0),
(317, 314, 74, 157, 17, ' DDR3-? 1024Мб ', NULL, NULL, NULL, NULL, NULL, NULL, NULL, NULL, 5, NULL, 0, NULL, NULL, 0),
(318, 314, 74, 157, 17, ' DDR3-? 1024Мб ', NULL, NULL, NULL, NULL, NULL, NULL, NULL, NULL, 5, NULL, 0, NULL, NULL, 0),
(319, 314, 74, 157, 11, 'ST3160815AS 149Гб ', NULL, NULL, NULL, NULL, NULL, NULL, NULL, NULL, 5, NULL, 0, NULL, NULL, 0),
(320, 314, 74, 157, 9, 'ASUS DRW-1814BL', NULL, NULL, NULL, NULL, NULL, NULL, NULL, NULL, 5, NULL, 0, NULL, NULL, 0),
(321, 314, 74, 157, 13, 'Intel(R)  946GZ Express Chipset Family 256Мб ', NULL, NULL, NULL, NULL, NULL, NULL, NULL, NULL, 5, NULL, 0, NULL, NULL, 0),
(322, 314, 74, 157, 19, 'Atheros L1 Gigabit Ethernet 10/100/1000Base-T Controller', NULL, NULL, NULL, NULL, NULL, NULL, NULL, NULL, 5, 'MAC: 00:1D:60:7D:42:8C', 0, NULL, NULL, 0),
(323, 314, 74, 157, 19, 'VIA Rhine III Fast Ethernet Adapter', NULL, NULL, NULL, NULL, NULL, NULL, NULL, NULL, 5, 'MAC: 00:22:B0:DE:79:F8', 0, NULL, NULL, 0),
(324, 314, 74, 157, 14, 'Realtek High Definition Audio', NULL, NULL, NULL, NULL, NULL, NULL, NULL, NULL, 5, NULL, 0, NULL, NULL, 0),
(325, 0, 74, 75, 5, 'Intel(R) Core(TM)2 Duo CPU E7500 @ 2.93GHz 2936/''P5P43TD''/RAM 2048Мб/HDD 466Гб/NVIDIA GeForce GT 240 1024', '01648', NULL, NULL, NULL, NULL, NULL, NULL, 0.00, 5, '', 1, NULL, NULL, 0),
(326, 325, 74, 75, 16, 'ASUSTeK Computer INC. P5P43TD', NULL, NULL, NULL, 9, NULL, NULL, NULL, NULL, 5, NULL, 0, NULL, NULL, 0),
(327, 325, 74, 75, 18, 'Intel(R) Core(TM)2 Duo CPU E7500 @ 2.93GHz 2936', NULL, NULL, NULL, NULL, NULL, NULL, NULL, NULL, 5, NULL, 0, NULL, NULL, 0),
(328, 325, 74, 75, 17, ' Other 1024Мб ', NULL, NULL, NULL, NULL, NULL, NULL, NULL, NULL, 5, NULL, 0, NULL, NULL, 0),
(329, 325, 74, 75, 17, ' Other 1024Мб ', NULL, NULL, NULL, NULL, NULL, NULL, NULL, NULL, 5, NULL, 0, NULL, NULL, 0),
(330, 325, 74, 75, 11, 'SAMSUNG HD502HI ATA Device 466Гб ', NULL, NULL, NULL, NULL, NULL, NULL, NULL, NULL, 5, NULL, 0, NULL, NULL, 0),
(331, 325, 74, 75, 9, 'TIFQ DIZ0XIZ SCSI CdRom Device', NULL, NULL, NULL, NULL, NULL, NULL, NULL, NULL, 5, NULL, 0, NULL, NULL, 0),
(332, 325, 74, 75, 9, 'HL-DT-ST DVDRAM GH22NS50 ATA Device', NULL, NULL, NULL, NULL, NULL, NULL, NULL, NULL, 5, NULL, 0, NULL, NULL, 0),
(333, 325, 74, 75, 13, 'NVIDIA GeForce GT 240 1024Мб ', NULL, NULL, NULL, NULL, NULL, NULL, NULL, NULL, 5, NULL, 0, NULL, NULL, 0),
(334, 325, 74, 75, 19, 'Atheros AR8121/AR8113/AR8114 PCI-E Ethernet Controller #2', NULL, NULL, NULL, NULL, NULL, NULL, NULL, NULL, 5, 'MAC: E0:CB:4E:1A:C6:0B', 0, NULL, NULL, 0),
(335, 325, 74, 75, 14, 'Logitech Mic (QuickCam S5500)', NULL, NULL, NULL, NULL, NULL, NULL, NULL, NULL, 5, NULL, 0, NULL, NULL, 0),
(336, 325, 74, 75, 14, 'NVIDIA High Definition Audio', NULL, NULL, NULL, NULL, NULL, NULL, NULL, NULL, 5, NULL, 0, NULL, NULL, 0),
(337, 325, 74, 75, 14, 'NVIDIA High Definition Audio', NULL, NULL, NULL, NULL, NULL, NULL, NULL, NULL, 5, NULL, 0, NULL, NULL, 0),
(338, 325, 74, 75, 14, 'NVIDIA High Definition Audio', NULL, NULL, NULL, NULL, NULL, NULL, NULL, NULL, 5, NULL, 0, NULL, NULL, 0),
(339, 325, 74, 75, 14, 'NVIDIA High Definition Audio', NULL, NULL, NULL, NULL, NULL, NULL, NULL, NULL, 5, NULL, 0, NULL, NULL, 0),
(340, 325, 74, 75, 14, 'Realtek High Definition Audio', NULL, NULL, NULL, NULL, NULL, NULL, NULL, NULL, 5, NULL, 0, NULL, NULL, 0),
(341, 0, 74, 155, 5, 'Процессор Intel Pentium III Xeon 2797/''P5KPL-AM IN/ROEM/SI''/RAM 2048Мб/HDD 298Гб/Intel(R) G33/G31 Express Chipset Family 256', '00689', NULL, NULL, NULL, NULL, NULL, NULL, 0.00, 5, '', 1, NULL, NULL, 0),
(342, 341, 74, 155, 16, 'ASUSTeK Computer INC. P5KPL-AM IN/ROEM/SI', NULL, NULL, NULL, 9, NULL, NULL, NULL, NULL, 5, NULL, 0, NULL, NULL, 0),
(343, 341, 74, 155, 18, 'Процессор Intel Pentium III Xeon 2797', NULL, NULL, NULL, NULL, NULL, NULL, NULL, NULL, 5, NULL, 0, NULL, NULL, 0),
(344, 341, 74, 155, 17, ' DDR3-? 2048Мб ', NULL, NULL, NULL, NULL, NULL, NULL, NULL, NULL, 5, NULL, 0, NULL, NULL, 0),
(345, 341, 74, 155, 11, 'Hitachi HDT721032SLA360 298Гб ', NULL, NULL, NULL, NULL, NULL, NULL, NULL, NULL, 5, NULL, 0, NULL, NULL, 0),
(346, 341, 74, 155, 9, 'Optiarc DVD RW AD-7191S', NULL, NULL, NULL, NULL, NULL, NULL, NULL, NULL, 5, NULL, 0, NULL, NULL, 0),
(347, 341, 74, 155, 13, 'Intel(R) G33/G31 Express Chipset Family 256Мб ', NULL, NULL, NULL, NULL, NULL, NULL, NULL, NULL, 5, NULL, 0, NULL, NULL, 0),
(348, 341, 74, 155, 19, 'Realtek RTL8139/810x Family Fast Ethernet NIC', NULL, NULL, NULL, NULL, NULL, NULL, NULL, NULL, 5, 'MAC: 00:26:18:BE:80:AB', 0, NULL, NULL, 0),
(349, 341, 74, 155, 19, 'Realtek RTL8139 Family PCI Fast Ethernet NIC', NULL, NULL, NULL, NULL, NULL, NULL, NULL, NULL, 5, 'MAC: 00:19:E0:14:42:F9', 0, NULL, NULL, 0),
(350, 341, 74, 155, 14, 'VIA High Definition Audio', NULL, NULL, NULL, NULL, NULL, NULL, NULL, NULL, 5, NULL, 0, NULL, NULL, 0),
(351, 0, 74, 132, 5, 'Pentium(R) Dual-Core CPU E5400 @ 2.70GHz 2700/''P5KPL-AM IN/ROEM/SI''/RAM 2048Мб/HDD 149Гб/Intel(R) G33/G31 Express Chipset Family 256', NULL, NULL, NULL, NULL, NULL, NULL, NULL, NULL, 5, NULL, 1, NULL, NULL, 0),
(352, 351, 74, 132, 16, 'ASUSTeK Computer INC. P5KPL-AM IN/ROEM/SI', NULL, NULL, NULL, 9, NULL, NULL, NULL, NULL, 5, NULL, 0, NULL, NULL, 0),
(353, 351, 74, 132, 18, 'Pentium(R) Dual-Core CPU E5400 @ 2.70GHz 2700', NULL, NULL, NULL, NULL, NULL, NULL, NULL, NULL, 5, NULL, 0, NULL, NULL, 0),
(354, 351, 74, 132, 17, ' DDR-2 1024Мб ', NULL, NULL, NULL, NULL, NULL, NULL, NULL, NULL, 5, NULL, 0, NULL, NULL, 0),
(355, 351, 74, 132, 17, ' DDR-2 1024Мб ', NULL, NULL, NULL, NULL, NULL, NULL, NULL, NULL, 5, NULL, 0, NULL, NULL, 0),
(356, 351, 74, 132, 11, 'Hitachi HDT721016SLA380 ATA Device 149Гб ', NULL, NULL, NULL, NULL, NULL, NULL, NULL, NULL, 5, NULL, 0, NULL, NULL, 0),
(357, 351, 74, 132, 9, '-', NULL, NULL, NULL, NULL, NULL, NULL, NULL, NULL, 5, NULL, 0, NULL, NULL, 0),
(358, 351, 74, 132, 13, 'Intel(R) G33/G31 Express Chipset Family 256Мб ', NULL, NULL, NULL, NULL, NULL, NULL, NULL, NULL, 5, NULL, 0, NULL, NULL, 0),
(359, 351, 74, 132, 19, 'Сетевая карта Realtek RTL8102E/RTL8103E Family PCI-E Fast Ethernet NIC (NDIS 6.20)', NULL, NULL, NULL, NULL, NULL, NULL, NULL, NULL, 5, 'MAC: E0:CB:4E:C1:04:4B', 0, NULL, NULL, 0),
(360, 351, 74, 132, 14, 'Устройство с поддержкой High Definition Audio', NULL, NULL, NULL, NULL, NULL, NULL, NULL, NULL, 5, NULL, 0, NULL, NULL, 0),
(361, 0, 74, 139, 5, 'Intel(R) Core(TM)2 Duo CPU E6750 @ 2.66GHz 2666/''G31MF-S2''/RAM 2048Мб/HDD 298Гб/Intel(R) G33/G31 Express Chipset Family 384', NULL, NULL, NULL, NULL, NULL, NULL, NULL, NULL, 5, NULL, 1, NULL, NULL, 0),
(362, 361, 74, 139, 16, 'Gigabyte Technology Co., Ltd. G31MF-S2', NULL, NULL, NULL, 15, NULL, NULL, NULL, NULL, 5, NULL, 0, NULL, NULL, 0),
(363, 361, 74, 139, 18, 'Intel(R) Core(TM)2 Duo CPU E6750 @ 2.66GHz 2666', NULL, NULL, NULL, NULL, NULL, NULL, NULL, NULL, 5, NULL, 0, NULL, NULL, 0),
(364, 361, 74, 139, 17, ' DDR3-? 1024Мб ', NULL, NULL, NULL, NULL, NULL, NULL, NULL, NULL, 5, NULL, 0, NULL, NULL, 0),
(365, 361, 74, 139, 17, ' DDR3-? 1024Мб ', NULL, NULL, NULL, NULL, NULL, NULL, NULL, NULL, 5, NULL, 0, NULL, NULL, 0),
(366, 361, 74, 139, 11, 'WDC WD3200AAJS-00B4A0 298Гб ', NULL, NULL, NULL, NULL, NULL, NULL, NULL, NULL, 5, NULL, 0, NULL, NULL, 0),
(367, 361, 74, 139, 9, 'ASUS DRW-2014S1T', NULL, NULL, NULL, NULL, NULL, NULL, NULL, NULL, 5, NULL, 0, NULL, NULL, 0),
(368, 361, 74, 139, 13, 'Intel(R) G33/G31 Express Chipset Family 384Мб ', NULL, NULL, NULL, NULL, NULL, NULL, NULL, NULL, 5, NULL, 0, NULL, NULL, 0),
(369, 361, 74, 139, 19, 'Realtek RTL8168C(P)/8111C(P) PCI-E Gigabit Ethernet NIC', NULL, NULL, NULL, NULL, NULL, NULL, NULL, NULL, 5, 'MAC: 00:1D:7D:D6:49:3D', 0, NULL, NULL, 0),
(370, 361, 74, 139, 14, 'Realtek High Definition Audio', NULL, NULL, NULL, NULL, NULL, NULL, NULL, NULL, 5, NULL, 0, NULL, NULL, 0),
(371, 0, 74, 91, 5, 'Процессор Intel Pentium III Xeon 2592/''G31M-S''/RAM 2048Мб/HDD 233Гб/NVIDIA GeForce 9400 GT 512', '00687', NULL, NULL, NULL, NULL, NULL, NULL, 0.00, 5, '', 1, NULL, NULL, 0),
(372, 371, 74, 91, 16, 'ASRock G31M-S', NULL, NULL, NULL, 10, NULL, NULL, NULL, NULL, 5, NULL, 0, NULL, NULL, 0),
(373, 371, 74, 91, 18, 'Процессор Intel Pentium III Xeon 2592', NULL, NULL, NULL, NULL, NULL, NULL, NULL, NULL, 5, NULL, 0, NULL, NULL, 0),
(374, 371, 74, 91, 17, ' SDRAM 1024Мб ', NULL, NULL, NULL, NULL, NULL, NULL, NULL, NULL, 5, NULL, 0, NULL, NULL, 0),
(375, 371, 74, 91, 17, ' SDRAM 1024Мб ', NULL, NULL, NULL, NULL, NULL, NULL, NULL, NULL, 5, NULL, 0, NULL, NULL, 0),
(376, 371, 74, 91, 11, 'MAXTOR STM3250310AS 233Гб ', NULL, NULL, NULL, NULL, NULL, NULL, NULL, NULL, 5, NULL, 0, NULL, NULL, 0),
(377, 371, 74, 91, 9, 'TSSTcorp CDDVDW SH-S223Q', NULL, NULL, NULL, NULL, NULL, NULL, NULL, NULL, 5, NULL, 0, NULL, NULL, 0),
(378, 371, 74, 91, 9, 'DWXAVSX XAJKT2B41 SCSI CdRom Device', NULL, NULL, NULL, NULL, NULL, NULL, NULL, NULL, 5, NULL, 0, NULL, NULL, 0),
(379, 371, 74, 91, 13, 'NVIDIA GeForce 9400 GT 512Мб ', NULL, NULL, NULL, NULL, NULL, NULL, NULL, NULL, 5, NULL, 0, NULL, NULL, 0),
(380, 371, 74, 91, 19, 'Realtek RTL8102E Family PCI-E Fast Ethernet NIC', NULL, NULL, NULL, NULL, NULL, NULL, NULL, NULL, 5, 'MAC: 00:19:66:D1:CD:30', 0, NULL, NULL, 0),
(381, 371, 74, 91, 14, 'Realtek High Definition Audio', NULL, NULL, NULL, NULL, NULL, NULL, NULL, NULL, 5, NULL, 0, NULL, NULL, 0),
(382, 0, 74, 148, 5, 'Intel(R) Celeron(R) CPU 2.53GHz 2542/''P5GL-MX''/RAM 512Мб/HDD 75Гб/Intel(R) 82915G/GV/910GL Express Chipset Family 64', '947', NULL, NULL, NULL, NULL, NULL, NULL, 0.00, 5, '', 1, NULL, NULL, 0),
(383, 382, 74, 148, 16, 'ASUSTeK Computer INC. P5GL-MX', NULL, NULL, NULL, 9, NULL, NULL, NULL, NULL, 5, NULL, 0, NULL, NULL, 0),
(384, 382, 74, 148, 18, 'Intel(R) Celeron(R) CPU 2.53GHz 2542', NULL, NULL, NULL, NULL, NULL, NULL, NULL, NULL, 5, NULL, 0, NULL, NULL, 0),
(385, 382, 74, 148, 17, ' SDRAM 256Мб ', NULL, NULL, NULL, NULL, NULL, NULL, NULL, NULL, 5, NULL, 0, NULL, NULL, 0),
(386, 382, 74, 148, 17, ' SDRAM 256Мб ', NULL, NULL, NULL, NULL, NULL, NULL, NULL, NULL, 5, NULL, 0, NULL, NULL, 0),
(387, 382, 74, 148, 11, 'SAMSUNG SP0812C 75Гб ', NULL, NULL, NULL, NULL, NULL, NULL, NULL, NULL, 5, NULL, 0, NULL, NULL, 0),
(388, 382, 74, 148, 9, 'HL-DT-ST CD-ROM GCR-8522B', NULL, NULL, NULL, NULL, NULL, NULL, NULL, NULL, 5, NULL, 0, NULL, NULL, 0),
(389, 382, 74, 148, 13, 'Intel(R) 82915G/GV/910GL Express Chipset Family 64Мб ', NULL, NULL, NULL, NULL, NULL, NULL, NULL, NULL, 5, NULL, 0, NULL, NULL, 0),
(390, 382, 74, 148, 19, 'Realtek RTL8139/810x Family Fast Ethernet NIC', NULL, NULL, NULL, NULL, NULL, NULL, NULL, NULL, 5, 'MAC: 00:13:D4:5F:62:BC', 0, NULL, NULL, 0),
(391, 382, 74, 148, 14, '-', NULL, NULL, NULL, NULL, NULL, NULL, NULL, NULL, 5, NULL, 0, NULL, NULL, 0),
(392, 0, 74, 216, 5, 'Intel(R) Celeron(R) CPU 2.66GHz 2663/''775i65G.''/RAM 512Мб/HDD 149Гб/Intel(R) 82865G Graphics Controller 96', NULL, NULL, NULL, NULL, NULL, NULL, NULL, NULL, 5, NULL, 1, NULL, NULL, 0),
(393, 392, 74, 216, 16, 'ASRock 775i65G', NULL, NULL, NULL, 10, NULL, NULL, NULL, 0.00, 5, '', 0, NULL, NULL, 0),
(394, 392, 74, 216, 18, 'Intel(R) Celeron(R) CPU 2.66GHz 2663', NULL, NULL, NULL, NULL, NULL, NULL, NULL, NULL, 5, NULL, 0, NULL, NULL, 0),
(395, 392, 74, 216, 17, 'DDR 256Мб ', NULL, NULL, NULL, NULL, NULL, NULL, NULL, 0.00, 5, '', 0, NULL, NULL, 0),
(396, 392, 74, 216, 17, 'DDR 256Мб ', NULL, NULL, NULL, NULL, NULL, NULL, NULL, 0.00, 5, '', 0, NULL, NULL, 0),
(397, 392, 74, 216, 11, 'SAMSUNG SP1614N 149Гб ', NULL, NULL, NULL, NULL, NULL, NULL, NULL, NULL, 5, NULL, 0, NULL, NULL, 0),
(398, 392, 74, 216, 9, 'TSSTcorp CDW/DVD SH-M522C', NULL, NULL, NULL, NULL, NULL, NULL, NULL, NULL, 5, NULL, 0, NULL, NULL, 0),
(399, 392, 74, 216, 13, 'Intel(R) 82865G Graphics Controller 96Мб ', NULL, NULL, NULL, NULL, NULL, NULL, NULL, NULL, 5, NULL, 0, NULL, NULL, 0),
(400, 392, 74, 216, 19, 'Realtek RTL8139/810x Family Fast Ethernet NIC', NULL, NULL, NULL, NULL, NULL, NULL, NULL, NULL, 5, 'MAC: 00:08:54:66:E3:E6', 0, NULL, NULL, 0),
(401, 392, 74, 216, 19, 'Realtek RTL8139/810x Family Fast Ethernet NIC', NULL, NULL, NULL, NULL, NULL, NULL, NULL, NULL, 5, 'MAC: 00:13:8F:BB:5C:71', 0, NULL, NULL, 0),
(402, 392, 74, 216, 14, 'C-Media AC97 Audio Device', NULL, NULL, NULL, NULL, NULL, NULL, NULL, NULL, 5, NULL, 0, NULL, NULL, 0),
(403, 0, 74, 126, 5, 'Pentium(R) Dual-Core CPU E5200 @ 2.50GHz 2500/''P5KPL-AM IN/GB''/RAM 2048Мб/HDD 298Гб/ ''Intel(R) G33/G31 Express''', '00785', NULL, NULL, NULL, NULL, NULL, NULL, 0.00, 5, '', 1, NULL, NULL, 0),
(404, 403, 74, 126, 16, 'ASUSTeK Computer INC. P5KPL-AM IN/GB', NULL, NULL, NULL, 9, NULL, NULL, NULL, NULL, 5, NULL, 0, NULL, NULL, 0),
(405, 403, 74, 126, 18, 'Pentium(R) Dual-Core CPU E5200 @ 2.50GHz 2500', NULL, NULL, NULL, NULL, NULL, NULL, NULL, NULL, 5, NULL, 0, NULL, NULL, 0),
(406, 403, 74, 126, 17, ' DDR-2 1024Мб ', NULL, NULL, NULL, NULL, NULL, NULL, NULL, NULL, 5, NULL, 0, NULL, NULL, 0),
(407, 403, 74, 126, 17, ' DDR-2 1024Мб ', NULL, NULL, NULL, NULL, NULL, NULL, NULL, NULL, 5, NULL, 0, NULL, NULL, 0),
(408, 403, 74, 126, 11, 'SAMSUNG HD322HJ ATA Device 298Гб ', NULL, NULL, NULL, NULL, NULL, NULL, NULL, NULL, 5, NULL, 0, NULL, NULL, 0),
(409, 403, 74, 126, 9, 'HL-DT-ST DVDRAM GH22NS50 ATA Device', NULL, NULL, NULL, NULL, NULL, NULL, NULL, NULL, 5, NULL, 0, NULL, NULL, 0),
(410, 403, 74, 126, 13, 'Семейство наборов микросхем Intel(R) G33/G31 Express (корпорация Майкрософт - WDDM 1.0) 256Мб ', NULL, NULL, NULL, NULL, NULL, NULL, NULL, NULL, 5, NULL, 0, NULL, NULL, 0),
(411, 403, 74, 126, 19, 'Сетевая карта Realtek RTL8168B/8111B Family PCI-E Gigabit Ethernet NIC (NDIS 6.20)', NULL, NULL, NULL, NULL, NULL, NULL, NULL, NULL, 5, 'MAC: 00:26:18:D6:2C:BF', 0, NULL, NULL, 0),
(412, 403, 74, 126, 14, 'Устройство с поддержкой High Definition Audio', NULL, NULL, NULL, NULL, NULL, NULL, NULL, NULL, 5, NULL, 0, NULL, NULL, 0),
(413, 0, 74, 94, 5, 'Pentium(R) Dual-Core CPU E6600 @ 3.06GHz 3066/''P5G41T-M LX2/GB/LPT''/RAM 2048Мб/HDD 932Гб/Intel(R) G41 Express Chipset 783', '00000034', NULL, 1, NULL, NULL, NULL, NULL, 0.00, 1, '', 1, NULL, NULL, 0),
(414, 413, 74, 94, 16, 'ASUSTeK Computer INC. P5G41T-M LX2/GB/LPT', NULL, NULL, NULL, 9, NULL, NULL, NULL, NULL, 5, NULL, 0, NULL, NULL, 0),
(415, 413, 74, 94, 18, 'Pentium(R) Dual-Core CPU E6600 @ 3.06GHz 3066', NULL, NULL, NULL, NULL, NULL, NULL, NULL, NULL, 5, NULL, 0, NULL, NULL, 0),
(416, 413, 74, 94, 17, ' Other 2048Мб ', NULL, NULL, NULL, NULL, NULL, NULL, NULL, NULL, 5, NULL, 0, NULL, NULL, 0),
(417, 413, 74, 94, 11, 'SAMSUNG HD103SJ ATA Device 932Гб ', NULL, NULL, NULL, NULL, NULL, NULL, NULL, NULL, 5, NULL, 0, NULL, NULL, 0),
(418, 413, 74, 94, 9, 'POBY FO16J45MR05 SCSI CdRom Device', NULL, NULL, NULL, NULL, NULL, NULL, NULL, NULL, 5, NULL, 0, NULL, NULL, 0),
(419, 413, 74, 94, 9, 'POBY FO16J45MR05 SCSI CdRom Device', NULL, NULL, NULL, NULL, NULL, NULL, NULL, NULL, 5, NULL, 0, NULL, NULL, 0),
(420, 413, 74, 94, 9, 'HL-DT-ST DVDRAM GH24NS50 ATA Device', NULL, NULL, NULL, NULL, NULL, NULL, NULL, NULL, 5, NULL, 0, NULL, NULL, 0),
(421, 413, 74, 94, 13, 'Intel(R) G41 Express Chipset 783Мб ', NULL, NULL, NULL, NULL, NULL, NULL, NULL, NULL, 5, NULL, 0, NULL, NULL, 0),
(422, 413, 74, 94, 19, 'Realtek PCIe GBE Family Controller', NULL, NULL, NULL, NULL, NULL, NULL, NULL, NULL, 5, 'MAC: 20:CF:30:EE:B7:A0', 0, NULL, NULL, 0),
(423, 413, 74, 94, 14, 'VIA High Definition Audio', NULL, NULL, NULL, NULL, NULL, NULL, NULL, NULL, 5, NULL, 0, NULL, NULL, 0),
(424, 0, 74, 95, 5, 'Intel(R) Celeron(R) CPU E3500 @ 2.70GHz 2700/''P5G41T-M LX2/GB''/RAM 2048Мб/HDD 233Гб/Intel(R) G41 Express Chipset 783', NULL, NULL, NULL, NULL, NULL, NULL, NULL, NULL, 5, NULL, 1, NULL, NULL, 0),
(425, 424, 74, 95, 16, 'ASUSTeK Computer INC. P5G41T-M LX2/GB', NULL, NULL, NULL, 9, NULL, NULL, NULL, NULL, 5, NULL, 0, NULL, NULL, 0),
(426, 424, 74, 95, 18, 'Intel(R) Celeron(R) CPU E3500 @ 2.70GHz 2700', NULL, NULL, NULL, NULL, NULL, NULL, NULL, NULL, 5, NULL, 0, NULL, NULL, 0),
(427, 424, 74, 95, 17, ' Other 2048Мб ', NULL, NULL, NULL, NULL, NULL, NULL, NULL, NULL, 5, NULL, 0, NULL, NULL, 0),
(428, 424, 74, 95, 11, 'ST250DM000-1BC141 ATA Device 233Гб ', NULL, NULL, NULL, NULL, NULL, NULL, NULL, NULL, 5, NULL, 0, NULL, NULL, 0),
(429, 424, 74, 95, 9, 'HL-DT-ST DVDRAM GH22NS70 ATA Device', NULL, NULL, NULL, NULL, NULL, NULL, NULL, NULL, 5, NULL, 0, NULL, NULL, 0),
(430, 424, 74, 95, 13, 'Intel(R) G41 Express Chipset 783Мб ', NULL, NULL, NULL, NULL, NULL, NULL, NULL, NULL, 5, NULL, 0, NULL, NULL, 0),
(431, 424, 74, 95, 19, 'Realtek PCIe GBE Family Controller', NULL, NULL, NULL, NULL, NULL, NULL, NULL, NULL, 5, 'MAC: F4:6D:04:5F:73:8B', 0, NULL, NULL, 0),
(432, 424, 74, 95, 14, 'VIA High Definition Audio', NULL, NULL, NULL, NULL, NULL, NULL, NULL, NULL, 5, NULL, 0, NULL, NULL, 0),
(433, 0, 74, 96, 5, 'Pentium(R) Dual-Core CPU E6600 @ 3.06GHz 3066/''P5G41T-M LX2/GB/LPT''/RAM 2048Мб/HDD 932Гб/Intel(R) G41 Express Chipset 783', '00000038', NULL, 1, NULL, NULL, NULL, NULL, 0.00, 1, '', 1, NULL, NULL, 0),
(434, 433, 74, 96, 16, 'ASUSTeK Computer INC. P5G41T-M LX2/GB/LPT', NULL, NULL, NULL, 9, NULL, NULL, NULL, NULL, 5, NULL, 0, NULL, NULL, 0),
(435, 433, 74, 96, 18, 'Pentium(R) Dual-Core CPU E6600 @ 3.06GHz 3066', NULL, NULL, NULL, NULL, NULL, NULL, NULL, NULL, 5, NULL, 0, NULL, NULL, 0),
(436, 433, 74, 96, 17, ' Other 2048Мб ', NULL, NULL, NULL, NULL, NULL, NULL, NULL, NULL, 5, NULL, 0, NULL, NULL, 0),
(437, 433, 74, 96, 11, 'SAMSUNG HD103SJ ATA Device 932Гб ', NULL, NULL, NULL, NULL, NULL, NULL, NULL, NULL, 5, NULL, 0, NULL, NULL, 0),
(438, 433, 74, 96, 9, 'HL-DT-ST DVDRAM GH24NS50 ATA Device', NULL, NULL, NULL, NULL, NULL, NULL, NULL, NULL, 5, NULL, 0, NULL, NULL, 0),
(439, 433, 74, 96, 9, 'CXUL YN4HY749YZ8 SCSI CdRom Device', NULL, NULL, NULL, NULL, NULL, NULL, NULL, NULL, 5, NULL, 0, NULL, NULL, 0),
(440, 433, 74, 96, 13, 'Intel(R) G41 Express Chipset 783Мб ', NULL, NULL, NULL, NULL, NULL, NULL, NULL, NULL, 5, NULL, 0, NULL, NULL, 0),
(441, 433, 74, 96, 19, 'Realtek PCIe GBE Family Controller', NULL, NULL, NULL, NULL, NULL, NULL, NULL, NULL, 5, 'MAC: 20:CF:30:EE:B7:9D', 0, NULL, NULL, 0),
(442, 433, 74, 96, 14, 'VIA High Definition Audio', NULL, NULL, NULL, NULL, NULL, NULL, NULL, NULL, 5, NULL, 0, NULL, NULL, 0),
(443, 0, 74, 97, 5, 'Intel Core 2 Duo CPU E4600 2.40GHz 2400/''P5GC-MX/1333''/RAM 1024Мб/HDD 149Гб/Intel 82945G Express Chipset Family 128', '00565', NULL, 1, NULL, NULL, NULL, NULL, 0.00, 5, '', 1, NULL, NULL, 0),
(444, 443, 74, 97, 16, 'ASUSTeK Computer INC. P5GC-MX/1333', NULL, NULL, NULL, 9, NULL, NULL, NULL, NULL, 5, NULL, 0, NULL, NULL, 0),
(445, 443, 74, 97, 18, 'Intel(R) Core(TM)2 Duo CPU E4600 @ 2.40GHz 2400', NULL, NULL, NULL, NULL, NULL, NULL, NULL, NULL, 5, NULL, 0, NULL, NULL, 0),
(446, 443, 74, 97, 17, ' DDR3-? 1024Мб ', NULL, NULL, NULL, NULL, NULL, NULL, NULL, NULL, 5, NULL, 0, NULL, NULL, 0),
(447, 443, 74, 97, 11, 'SAMSUNG HD161HJ 149Гб ', NULL, NULL, NULL, NULL, NULL, NULL, NULL, NULL, 5, NULL, 0, NULL, NULL, 0),
(448, 443, 74, 97, 9, 'ASUS DRW-2014S1T', NULL, NULL, NULL, NULL, NULL, NULL, NULL, NULL, 5, NULL, 0, NULL, NULL, 0),
(449, 443, 74, 97, 13, 'Intel(R) 82945G Express Chipset Family 128Мб ', NULL, NULL, NULL, NULL, NULL, NULL, NULL, NULL, 5, NULL, 0, NULL, NULL, 0),
(450, 443, 74, 97, 19, 'Atheros L2 Fast Ethernet 10/100 Base-T Controller', NULL, NULL, NULL, NULL, NULL, NULL, NULL, NULL, 5, 'MAC: 00:18:F3:73:44:96', 0, NULL, NULL, 0),
(451, 443, 74, 97, 14, 'Realtek High Definition Audio', NULL, NULL, NULL, NULL, NULL, NULL, NULL, NULL, 5, NULL, 0, NULL, NULL, 0),
(452, 443, 74, 97, 14, 'Bluetooth AV Audio', NULL, NULL, NULL, NULL, NULL, NULL, NULL, NULL, 5, NULL, 0, NULL, NULL, 0),
(453, 443, 74, 97, 14, 'Bluetooth SCO Audio', NULL, NULL, NULL, NULL, NULL, NULL, NULL, NULL, 5, NULL, 0, NULL, NULL, 0),
(454, 0, 74, 101, 5, 'Процессор Intel Pentium III Xeon 2933/''P5KPL-AM IN/ROEM/SI''/RAM 1024Мб/HDD 149Гб/Intel(R) G33/G31 Express Chipset Family 256', NULL, NULL, NULL, NULL, NULL, NULL, NULL, NULL, 5, NULL, 1, NULL, NULL, 0),
(455, 454, 74, 101, 16, 'ASUSTeK Computer INC. P5KPL-AM IN/ROEM/SI', NULL, NULL, NULL, 9, NULL, NULL, NULL, NULL, 5, NULL, 0, NULL, NULL, 0),
(456, 454, 74, 101, 18, 'Процессор Intel Pentium III Xeon 2933', NULL, NULL, NULL, NULL, NULL, NULL, NULL, NULL, 5, NULL, 0, NULL, NULL, 0),
(457, 454, 74, 101, 17, ' DDR3-? 1024Мб ', NULL, NULL, NULL, NULL, NULL, NULL, NULL, NULL, 5, NULL, 0, NULL, NULL, 0),
(458, 454, 74, 101, 11, 'WDC WD1600AAJS-61M0A0 149Гб ', NULL, NULL, NULL, NULL, NULL, NULL, NULL, NULL, 5, NULL, 0, NULL, NULL, 0),
(459, 454, 74, 101, 9, 'HL-DT-ST CD-ROM GCR-8520B', NULL, NULL, NULL, NULL, NULL, NULL, NULL, NULL, 5, NULL, 0, NULL, NULL, 0),
(460, 454, 74, 101, 13, 'Intel(R) G33/G31 Express Chipset Family 256Мб ', NULL, NULL, NULL, NULL, NULL, NULL, NULL, NULL, 5, NULL, 0, NULL, NULL, 0),
(461, 454, 74, 101, 19, 'Realtek RTL8102E/RTL8103E Family PCI-E Fast Ethernet NIC', NULL, NULL, NULL, NULL, NULL, NULL, NULL, NULL, 5, 'MAC: E0:CB:4E:C1:11:CD', 0, NULL, NULL, 0),
(462, 454, 74, 101, 14, 'VIA High Definition Audio', NULL, NULL, NULL, NULL, NULL, NULL, NULL, NULL, 5, NULL, 0, NULL, NULL, 0),
(463, 0, 74, 102, 5, 'Процессор Intel Pentium II 2000/''P5GC-MX''/RAM 1024Мб/HDD 75Гб/Intel(R) 82945G Express Chipset Family 128', '00318', NULL, NULL, NULL, NULL, NULL, NULL, 0.00, 5, '', 1, NULL, NULL, 0),
(464, 463, 74, 102, 16, 'ASUSTeK Computer INC. P5GC-MX', NULL, NULL, NULL, 9, NULL, NULL, NULL, NULL, 5, NULL, 0, NULL, NULL, 0),
(465, 463, 74, 102, 18, 'Процессор Intel Pentium II 2000', NULL, NULL, NULL, NULL, NULL, NULL, NULL, NULL, 5, NULL, 0, NULL, NULL, 0),
(466, 463, 74, 102, 17, ' DDR3-? 1024Мб ', NULL, NULL, NULL, NULL, NULL, NULL, NULL, NULL, 5, NULL, 0, NULL, NULL, 0),
(467, 463, 74, 102, 11, 'MAXTOR STM380815AS 75Гб ', NULL, NULL, NULL, NULL, NULL, NULL, NULL, NULL, 5, NULL, 0, NULL, NULL, 0),
(468, 463, 74, 102, 9, 'HL-DT-ST DVD-RAM GSA-H55N', NULL, NULL, NULL, NULL, NULL, NULL, NULL, NULL, 5, NULL, 0, NULL, NULL, 0),
(469, 463, 74, 102, 13, 'Intel(R) 82945G Express Chipset Family 128Мб ', NULL, NULL, NULL, NULL, NULL, NULL, NULL, NULL, 5, NULL, 0, NULL, NULL, 0),
(470, 463, 74, 102, 19, 'Atheros L2 Fast Ethernet 10/100 Base-T Controller', NULL, NULL, NULL, NULL, NULL, NULL, NULL, NULL, 5, 'MAC: 00:1B:FC:73:4A:E5', 0, NULL, NULL, 0),
(471, 463, 74, 102, 14, 'Realtek High Definition Audio', NULL, NULL, NULL, NULL, NULL, NULL, NULL, NULL, 5, NULL, 0, NULL, NULL, 0),
(472, 0, 74, 140, 5, 'Pentium(R) Dual-Core CPU E6500 @ 2.93GHz 2926/''P5KPL-AM EPU''/RAM 2048Мб/HDD 466Гб/Intel(R) G33/G31 Express Chipset Family 256', NULL, NULL, NULL, NULL, NULL, NULL, NULL, NULL, 5, NULL, 1, NULL, NULL, 0),
(473, 472, 74, 140, 16, 'ASUSTeK Computer INC. P5KPL-AM EPU', NULL, NULL, NULL, 9, NULL, NULL, NULL, NULL, 5, NULL, 0, NULL, NULL, 0),
(474, 472, 74, 140, 18, 'Pentium(R) Dual-Core CPU E6500 @ 2.93GHz 2926', NULL, NULL, NULL, NULL, NULL, NULL, NULL, NULL, 5, NULL, 0, NULL, NULL, 0),
(475, 472, 74, 140, 17, ' DDR-2 1024Мб ', NULL, NULL, NULL, NULL, NULL, NULL, NULL, NULL, 5, NULL, 0, NULL, NULL, 0),
(476, 472, 74, 140, 17, ' DDR-2 1024Мб ', NULL, NULL, NULL, NULL, NULL, NULL, NULL, NULL, 5, NULL, 0, NULL, NULL, 0),
(477, 472, 74, 140, 11, 'Hitachi HDS721050CLA362 ATA Device 466Гб ', NULL, NULL, NULL, NULL, NULL, NULL, NULL, NULL, 5, NULL, 0, NULL, NULL, 0),
(478, 472, 74, 140, 9, 'HL-DT-ST DVDRAM GH22NS40 ATA Device', NULL, NULL, NULL, NULL, NULL, NULL, NULL, NULL, 5, NULL, 0, NULL, NULL, 0),
(479, 472, 74, 140, 13, 'Intel(R) G33/G31 Express Chipset Family 256Мб ', NULL, NULL, NULL, NULL, NULL, NULL, NULL, NULL, 5, NULL, 0, NULL, NULL, 0),
(480, 472, 74, 140, 19, 'Atheros AR8121/AR8113/AR8114 PCI-E Ethernet Controller', NULL, NULL, NULL, NULL, NULL, NULL, NULL, NULL, 5, 'MAC: 48:5B:39:32:20:64', 0, NULL, NULL, 0),
(481, 472, 74, 140, 14, 'VIA High Definition Audio', NULL, NULL, NULL, NULL, NULL, NULL, NULL, NULL, 5, NULL, 0, NULL, NULL, 0),
(482, 0, 74, 142, 5, 'Процессор Intel Celeron 801/''Portable PC''/RAM 256Мб/HDD 14Гб/Trident Video Accelerator CyberBlade-Ai1 8', NULL, '81890111G', NULL, NULL, NULL, NULL, NULL, 0.00, 5, 'Toshiba S1800-100', 1, NULL, NULL, 0),
(483, 482, 74, 142, 16, 'TOSHIBA Portable PC', NULL, NULL, NULL, 19, NULL, NULL, NULL, NULL, 5, NULL, 0, NULL, NULL, 0),
(484, 482, 74, 142, 18, 'Процессор Intel Celeron 801', NULL, NULL, NULL, NULL, NULL, NULL, NULL, NULL, 5, NULL, 0, NULL, NULL, 0),
(485, 482, 74, 142, 17, ' SDRAM 128Мб ', NULL, NULL, NULL, NULL, NULL, NULL, NULL, NULL, 5, NULL, 0, NULL, NULL, 0),
(486, 482, 74, 142, 17, ' SDRAM 128Мб ', NULL, NULL, NULL, NULL, NULL, NULL, NULL, NULL, 5, NULL, 0, NULL, NULL, 0),
(487, 482, 74, 142, 11, 'HITACHI_DK23CA-15 14Гб ', NULL, NULL, NULL, NULL, NULL, NULL, NULL, NULL, 5, NULL, 0, NULL, NULL, 0),
(488, 482, 74, 142, 9, 'TEAC CD-224E-BA', NULL, NULL, NULL, NULL, NULL, NULL, NULL, NULL, 5, NULL, 0, NULL, NULL, 0),
(489, 482, 74, 142, 13, 'Trident Video Accelerator CyberBlade-Ai1 8Мб ', NULL, NULL, NULL, NULL, NULL, NULL, NULL, NULL, 5, NULL, 0, NULL, NULL, 0),
(490, 482, 74, 142, 19, 'Realtek RTL8139 Family PCI Fast Ethernet NIC', NULL, NULL, NULL, NULL, NULL, NULL, NULL, NULL, 5, 'MAC: 00:40:B9:28:DD:00', 0, NULL, NULL, 0),
(491, 482, 74, 142, 14, 'WDM драйвер ускорителя ALi (TOSHIBA)', NULL, NULL, NULL, NULL, NULL, NULL, NULL, NULL, 5, NULL, 0, NULL, NULL, 0),
(492, 0, 74, 113, 5, 'Pentium(R) Dual-Core CPU E5500 @ 2.80GHz 2382/''P5G41T-M LX''/RAM 4096Мб/HDD 466Гб/Intel(R) G41 Express Chipset 1551', '000000112', NULL, NULL, NULL, NULL, NULL, NULL, 0.00, 5, '', 1, NULL, NULL, 0),
(493, 492, 74, 113, 16, 'ASUSTeK Computer INC. P5G41T-M LX', NULL, NULL, NULL, 9, NULL, NULL, NULL, NULL, 5, NULL, 0, NULL, NULL, 0),
(494, 492, 74, 113, 18, 'Pentium(R) Dual-Core CPU E5500 @ 2.80GHz 2382', NULL, NULL, NULL, NULL, NULL, NULL, NULL, NULL, 5, NULL, 0, NULL, NULL, 0),
(495, 492, 74, 113, 17, ' Other 2048Мб ', NULL, NULL, NULL, NULL, NULL, NULL, NULL, NULL, 5, NULL, 0, NULL, NULL, 0),
(496, 492, 74, 113, 17, ' Other 2048Мб ', NULL, NULL, NULL, NULL, NULL, NULL, NULL, NULL, 5, NULL, 0, NULL, NULL, 0),
(497, 492, 74, 113, 11, 'ST3500418AS ATA Device 466Гб ', NULL, NULL, NULL, NULL, NULL, NULL, NULL, NULL, 5, NULL, 0, NULL, NULL, 0),
(498, 492, 74, 113, 9, 'HL-DT-ST DVDRAM GH22NS50 ATA Device', NULL, NULL, NULL, NULL, NULL, NULL, NULL, NULL, 5, NULL, 0, NULL, NULL, 0),
(499, 492, 74, 113, 9, 'RWFMFO 5QBWLEBC SCSI CdRom Device', NULL, NULL, NULL, NULL, NULL, NULL, NULL, NULL, 5, NULL, 0, NULL, NULL, 0),
(500, 492, 74, 113, 13, 'Intel(R) G41 Express Chipset 1551Мб ', NULL, NULL, NULL, NULL, NULL, NULL, NULL, NULL, 5, NULL, 0, NULL, NULL, 0),
(501, 492, 74, 113, 19, 'Atheros AR8131 PCI-E Gigabit Ethernet Controller (NDIS 6.20)', NULL, NULL, NULL, NULL, NULL, NULL, NULL, NULL, 5, 'MAC: 20:CF:30:93:02:4B', 0, NULL, NULL, 0),
(502, 492, 74, 113, 14, 'Realtek High Definition Audio', NULL, NULL, NULL, NULL, NULL, NULL, NULL, NULL, 5, NULL, 0, NULL, NULL, 0),
(503, 0, 74, 79, 5, 'Pentium(R) Dual-Core CPU E5700 @ 3.00GHz 3000/''G41MT-ES2L''/RAM 2048Мб/HDD 298Гб/Intel(R) G41 Express Chipset 782', '02262', NULL, NULL, NULL, NULL, NULL, NULL, 0.00, 5, '', 1, NULL, NULL, 0),
(504, 503, 74, 79, 16, 'Gigabyte Technology Co., Ltd. G41MT-ES2L', NULL, NULL, NULL, 15, NULL, NULL, NULL, NULL, 5, NULL, 0, NULL, NULL, 0),
(505, 503, 74, 79, 18, 'Pentium(R) Dual-Core CPU E5700 @ 3.00GHz 3000', NULL, NULL, NULL, NULL, NULL, NULL, NULL, NULL, 5, NULL, 0, NULL, NULL, 0),
(506, 503, 74, 79, 17, ' DDR3-? 1024Мб ', NULL, NULL, NULL, NULL, NULL, NULL, NULL, NULL, 5, NULL, 0, NULL, NULL, 0),
(507, 503, 74, 79, 17, ' DDR3-? 1024Мб ', NULL, NULL, NULL, NULL, NULL, NULL, NULL, NULL, 5, NULL, 0, NULL, NULL, 0),
(508, 503, 74, 79, 11, 'SAMSUNG HD322GJ ATA Device 298Гб ', NULL, NULL, NULL, NULL, NULL, NULL, NULL, NULL, 5, NULL, 0, NULL, NULL, 0),
(509, 503, 74, 79, 9, '-', NULL, NULL, NULL, NULL, NULL, NULL, NULL, NULL, 5, NULL, 0, NULL, NULL, 0),
(510, 503, 74, 79, 13, 'Intel(R) G41 Express Chipset 782Мб ', NULL, NULL, NULL, NULL, NULL, NULL, NULL, NULL, 5, NULL, 0, NULL, NULL, 0),
(511, 503, 74, 79, 19, 'Realtek PCIe GBE Family Controller', NULL, NULL, NULL, NULL, NULL, NULL, NULL, NULL, 5, 'MAC: 1C:6F:65:71:6F:2E', 0, NULL, NULL, 0),
(512, 503, 74, 79, 14, 'Realtek High Definition Audio', NULL, NULL, NULL, NULL, NULL, NULL, NULL, NULL, 5, NULL, 0, NULL, NULL, 0),
(513, 0, 74, 149, 5, 'Процессор Intel Pentium III Xeon 2533/''G33M-S2L''/RAM 2048Мб/HDD 298Гб/Intel(R) G33/G31 Express Chipset Family 256', '02260', NULL, NULL, NULL, NULL, NULL, NULL, 0.00, 5, '', 1, NULL, NULL, 0),
(514, 513, 74, 149, 16, 'Gigabyte Technology Co., Ltd. G33M-S2L', NULL, NULL, NULL, 15, NULL, NULL, NULL, NULL, 5, NULL, 0, NULL, NULL, 0),
(515, 513, 74, 149, 18, 'Процессор Intel Pentium III Xeon 2533', NULL, NULL, NULL, NULL, NULL, NULL, NULL, NULL, 5, NULL, 0, NULL, NULL, 0),
(516, 513, 74, 149, 17, ' DDR3-? 1024Мб ', NULL, NULL, NULL, NULL, NULL, NULL, NULL, NULL, 5, NULL, 0, NULL, NULL, 0),
(517, 513, 74, 149, 17, ' DDR3-? 1024Мб ', NULL, NULL, NULL, NULL, NULL, NULL, NULL, NULL, 5, NULL, 0, NULL, NULL, 0),
(518, 513, 74, 149, 11, 'WDC WD3200AAKS-00B3A0 298Гб ', NULL, NULL, NULL, NULL, NULL, NULL, NULL, NULL, 5, NULL, 0, NULL, NULL, 0),
(519, 513, 74, 149, 9, 'HL-DT-ST DVDRAM GH20NS10', NULL, NULL, NULL, NULL, NULL, NULL, NULL, NULL, 5, NULL, 0, NULL, NULL, 0),
(520, 513, 74, 149, 13, 'Intel(R) G33/G31 Express Chipset Family 256Мб ', NULL, NULL, NULL, NULL, NULL, NULL, NULL, NULL, 5, NULL, 0, NULL, NULL, 0),
(521, 513, 74, 149, 19, 'Realtek RTL8168/8111 PCI-E Gigabit Ethernet NIC', NULL, NULL, NULL, NULL, NULL, NULL, NULL, NULL, 5, 'MAC: 00:1D:7D:AA:0C:B9', 0, NULL, NULL, 0),
(522, 513, 74, 149, 14, 'Realtek High Definition Audio', NULL, NULL, NULL, NULL, NULL, NULL, NULL, NULL, 5, NULL, 0, NULL, NULL, 0),
(523, 0, 74, 117, 5, 'Процессор Intel Pentium III Xeon 2930/''P5KPL-AM IN/GB''/RAM 2048Мб/HDD 233Гб/Intel(R) G33/G31 Express Chipset Family 256', NULL, NULL, NULL, NULL, NULL, NULL, NULL, NULL, 5, NULL, 1, NULL, NULL, 0),
(524, 523, 74, 117, 16, 'ASUSTeK Computer INC. P5KPL-AM IN/GB', NULL, NULL, NULL, 9, NULL, NULL, NULL, NULL, 5, NULL, 0, NULL, NULL, 0),
(525, 523, 74, 117, 18, 'Процессор Intel Pentium III Xeon 2930', NULL, NULL, NULL, NULL, NULL, NULL, NULL, NULL, 5, NULL, 0, NULL, NULL, 0),
(526, 523, 74, 117, 17, ' DDR3-? 1024Мб ', NULL, NULL, NULL, NULL, NULL, NULL, NULL, NULL, 5, NULL, 0, NULL, NULL, 0),
(527, 523, 74, 117, 17, ' DDR3-? 1024Мб ', NULL, NULL, NULL, NULL, NULL, NULL, NULL, NULL, 5, NULL, 0, NULL, NULL, 0),
(528, 523, 74, 117, 11, 'ST3250318AS 233Гб ', NULL, NULL, NULL, NULL, NULL, NULL, NULL, NULL, 5, NULL, 0, NULL, NULL, 0),
(529, 523, 74, 117, 9, 'SONY DVD RW DW-D22A', NULL, NULL, NULL, NULL, NULL, NULL, NULL, NULL, 5, NULL, 0, NULL, NULL, 0),
(530, 523, 74, 117, 13, 'Intel(R) G33/G31 Express Chipset Family 256Мб ', NULL, NULL, NULL, NULL, NULL, NULL, NULL, NULL, 5, NULL, 0, NULL, NULL, 0),
(531, 523, 74, 117, 19, 'Realtek PCIe GBE Family Controller', NULL, NULL, NULL, NULL, NULL, NULL, NULL, NULL, 5, 'MAC: 00:24:8C:E4:DC:CC', 0, NULL, NULL, 0),
(532, 523, 74, 117, 14, 'VIA High Definition Audio', NULL, NULL, NULL, NULL, NULL, NULL, NULL, NULL, 5, NULL, 0, NULL, NULL, 0),
(533, 0, 74, 150, 5, 'Intel(R) Core(TM)2 Duo CPU E7500 @ 2.93GHz 2933/''G41MT-ES2L''/RAM 2048Мб/HDD 466Гб/Intel(R) G41 Express Chipset 782', '02261', NULL, NULL, NULL, NULL, NULL, NULL, 0.00, 5, '', 1, NULL, NULL, 0),
(534, 533, 74, 150, 16, 'Gigabyte Technology Co., Ltd. G41MT-ES2L', NULL, NULL, NULL, 15, NULL, NULL, NULL, NULL, 5, NULL, 0, NULL, NULL, 0),
(535, 533, 74, 150, 18, 'Intel(R) Core(TM)2 Duo CPU E7500 @ 2.93GHz 2933', NULL, NULL, NULL, NULL, NULL, NULL, NULL, NULL, 5, NULL, 0, NULL, NULL, 0),
(536, 533, 74, 150, 17, ' DDR3-? 2048Мб ', NULL, NULL, NULL, NULL, NULL, NULL, NULL, NULL, 5, NULL, 0, NULL, NULL, 0),
(537, 533, 74, 150, 11, 'WDC WD5000AAKS-00UU3A0 ATA Device 466Гб ', NULL, NULL, NULL, NULL, NULL, NULL, NULL, NULL, 5, NULL, 0, NULL, NULL, 0),
(538, 533, 74, 150, 9, 'HL-DT-ST DVDRAM GH22NS50 ATA Device', NULL, NULL, NULL, NULL, NULL, NULL, NULL, NULL, 5, NULL, 0, NULL, NULL, 0),
(539, 533, 74, 150, 9, 'IRGZUBW URC92JO1MF SCSI CdRom Device', NULL, NULL, NULL, NULL, NULL, NULL, NULL, NULL, 5, NULL, 0, NULL, NULL, 0),
(540, 533, 74, 150, 13, 'Intel(R) G41 Express Chipset 782Мб ', NULL, NULL, NULL, NULL, NULL, NULL, NULL, NULL, 5, NULL, 0, NULL, NULL, 0),
(541, 533, 74, 150, 19, 'Realtek PCIe GBE Family Controller', NULL, NULL, NULL, NULL, NULL, NULL, NULL, NULL, 5, 'MAC: 1C:6F:65:72:FF:05', 0, NULL, NULL, 0),
(542, 533, 74, 150, 14, 'Realtek High Definition Audio', NULL, NULL, NULL, NULL, NULL, NULL, NULL, NULL, 5, NULL, 0, NULL, NULL, 0),
(543, 0, 74, 98, 20, 'Intel(R) Core(TM)2 Duo CPU T5870 @ 2.00GHz 2001/''3074''/RAM 3072Мб/HDD 298Гб/ATI Mobility Radeon HD 4300 Series 512', '1205', 'VC429EA#ACB', NULL, 11, NULL, NULL, NULL, 0.00, 5, 'HP Pro Book 4510B', 1, NULL, NULL, 0),
(544, 543, 74, 98, 16, 'Hewlett-Packard 3074', NULL, NULL, NULL, 11, NULL, NULL, NULL, NULL, 5, NULL, 0, NULL, NULL, 0),
(545, 543, 74, 98, 18, 'Intel(R) Core(TM)2 Duo CPU T5870 @ 2.00GHz 2001', NULL, NULL, NULL, NULL, NULL, NULL, NULL, NULL, 5, NULL, 0, NULL, NULL, 0),
(546, 543, 74, 98, 17, ' DDR-2 2048Мб ', NULL, NULL, NULL, NULL, NULL, NULL, NULL, NULL, 5, NULL, 0, NULL, NULL, 0),
(547, 543, 74, 98, 17, ' DDR-2 1024Мб ', NULL, NULL, NULL, NULL, NULL, NULL, NULL, NULL, 5, NULL, 0, NULL, NULL, 0),
(548, 543, 74, 98, 11, 'WDC WD3200BEKT-60F3T1 ATA Device 298Гб ', NULL, NULL, NULL, NULL, NULL, NULL, NULL, NULL, 5, NULL, 0, NULL, NULL, 0),
(549, 543, 74, 98, 9, 'hp CDDVDW TS-L633M ATA Device', NULL, NULL, NULL, NULL, NULL, NULL, NULL, NULL, 5, NULL, 0, NULL, NULL, 0),
(550, 543, 74, 98, 13, 'ATI Mobility Radeon HD 4300 Series 512Мб ', NULL, NULL, NULL, NULL, NULL, NULL, NULL, NULL, 5, NULL, 0, NULL, NULL, 0),
(551, 543, 74, 98, 19, 'Контроллер Marvell Yukon 88E8072 PCI-E Gigabit Ethernet', NULL, NULL, NULL, NULL, NULL, NULL, NULL, NULL, 5, 'MAC: 18:A9:05:89:FC:92', 0, NULL, NULL, 0),
(552, 543, 74, 98, 19, 'Сетевой адаптер Broadcom 802,11g', NULL, NULL, NULL, NULL, NULL, NULL, NULL, NULL, 5, 'MAC: 0C:EE:E6:84:3A:B5', 0, NULL, NULL, 0),
(553, 543, 74, 98, 19, 'Microsoft Virtual WiFi Miniport Adapter', NULL, NULL, NULL, NULL, NULL, NULL, NULL, NULL, 5, 'MAC: 0C:EE:E6:84:3A:B5', 0, NULL, NULL, 0),
(554, 543, 74, 98, 14, 'Устройство с поддержкой High Definition Audio', NULL, NULL, NULL, NULL, NULL, NULL, NULL, NULL, 5, NULL, 0, NULL, NULL, 0),
(555, 543, 74, 98, 14, 'Устройство с поддержкой High Definition Audio', NULL, NULL, NULL, NULL, NULL, NULL, NULL, NULL, 5, NULL, 0, NULL, NULL, 0),
(556, 0, 74, 110, 5, 'Intel(R) Core(TM) i3-2130 CPU @ 3.40GHz 3400/''P8H61-M LX2''/RAM 4096Мб/HDD 298Гб/NVIDIA GeForce 210 512', '000000157', NULL, 1, NULL, NULL, '2011-11-28', NULL, 4477.05, 1, '', 1, NULL, NULL, 0),
(557, 556, 74, 110, 16, 'ASUSTeK Computer INC. P8H61-M LX2', NULL, NULL, NULL, 9, NULL, NULL, NULL, NULL, 5, NULL, 0, NULL, NULL, 0),
(558, 556, 74, 110, 18, 'Intel(R) Core(TM) i3-2130 CPU @ 3.40GHz 3400', NULL, NULL, NULL, NULL, NULL, NULL, NULL, NULL, 5, NULL, 0, NULL, NULL, 0),
(559, 556, 74, 110, 17, ' DDR3-? 2048Мб ', NULL, NULL, NULL, NULL, NULL, NULL, NULL, NULL, 5, NULL, 0, NULL, NULL, 0),
(560, 556, 74, 110, 17, ' DDR3-? 2048Мб ', NULL, NULL, NULL, NULL, NULL, NULL, NULL, NULL, 5, NULL, 0, NULL, NULL, 0),
(561, 556, 74, 110, 11, 'ST320DM000-1BD14C ATA Device 298Гб ', NULL, NULL, NULL, NULL, NULL, NULL, NULL, NULL, 5, NULL, 0, NULL, NULL, 0),
(562, 556, 74, 110, 9, 'ASUS DRW-24B3ST ATA Device', NULL, NULL, NULL, NULL, NULL, NULL, NULL, NULL, 5, NULL, 0, NULL, NULL, 0),
(563, 556, 74, 110, 13, 'NVIDIA GeForce 210 512Мб ', NULL, NULL, NULL, NULL, NULL, NULL, NULL, NULL, 5, NULL, 0, NULL, NULL, 0),
(564, 556, 74, 110, 19, 'Realtek PCIe GBE Family Controller', NULL, NULL, NULL, NULL, NULL, NULL, NULL, NULL, 5, 'MAC: 14:DA:E9:0E:44:8B', 0, NULL, NULL, 0),
(565, 556, 74, 110, 14, 'NVIDIA High Definition Audio', NULL, NULL, NULL, NULL, NULL, NULL, NULL, NULL, 5, NULL, 0, NULL, NULL, 0),
(566, 556, 74, 110, 14, 'VIA High Definition Audio', NULL, NULL, NULL, NULL, NULL, NULL, NULL, NULL, 5, NULL, 0, NULL, NULL, 0),
(567, 556, 74, 110, 14, 'NVIDIA High Definition Audio', NULL, NULL, NULL, NULL, NULL, NULL, NULL, NULL, 5, NULL, 0, NULL, NULL, 0),
(568, 556, 74, 110, 14, 'NVIDIA High Definition Audio', NULL, NULL, NULL, NULL, NULL, NULL, NULL, NULL, 5, NULL, 0, NULL, NULL, 0),
(569, 556, 74, 110, 14, 'NVIDIA High Definition Audio', NULL, NULL, NULL, NULL, NULL, NULL, NULL, NULL, 5, NULL, 0, NULL, NULL, 0),
(570, 0, 74, 233, 5, 'Intel Celeron 1.70GHz 1700/''P4VMM2''/RAM 512Мб/HDD 20Гб/S3 Graphics ProSavageDDR 32', '416', NULL, NULL, NULL, NULL, NULL, NULL, 0.00, 5, '', 1, NULL, NULL, 0),
(571, 570, 74, 233, 16, 'ECS P4VMM2', NULL, NULL, NULL, 20, NULL, NULL, NULL, NULL, 5, NULL, 0, NULL, NULL, 0),
(572, 570, 74, 233, 18, 'Intel Celeron 1.70GHz 1700', NULL, NULL, NULL, NULL, NULL, NULL, NULL, 0.00, 5, '', 0, NULL, NULL, 0),
(573, 570, 74, 233, 17, 'DDR 256Мб ', NULL, NULL, NULL, NULL, NULL, NULL, NULL, 0.00, 5, '', 0, NULL, NULL, 0),
(574, 570, 74, 233, 17, 'DDR 256Мб ', NULL, NULL, NULL, NULL, NULL, NULL, NULL, 0.00, 5, '', 0, NULL, NULL, 0),
(575, 570, 74, 233, 11, 'SAMSUNG SV0211H 20Гб ', NULL, NULL, NULL, NULL, NULL, NULL, NULL, 0.00, 5, '', 0, NULL, NULL, 0),
(576, 570, 74, 233, 9, 'BENQ CD-ROM 652M', NULL, NULL, NULL, NULL, NULL, NULL, NULL, NULL, 5, NULL, 0, NULL, NULL, 0),
(577, 570, 74, 233, 13, 'S3 Graphics ProSavageDDR (Microsoft Corporation) 32Мб ', NULL, NULL, NULL, NULL, NULL, NULL, NULL, NULL, 5, NULL, 0, NULL, NULL, 0),
(578, 570, 74, 233, 19, 'VIA Rhine II Fast Ethernet Adapter', NULL, NULL, NULL, NULL, NULL, NULL, NULL, NULL, 5, 'MAC: 00:0A:E6:6D:8A:06', 0, NULL, NULL, 0),
(579, 570, 74, 233, 19, '3Com EtherLink 10/100 PCI For Complete PC Management NIC (3C905C-TX)', NULL, NULL, NULL, NULL, NULL, NULL, NULL, NULL, 5, 'MAC: 00:0A:5E:59:1A:B8', 0, NULL, NULL, 0),
(580, 570, 74, 233, 14, 'Vinyl AC''97 Codec Combo Driver (WDM)', NULL, NULL, NULL, NULL, NULL, NULL, NULL, NULL, 5, NULL, 0, NULL, NULL, 0),
(581, 0, 74, 87, 5, 'Процессор Celeron Dual Core/''G31MX Series''/RAM 2048Мб/HDD 80Гб/Intel(R) G33/G31 Express Chipset Family 128', '00667', NULL, NULL, NULL, NULL, NULL, NULL, 0.00, 5, '', 1, NULL, NULL, 0),
(582, 581, 74, 87, 16, 'Foxconn G31MX Series', NULL, NULL, NULL, 17, NULL, NULL, NULL, NULL, 5, NULL, 0, NULL, NULL, 0),
(583, 581, 74, 87, 18, 'Процессор Intel Pentium III Xeon 2699', NULL, NULL, NULL, NULL, NULL, NULL, NULL, 0.00, 5, '', 0, NULL, NULL, 0),
(584, 581, 74, 87, 17, ' DDR2 1024Мб ', NULL, NULL, NULL, NULL, NULL, NULL, NULL, 0.00, 5, '', 0, NULL, NULL, 0),
(585, 581, 74, 87, 11, 'SAMSUNG HD082GJ 80Гб ', NULL, NULL, NULL, NULL, NULL, NULL, NULL, 0.00, 5, '', 0, NULL, NULL, 0),
(586, 581, 74, 87, 9, 'HL-DT-ST DVDRAM GH22NS40', NULL, NULL, NULL, NULL, NULL, NULL, NULL, NULL, 5, NULL, 0, NULL, NULL, 0),
(587, 581, 74, 87, 13, 'Intel(R) G33/G31 Express Chipset Family 128Мб ', NULL, NULL, NULL, NULL, NULL, NULL, NULL, NULL, 5, NULL, 0, NULL, NULL, 0),
(588, 581, 74, 87, 19, 'Realtek RTL8168/8111 PCI-E Gigabit Ethernet NIC', NULL, NULL, NULL, NULL, NULL, NULL, NULL, NULL, 5, 'MAC: 00:1F:E2:4E:5C:C9', 0, NULL, NULL, 0),
(589, 581, 74, 87, 14, 'Realtek High Definition Audio', NULL, NULL, NULL, NULL, NULL, NULL, NULL, NULL, 5, NULL, 0, NULL, NULL, 0),
(590, 0, 74, 127, 20, 'Процессор Intel Pentium II 1862/''X51RL''/RAM 2048Мб/HDD 149Гб/ATI RADEON XPRESS 1100 256', '00539', '82N0AS186735087', NULL, 9, NULL, NULL, NULL, 0.00, 5, 'ASUS X51RL', 1, NULL, NULL, 0),
(591, 590, 74, 127, 16, 'ASUSTeK Computer Inc. X51RL', NULL, NULL, NULL, 9, NULL, NULL, NULL, NULL, 5, NULL, 0, NULL, NULL, 0),
(592, 590, 74, 127, 18, 'Процессор Intel Pentium II 1862', NULL, NULL, NULL, NULL, NULL, NULL, NULL, NULL, 5, NULL, 0, NULL, NULL, 0),
(593, 590, 74, 127, 17, ' DDR3-? 1024Мб ', NULL, NULL, NULL, NULL, NULL, NULL, NULL, NULL, 5, NULL, 0, NULL, NULL, 0),
(594, 590, 74, 127, 17, ' DDR3-? 1024Мб ', NULL, NULL, NULL, NULL, NULL, NULL, NULL, NULL, 5, NULL, 0, NULL, NULL, 0),
(595, 590, 74, 127, 11, 'Hitachi HTS541616J9SA00 149Гб ', NULL, NULL, NULL, NULL, NULL, NULL, NULL, NULL, 5, NULL, 0, NULL, NULL, 0),
(596, 590, 74, 127, 9, 'HL-DT-ST DVDRAM GSA-T20N', NULL, NULL, NULL, NULL, NULL, NULL, NULL, NULL, 5, NULL, 0, NULL, NULL, 0),
(597, 590, 74, 127, 13, 'ATI RADEON XPRESS 1100 256Мб ', NULL, NULL, NULL, NULL, NULL, NULL, NULL, NULL, 5, NULL, 0, NULL, NULL, 0),
(598, 590, 74, 127, 19, 'Realtek RTL8139/810x Family Fast Ethernet NIC', NULL, NULL, NULL, NULL, NULL, NULL, NULL, NULL, 5, 'MAC: 00:1E:8C:E5:48:08', 0, NULL, NULL, 0),
(599, 590, 74, 127, 14, 'Realtek High Definition Audio', NULL, NULL, NULL, NULL, NULL, NULL, NULL, NULL, 5, NULL, 0, NULL, NULL, 0),
(600, 0, 74, 151, 5, 'Intel(R) Core(TM)2 CPU 4400 @ 2.00GHz 1999/''P5GZ-MX''/RAM 1024Мб/HDD 112Гб/Intel(R) 82945G Express Chipset Family 128', NULL, NULL, NULL, NULL, NULL, NULL, NULL, NULL, 5, NULL, 1, NULL, NULL, 0),
(601, 600, 74, 151, 16, 'ASUSTeK Computer INC. P5GZ-MX', NULL, NULL, NULL, 9, NULL, NULL, NULL, NULL, 5, NULL, 0, NULL, NULL, 0),
(602, 600, 74, 151, 18, 'Intel(R) Core(TM)2 CPU 4400 @ 2.00GHz 1999', NULL, NULL, NULL, NULL, NULL, NULL, NULL, NULL, 5, NULL, 0, NULL, NULL, 0),
(603, 600, 74, 151, 17, ' SDRAM 512Мб ', NULL, NULL, NULL, NULL, NULL, NULL, NULL, NULL, 5, NULL, 0, NULL, NULL, 0),
(604, 600, 74, 151, 17, ' SDRAM 512Мб ', NULL, NULL, NULL, NULL, NULL, NULL, NULL, NULL, 5, NULL, 0, NULL, NULL, 0),
(605, 600, 74, 151, 11, 'ST3120811AS 112Гб ', NULL, NULL, NULL, NULL, NULL, NULL, NULL, NULL, 5, NULL, 0, NULL, NULL, 0),
(606, 600, 74, 151, 9, 'ASUS DRW-1814BL', NULL, NULL, NULL, NULL, NULL, NULL, NULL, NULL, 5, NULL, 0, NULL, NULL, 0),
(607, 600, 74, 151, 9, 'DKVS 9EN4HAZ4PM3S SCSI CdRom Device', NULL, NULL, NULL, NULL, NULL, NULL, NULL, NULL, 5, NULL, 0, NULL, NULL, 0),
(608, 600, 74, 151, 13, 'Intel(R) 82945G Express Chipset Family 128Мб ', NULL, NULL, NULL, NULL, NULL, NULL, NULL, NULL, 5, NULL, 0, NULL, NULL, 0),
(609, 600, 74, 151, 19, 'Marvell Yukon 88E8001/8003/8010 PCI Gigabit Ethernet Controller', NULL, NULL, NULL, NULL, NULL, NULL, NULL, NULL, 5, 'MAC: 00:18:F3:0D:59:09', 0, NULL, NULL, 0),
(610, 600, 74, 151, 14, 'Realtek High Definition Audio', NULL, NULL, NULL, NULL, NULL, NULL, NULL, NULL, 5, NULL, 0, NULL, NULL, 0),
(611, 0, 74, 104, 5, 'Intel(R) Celeron(R) CPU 1.70GHz 1699/''P4VMM2''/RAM 768Мб/HDD 19Гб/S3 Graphics ProSavageDDR 32', NULL, NULL, NULL, NULL, NULL, NULL, NULL, 0.00, 5, '', 1, NULL, NULL, 0),
(612, 611, 74, 104, 16, 'ECS P4VMM2', NULL, NULL, NULL, 20, NULL, NULL, NULL, NULL, 5, NULL, 0, NULL, NULL, 0),
(613, 611, 74, 104, 18, 'Intel(R) Celeron(R) CPU 1.70GHz 1699', NULL, NULL, NULL, NULL, NULL, NULL, NULL, NULL, 5, NULL, 0, NULL, NULL, 0),
(614, 611, 74, 104, 17, 'DDR 256Мб ', NULL, NULL, NULL, NULL, NULL, NULL, NULL, 0.00, 5, '', 0, NULL, NULL, 0),
(615, 611, 74, 104, 11, 'SAMSUNG SV0211H 19Гб ', NULL, NULL, NULL, NULL, NULL, NULL, NULL, NULL, 5, NULL, 0, NULL, NULL, 0),
(616, 611, 74, 104, 9, 'HL-DT-ST CD-ROM GCR-8521B', NULL, NULL, NULL, NULL, NULL, NULL, NULL, NULL, 5, NULL, 0, NULL, NULL, 0),
(617, 611, 74, 104, 13, 'S3 Graphics ProSavageDDR (Microsoft Corporation) 32Мб ', NULL, NULL, NULL, NULL, NULL, NULL, NULL, NULL, 5, NULL, 0, NULL, NULL, 0),
(618, 611, 74, 104, 19, 'Realtek RTL8139 Family PCI Fast Ethernet NIC', NULL, NULL, NULL, NULL, NULL, NULL, NULL, NULL, 5, 'MAC: 00:40:F4:35:FF:32', 0, NULL, NULL, 0),
(619, 611, 74, 104, 14, '-', NULL, NULL, NULL, NULL, NULL, NULL, NULL, NULL, 5, NULL, 0, NULL, NULL, 0),
(620, 0, 95, 212, 5, 'Pentium(R) Dual-Core CPU E5700 @ 3.00GHz 2991/''G41M-VS3.''/RAM 2048Мб/HDD 298Гб/Intel(R) G41 Express Chipset 767', NULL, NULL, NULL, NULL, NULL, NULL, NULL, NULL, 5, NULL, 1, NULL, NULL, 0),
(621, 620, 95, 212, 16, 'ASRock G41M-VS3.', NULL, NULL, NULL, 10, NULL, NULL, NULL, NULL, 5, NULL, 0, NULL, NULL, 0),
(622, 620, 95, 212, 18, 'Pentium(R) Dual-Core CPU E5700 @ 3.00GHz 2991', NULL, NULL, NULL, NULL, NULL, NULL, NULL, NULL, 5, NULL, 0, NULL, NULL, 0),
(623, 620, 95, 212, 17, ' SDRAM 2048Мб ', NULL, NULL, NULL, NULL, NULL, NULL, NULL, NULL, 5, NULL, 0, NULL, NULL, 0),
(624, 620, 95, 212, 11, 'SAMSUNG HD322GJ ATA Device 298Гб ', NULL, NULL, NULL, NULL, NULL, NULL, NULL, NULL, 5, NULL, 0, NULL, NULL, 0),
(625, 620, 95, 212, 9, 'Optiarc DVD RW AD-7200A ATA Device', NULL, NULL, NULL, NULL, NULL, NULL, NULL, NULL, 5, NULL, 0, NULL, NULL, 0),
(626, 620, 95, 212, 13, 'Intel(R) G41 Express Chipset 767Мб ', NULL, NULL, NULL, NULL, NULL, NULL, NULL, NULL, 5, NULL, 0, NULL, NULL, 0),
(627, 620, 95, 212, 19, 'Atheros AR8152 PCI-E Fast Ethernet Controller (NDIS 6.20)', NULL, NULL, NULL, NULL, NULL, NULL, NULL, NULL, 5, 'MAC: 00:25:22:AE:8A:F0', 0, NULL, NULL, 0),
(628, 620, 95, 212, 14, 'VIA High Definition Audio', NULL, NULL, NULL, NULL, NULL, NULL, NULL, NULL, 5, NULL, 0, NULL, NULL, 0),
(629, 0, 74, 118, 5, 'Intel(R) Celeron(R) CPU 2.00GHz 2000/''P4VMM2''/RAM 512Мб/HDD 37Гб/S3 Graphics ProSavageDDR 32', NULL, NULL, NULL, NULL, NULL, NULL, NULL, NULL, 5, NULL, 1, NULL, NULL, 0),
(630, 629, 74, 118, 16, 'ECS P4VMM2', NULL, NULL, NULL, 20, NULL, NULL, NULL, NULL, 5, NULL, 0, NULL, NULL, 0),
(631, 629, 74, 118, 18, 'Intel(R) Celeron(R) CPU 2.00GHz 2000', NULL, NULL, NULL, NULL, NULL, NULL, NULL, NULL, 5, NULL, 0, NULL, NULL, 0),
(632, 629, 74, 118, 17, ' SDRAM 512Мб ', NULL, NULL, NULL, NULL, NULL, NULL, NULL, NULL, 5, NULL, 0, NULL, NULL, 0),
(633, 629, 74, 118, 11, 'SAMSUNG SP0411N 37Гб ', NULL, NULL, NULL, NULL, NULL, NULL, NULL, NULL, 5, NULL, 0, NULL, NULL, 0),
(634, 629, 74, 118, 9, 'HL-DT-ST CD-ROM GCR-8523B', NULL, NULL, NULL, NULL, NULL, NULL, NULL, NULL, 5, NULL, 0, NULL, NULL, 0),
(635, 629, 74, 118, 13, 'S3 Graphics ProSavageDDR 32Мб ', NULL, NULL, NULL, NULL, NULL, NULL, NULL, NULL, 5, NULL, 0, NULL, NULL, 0),
(636, 629, 74, 118, 19, 'Realtek RTL8139 Family PCI Fast Ethernet NIC', NULL, NULL, NULL, NULL, NULL, NULL, NULL, NULL, 5, 'MAC: 00:C0:26:28:8A:3D', 0, NULL, NULL, 0),
(637, 629, 74, 118, 14, 'Vinyl AC''97 Codec Combo Driver (WDM)', NULL, NULL, NULL, NULL, NULL, NULL, NULL, NULL, 5, NULL, 0, NULL, NULL, 0),
(638, 0, 74, 119, 5, 'Intel(R) Pentium(R) 4 CPU 2.80GHz 2810/''P5PL2''/RAM 512Мб/HDD 186Гб/Radeon X300/X550/X1050 Series 128', '987', NULL, NULL, NULL, NULL, NULL, NULL, 0.00, 5, '', 1, NULL, NULL, 0),
(639, 638, 74, 119, 16, 'ASUSTeK Computer INC. P5PL2', NULL, NULL, NULL, 9, NULL, NULL, NULL, NULL, 5, NULL, 0, NULL, NULL, 0),
(640, 638, 74, 119, 18, 'Intel(R) Pentium(R) 4 CPU 2.80GHz 2810', NULL, NULL, NULL, NULL, NULL, NULL, NULL, NULL, 5, NULL, 0, NULL, NULL, 0),
(641, 638, 74, 119, 17, ' SDRAM 256Мб ', NULL, NULL, NULL, NULL, NULL, NULL, NULL, NULL, 5, NULL, 0, NULL, NULL, 0),
(642, 638, 74, 119, 17, ' SDRAM 256Мб ', NULL, NULL, NULL, NULL, NULL, NULL, NULL, NULL, 5, NULL, 0, NULL, NULL, 0),
(643, 638, 74, 119, 11, 'WDC WD2000JS-00MVB1 186Гб ', NULL, NULL, NULL, NULL, NULL, NULL, NULL, NULL, 5, NULL, 0, NULL, NULL, 0),
(644, 638, 74, 119, 9, 'SONY DVD RW DW-Q30A', NULL, NULL, NULL, NULL, NULL, NULL, NULL, NULL, 5, NULL, 0, NULL, NULL, 0),
(645, 638, 74, 119, 13, 'Radeon X300/X550/X1050 Series 128Мб ', NULL, NULL, NULL, NULL, NULL, NULL, NULL, NULL, 5, NULL, 0, NULL, NULL, 0),
(646, 638, 74, 119, 19, 'Сетевой адаптер 1394', NULL, NULL, NULL, NULL, NULL, NULL, NULL, NULL, 5, 'MAC: 62:57:1E:98:45:79', 0, NULL, NULL, 0),
(647, 638, 74, 119, 19, 'Realtek RTL8168/8111 PCI-E Gigabit Ethernet NIC', NULL, NULL, NULL, NULL, NULL, NULL, NULL, NULL, 5, 'MAC: 00:17:31:55:12:B6', 0, NULL, NULL, 0),
(648, 638, 74, 119, 14, 'SoundMAX Integrated Digital HD Audio', NULL, NULL, NULL, NULL, NULL, NULL, NULL, NULL, 5, NULL, 0, NULL, NULL, 0),
(649, 0, 74, 133, 5, 'Intel(R) Celeron(R) CPU 2.53GHz 2542/''P5GV-MX''/RAM 512Мб/HDD 75Гб/Intel(R) 82915G/GV/910GL Express Chipset Family 128', NULL, NULL, NULL, NULL, NULL, NULL, NULL, NULL, 5, NULL, 1, NULL, NULL, 0),
(650, 649, 74, 133, 16, 'ASUSTeK Computer INC. P5GV-MX', NULL, NULL, NULL, 9, NULL, NULL, NULL, NULL, 5, NULL, 0, NULL, NULL, 0),
(651, 649, 74, 133, 18, 'Intel(R) Celeron(R) CPU 2.53GHz 2542', NULL, NULL, NULL, NULL, NULL, NULL, NULL, NULL, 5, NULL, 0, NULL, NULL, 0),
(652, 649, 74, 133, 17, ' SDRAM 512Мб ', NULL, NULL, NULL, NULL, NULL, NULL, NULL, NULL, 5, NULL, 0, NULL, NULL, 0),
(653, 649, 74, 133, 11, 'SAMSUNG HD080HJ 75Гб ', NULL, NULL, NULL, NULL, NULL, NULL, NULL, NULL, 5, NULL, 0, NULL, NULL, 0),
(654, 649, 74, 133, 9, 'HL-DT-ST CD-ROM GCR-8525B', NULL, NULL, NULL, NULL, NULL, NULL, NULL, NULL, 5, NULL, 0, NULL, NULL, 0),
(655, 649, 74, 133, 13, 'Intel(R) 82915G/GV/910GL Express Chipset Family 128Мб ', NULL, NULL, NULL, NULL, NULL, NULL, NULL, NULL, 5, NULL, 0, NULL, NULL, 0),
(656, 649, 74, 133, 19, 'Realtek RTL8139/810x Family Fast Ethernet NIC', NULL, NULL, NULL, NULL, NULL, NULL, NULL, NULL, 5, 'MAC: 00:15:F2:5B:1D:5C', 0, NULL, NULL, 0),
(657, 649, 74, 133, 14, 'SoundMAX Integrated Digital HD Audio', NULL, NULL, NULL, NULL, NULL, NULL, NULL, NULL, 5, NULL, 0, NULL, NULL, 0),
(658, 0, 74, 76, 20, 'Intel(R) Pentium(R) CPU B950 @ 2.10GHz 2100/''Emerald Lake''/RAM 2048Мб/HDD 466Гб/Intel(R) HD Graphics Family 786', '000000146', NULL, 1, 13, NULL, '2011-10-31', NULL, 4560.40, 5, 'приобретался вначале ASUS X54L, но был заменен, т.к. был неисправен', 1, NULL, NULL, 0),
(659, 658, 74, 76, 16, 'LENOVO Emerald Lake', NULL, NULL, NULL, 13, NULL, NULL, NULL, NULL, 5, NULL, 0, NULL, NULL, 0),
(660, 658, 74, 76, 18, 'Intel(R) Pentium(R) CPU B950 @ 2.10GHz 2100', NULL, NULL, NULL, NULL, NULL, NULL, NULL, NULL, 5, NULL, 0, NULL, NULL, 0),
(661, 658, 74, 76, 17, ' DDR3-? 2048Мб ', NULL, NULL, NULL, NULL, NULL, NULL, NULL, NULL, 5, NULL, 0, NULL, NULL, 0),
(662, 658, 74, 76, 11, 'HITACHI HTS547550A9E384 466Гб ', NULL, NULL, NULL, NULL, NULL, NULL, NULL, NULL, 5, NULL, 0, NULL, NULL, 0),
(663, 658, 74, 76, 9, 'TSSTcorp CDDVDW TS-L633F', NULL, NULL, NULL, NULL, NULL, NULL, NULL, NULL, 5, NULL, 0, NULL, NULL, 0),
(664, 658, 74, 76, 13, 'Intel(R) HD Graphics Family 786Мб ', NULL, NULL, NULL, NULL, NULL, NULL, NULL, NULL, 5, NULL, 0, NULL, NULL, 0),
(665, 658, 74, 76, 19, 'Realtek PCIe GBE Family Controller', NULL, NULL, NULL, NULL, NULL, NULL, NULL, NULL, 5, 'MAC: F0:DE:F1:77:4E:6C', 0, NULL, NULL, 0),
(666, 658, 74, 76, 19, 'Atheros AR9285 Wireless Network Adapter', NULL, NULL, NULL, NULL, NULL, NULL, NULL, NULL, 5, 'MAC: D0:DF:9A:D6:B1:ED', 0, NULL, NULL, 0),
(667, 658, 74, 76, 19, 'Microsoft Virtual WiFi Miniport Adapter', NULL, NULL, NULL, NULL, NULL, NULL, NULL, NULL, 5, 'MAC: F2:DF:9A:D6:B1:ED', 0, NULL, NULL, 0),
(668, 658, 74, 76, 14, 'Realtek High Definition Audio', NULL, NULL, NULL, NULL, NULL, NULL, NULL, NULL, 5, NULL, 0, NULL, NULL, 0),
(669, 658, 74, 76, 14, 'Аудио Intel(R) для дисплеев', NULL, NULL, NULL, NULL, NULL, NULL, NULL, NULL, 5, NULL, 0, NULL, NULL, 0),
(670, 0, 74, 128, 5, 'Процессор Intel Pentium II 1999/''P5GC-MX''/RAM 1024Мб/HDD -Гб/Intel(R) 82945G Express Chipset Family 128', NULL, NULL, NULL, NULL, NULL, NULL, NULL, NULL, 5, NULL, 1, NULL, NULL, 0),
(671, 670, 74, 128, 16, 'ASUSTeK Computer INC. P5GC-MX', NULL, NULL, NULL, 9, NULL, NULL, NULL, NULL, 5, NULL, 0, NULL, NULL, 0),
(672, 670, 74, 128, 18, 'Процессор Intel Pentium II 1999', NULL, NULL, NULL, NULL, NULL, NULL, NULL, NULL, 5, NULL, 0, NULL, NULL, 0),
(673, 670, 74, 128, 17, ' DDR3-? 1024Мб ', NULL, NULL, NULL, NULL, NULL, NULL, NULL, NULL, 5, NULL, 0, NULL, NULL, 0),
(674, 670, 74, 128, 11, '- -Гб ', NULL, NULL, NULL, NULL, NULL, NULL, NULL, NULL, 5, NULL, 0, NULL, NULL, 0),
(675, 670, 74, 128, 9, 'HL-DT-ST DVD-RAM GSA-H55N', NULL, NULL, NULL, NULL, NULL, NULL, NULL, NULL, 5, NULL, 0, NULL, NULL, 0),
(676, 670, 74, 128, 13, 'Intel(R) 82945G Express Chipset Family 128Мб ', NULL, NULL, NULL, NULL, NULL, NULL, NULL, NULL, 5, NULL, 0, NULL, NULL, 0),
(677, 670, 74, 128, 19, 'Atheros L2 Fast Ethernet 10/100 Base-T Controller', NULL, NULL, NULL, NULL, NULL, NULL, NULL, NULL, 5, 'MAC: 00:1B:FC:83:5C:0D', 0, NULL, NULL, 0),
(678, 670, 74, 128, 14, 'Realtek High Definition Audio', NULL, NULL, NULL, NULL, NULL, NULL, NULL, NULL, 5, NULL, 0, NULL, NULL, 0),
(679, 0, 74, 227, 5, 'Intel(R) Celeron(TM) CPU 1100MHz 1104/''-''/RAM 256Мб/HDD 19Гб/Intel(R) 82815 Graphics Controller (Microsoft Corporation) 32', '14.1Д', NULL, NULL, NULL, NULL, NULL, NULL, 0.00, 7, '', 1, NULL, NULL, 0),
(680, 679, 74, 227, 16, '- -', NULL, NULL, NULL, 18, NULL, NULL, NULL, NULL, 5, NULL, 0, NULL, NULL, 0),
(681, 0, 74, 194, 18, 'Intel Celeron 1100MHz (Socket370)', NULL, NULL, NULL, NULL, NULL, NULL, NULL, 0.00, 5, '', 0, NULL, NULL, 0),
(682, 0, 74, 194, 17, 'SDRAM 128Мб ', NULL, 'MS3828UPP', NULL, 48, NULL, NULL, NULL, 0.00, 5, '', 0, NULL, NULL, 0),
(683, 0, 74, 194, 17, 'SDRAM 128Мб ', NULL, 'EH920124SCH', NULL, 49, NULL, NULL, NULL, 0.00, 5, '', 0, NULL, NULL, 0),
(684, 827, 74, 107, 11, 'SAMSUNG SV2011H 19Гб ', NULL, '0590J1FTC00805', NULL, 8, NULL, NULL, NULL, 0.00, 5, '', 0, NULL, NULL, 0),
(685, 0, 74, 227, 9, 'HL-DT-ST CD-ROM GCR-8522B', NULL, NULL, NULL, NULL, NULL, NULL, NULL, NULL, 5, NULL, 0, NULL, NULL, 0),
(686, 679, 74, 227, 13, 'Intel(R) 82815 Graphics Controller (Microsoft Corporation) 32Мб ', NULL, NULL, NULL, NULL, NULL, NULL, NULL, NULL, 5, NULL, 0, NULL, NULL, 0),
(687, 0, 74, 194, 19, '3Com EtherLink XL 10/100 PCI For Complete PC Management NIC (3C905C-TX)', NULL, NULL, NULL, NULL, NULL, NULL, NULL, NULL, 5, 'MAC: 00:0A:5E:59:1F:6A', 0, NULL, NULL, 0),
(688, 679, 74, 227, 14, 'Intel(r) 82801BA/BAM AC''97 звуковой контроллер', NULL, NULL, NULL, NULL, NULL, NULL, NULL, NULL, 5, NULL, 0, NULL, NULL, 0),
(689, 0, 74, 99, 5, 'Intel(R) Core(TM)2 CPU 4400 @ 2.00GHz 1999/''P5GZ-MX''/RAM 1024Мб/HDD 149Гб/Intel(R) 82945G Express Chipset Family 128', '268', NULL, NULL, NULL, NULL, NULL, NULL, 0.00, 5, '', 1, NULL, NULL, 0),
(690, 689, 74, 99, 16, 'ASUSTeK Computer INC. P5GZ-MX', NULL, NULL, NULL, 9, NULL, NULL, NULL, NULL, 5, NULL, 0, NULL, NULL, 0),
(691, 689, 74, 99, 18, 'Intel(R) Core(TM)2 CPU 4400 @ 2.00GHz 1999', NULL, NULL, NULL, NULL, NULL, NULL, NULL, NULL, 5, NULL, 0, NULL, NULL, 0),
(692, 689, 74, 99, 17, ' SDRAM 512Мб ', NULL, NULL, NULL, NULL, NULL, NULL, NULL, NULL, 5, NULL, 0, NULL, NULL, 0),
(693, 689, 74, 99, 17, ' SDRAM 512Мб ', NULL, NULL, NULL, NULL, NULL, NULL, NULL, NULL, 5, NULL, 0, NULL, NULL, 0),
(694, 689, 74, 99, 11, 'WDC WD1600AAJS-00PSA0 149Гб ', NULL, NULL, NULL, NULL, NULL, NULL, NULL, NULL, 5, NULL, 0, NULL, NULL, 0),
(695, 689, 74, 99, 9, 'ASUS DRW-1814BL', NULL, NULL, NULL, NULL, NULL, NULL, NULL, NULL, 5, NULL, 0, NULL, NULL, 0),
(696, 689, 74, 99, 13, 'Intel(R) 82945G Express Chipset Family 128Мб ', NULL, NULL, NULL, NULL, NULL, NULL, NULL, NULL, 5, NULL, 0, NULL, NULL, 0),
(697, 689, 74, 99, 19, 'Marvell Yukon 88E8001/8003/8010 PCI Gigabit Ethernet Controller', NULL, NULL, NULL, NULL, NULL, NULL, NULL, NULL, 5, 'MAC: 00:18:F3:0D:59:0E', 0, NULL, NULL, 0),
(698, 689, 74, 99, 14, 'Realtek High Definition Audio', NULL, NULL, NULL, NULL, NULL, NULL, NULL, NULL, 5, NULL, 0, NULL, NULL, 0),
(699, 0, 74, 121, 5, 'Intel(R) Core(TM)2 Duo CPU E6850 @ 3.00GHz 3010/''P5KPL-C''/RAM 2048Мб/HDD 298Гб/NVIDIA GeForce 8400 GS 512', NULL, NULL, NULL, NULL, NULL, NULL, NULL, NULL, 5, NULL, 1, NULL, NULL, 0),
(700, 699, 74, 121, 16, 'ASUSTeK Computer INC. P5KPL-C', NULL, NULL, NULL, 9, NULL, NULL, NULL, NULL, 5, NULL, 0, NULL, NULL, 0),
(701, 699, 74, 121, 18, 'Intel(R) Core(TM)2 Duo CPU E6850 @ 3.00GHz 3010', NULL, NULL, NULL, NULL, NULL, NULL, NULL, NULL, 5, NULL, 0, NULL, NULL, 0),
(702, 699, 74, 121, 17, ' DDR3-? 1024Мб ', NULL, NULL, NULL, NULL, NULL, NULL, NULL, NULL, 5, NULL, 0, NULL, NULL, 0),
(703, 699, 74, 121, 17, ' DDR3-? 1024Мб ', NULL, NULL, NULL, NULL, NULL, NULL, NULL, NULL, 5, NULL, 0, NULL, NULL, 0),
(704, 699, 74, 121, 11, 'WDC WD3200AAKS-00B3A0 298Гб ', NULL, NULL, NULL, NULL, NULL, NULL, NULL, NULL, 5, NULL, 0, NULL, NULL, 0),
(705, 699, 74, 121, 9, 'ASUS DRW-2014S1T', NULL, NULL, NULL, NULL, NULL, NULL, NULL, NULL, 5, NULL, 0, NULL, NULL, 0),
(706, 699, 74, 121, 13, 'NVIDIA GeForce 8400 GS 512Мб ', NULL, NULL, NULL, NULL, NULL, NULL, NULL, NULL, 5, NULL, 0, NULL, NULL, 0),
(707, 699, 74, 121, 19, 'Atheros L1 Gigabit Ethernet 10/100/1000Base-T Controller', NULL, NULL, NULL, NULL, NULL, NULL, NULL, NULL, 5, 'MAC: 00:1E:8C:C0:DD:28', 0, NULL, NULL, 0),
(708, 699, 74, 121, 14, 'Realtek High Definition Audio', NULL, NULL, NULL, NULL, NULL, NULL, NULL, NULL, 5, NULL, 0, NULL, NULL, 0),
(709, 0, 74, 80, 5, 'Pentium(R) Dual-Core CPU E6500 @ 2.93GHz 1585/''P5G41-M LX''/RAM 2048Мб/HDD 466Гб/Intel(R) G41 Express Chipset 783', '01415', NULL, NULL, NULL, NULL, NULL, NULL, 0.00, 5, '', 1, NULL, NULL, 0),
(710, 709, 74, 80, 16, 'ASUSTeK Computer INC. P5G41-M LX', NULL, NULL, NULL, 9, NULL, NULL, NULL, NULL, 5, NULL, 0, NULL, NULL, 0),
(711, 709, 74, 80, 18, 'Pentium(R) Dual-Core CPU E6500 @ 2.93GHz 1585', NULL, NULL, NULL, NULL, NULL, NULL, NULL, NULL, 5, NULL, 0, NULL, NULL, 0),
(712, 709, 74, 80, 17, ' DDR-2 1024Мб ', NULL, NULL, NULL, NULL, NULL, NULL, NULL, NULL, 5, NULL, 0, NULL, NULL, 0),
(713, 709, 74, 80, 17, ' DDR-2 1024Мб ', NULL, NULL, NULL, NULL, NULL, NULL, NULL, NULL, 5, NULL, 0, NULL, NULL, 0),
(714, 709, 74, 80, 11, 'Hitachi HDS721050CLA362 ATA Device 466Гб ', NULL, NULL, NULL, NULL, NULL, NULL, NULL, NULL, 5, NULL, 0, NULL, NULL, 0),
(715, 709, 74, 80, 9, 'HL-DT-ST DVDRAM GH22NS40 ATA Device', NULL, NULL, NULL, NULL, NULL, NULL, NULL, NULL, 5, NULL, 0, NULL, NULL, 0),
(716, 709, 74, 80, 13, 'Intel(R) G41 Express Chipset 783Мб ', NULL, NULL, NULL, NULL, NULL, NULL, NULL, NULL, 5, NULL, 0, NULL, NULL, 0),
(717, 709, 74, 80, 19, 'Realtek PCIe FE Family Controller', NULL, NULL, NULL, NULL, NULL, NULL, NULL, NULL, 5, 'MAC: 90:E6:BA:DF:5B:EA', 0, NULL, NULL, 0),
(718, 709, 74, 80, 14, 'Realtek High Definition Audio', NULL, NULL, NULL, NULL, NULL, NULL, NULL, NULL, 5, NULL, 0, NULL, NULL, 0),
(719, 0, 74, 129, 5, 'Intel(R) Celeron(R) CPU E1500 @ 2.20GHz 2193/''G31M-S''/RAM 1024Мб/HDD 75Гб/Intel(R) G33/G31 Express Chipset Family 384', NULL, NULL, NULL, NULL, NULL, NULL, NULL, NULL, 5, NULL, 1, NULL, NULL, 0),
(720, 719, 74, 129, 16, 'ASRock G31M-S', NULL, NULL, NULL, 10, NULL, NULL, NULL, NULL, 5, NULL, 0, NULL, NULL, 0),
(721, 719, 74, 129, 18, 'Intel(R) Celeron(R) CPU E1500 @ 2.20GHz 2193', NULL, NULL, NULL, NULL, NULL, NULL, NULL, NULL, 5, NULL, 0, NULL, NULL, 0),
(722, 719, 74, 129, 17, ' SDRAM 1024Мб ', NULL, NULL, NULL, NULL, NULL, NULL, NULL, NULL, 5, NULL, 0, NULL, NULL, 0),
(723, 719, 74, 129, 11, 'MAXTOR STM380815AS 75Гб ', NULL, NULL, NULL, NULL, NULL, NULL, NULL, NULL, 5, NULL, 0, NULL, NULL, 0),
(724, 719, 74, 129, 9, 'TSSTcorp CDDVDW SH-S223Q', NULL, NULL, NULL, NULL, NULL, NULL, NULL, NULL, 5, NULL, 0, NULL, NULL, 0),
(725, 719, 74, 129, 13, 'Intel(R) G33/G31 Express Chipset Family 384Мб ', NULL, NULL, NULL, NULL, NULL, NULL, NULL, NULL, 5, NULL, 0, NULL, NULL, 0),
(726, 719, 74, 129, 19, 'Realtek RTL8102E Family PCI-E Fast Ethernet NIC', NULL, NULL, NULL, NULL, NULL, NULL, NULL, NULL, 5, 'MAC: 00:19:66:D1:CC:EB', 0, NULL, NULL, 0),
(727, 719, 74, 129, 14, 'Realtek High Definition Audio', NULL, NULL, NULL, NULL, NULL, NULL, NULL, NULL, 5, NULL, 0, NULL, NULL, 0),
(728, 0, 74, 130, 5, 'Intel(R) Core(TM)2 Duo CPU E6550 @ 2.33GHz 2337/''P5K''/RAM 2048Мб/HDD 233Гб/NVIDIA GeForce 8400 GS 512', NULL, NULL, NULL, NULL, NULL, NULL, NULL, NULL, 5, NULL, 1, NULL, NULL, 0),
(729, 728, 74, 130, 16, 'ASUSTeK Computer INC. P5K', NULL, NULL, NULL, 9, NULL, NULL, NULL, NULL, 5, NULL, 0, NULL, NULL, 0),
(730, 728, 74, 130, 18, 'Intel(R) Core(TM)2 Duo CPU E6550 @ 2.33GHz 2337', NULL, NULL, NULL, NULL, NULL, NULL, NULL, NULL, 5, NULL, 0, NULL, NULL, 0),
(731, 728, 74, 130, 17, ' DDR3-? 1024Мб ', NULL, NULL, NULL, NULL, NULL, NULL, NULL, NULL, 5, NULL, 0, NULL, NULL, 0),
(732, 728, 74, 130, 17, ' DDR3-? 1024Мб ', NULL, NULL, NULL, NULL, NULL, NULL, NULL, NULL, 5, NULL, 0, NULL, NULL, 0),
(733, 728, 74, 130, 11, 'ST3250410AS 233Гб ', NULL, NULL, NULL, NULL, NULL, NULL, NULL, NULL, 5, NULL, 0, NULL, NULL, 0),
(734, 728, 74, 130, 9, 'ASUS DRW-1814BL SCSI CdRom Device', NULL, NULL, NULL, NULL, NULL, NULL, NULL, NULL, 5, NULL, 0, NULL, NULL, 0),
(735, 728, 74, 130, 13, 'NVIDIA GeForce 8400 GS 512Мб ', NULL, NULL, NULL, NULL, NULL, NULL, NULL, NULL, 5, NULL, 0, NULL, NULL, 0),
(736, 728, 74, 130, 19, 'Attansic L1 Gigabit Ethernet 10/100/1000Base-T Controller', NULL, NULL, NULL, NULL, NULL, NULL, NULL, NULL, 5, 'MAC: 00:1D:60:EF:29:1D', 0, NULL, NULL, 0),
(737, 728, 74, 130, 14, 'C-Media PCI Audio Device', NULL, NULL, NULL, NULL, NULL, NULL, NULL, NULL, 5, NULL, 0, NULL, NULL, 0),
(738, 0, 74, 92, 5, 'Процессор Intel Celeron 432/''WL810''/RAM 128Мб/HDD 4Гб/Intel(R) 82810 Graphics Controller (Microsoft Corporation) 32', '417', NULL, NULL, NULL, NULL, NULL, NULL, 0.00, 5, '', 1, NULL, NULL, 0),
(739, 738, 74, 92, 16, 'Intel Corporation WL810', NULL, NULL, NULL, 21, NULL, NULL, NULL, NULL, 5, NULL, 0, NULL, NULL, 0),
(740, 738, 74, 92, 18, 'Процессор Intel Celeron 432', NULL, NULL, NULL, NULL, NULL, NULL, NULL, NULL, 5, NULL, 0, NULL, NULL, 0),
(741, 738, 74, 92, 17, ' DRAM 128Мб ', NULL, NULL, NULL, NULL, NULL, NULL, NULL, NULL, 5, NULL, 0, NULL, NULL, 0),
(742, 738, 74, 92, 11, 'FUJITSU MPE3043AE 4Гб ', NULL, NULL, NULL, NULL, NULL, NULL, NULL, NULL, 5, NULL, 0, NULL, NULL, 0),
(743, 738, 74, 92, 9, 'ASUS CD-S520/A4', NULL, NULL, NULL, NULL, NULL, NULL, NULL, NULL, 5, NULL, 0, NULL, NULL, 0),
(744, 738, 74, 92, 13, 'Intel(R) 82810 Graphics Controller (Microsoft Corporation) 32Мб ', NULL, NULL, NULL, NULL, NULL, NULL, NULL, NULL, 5, NULL, 0, NULL, NULL, 0),
(745, 738, 74, 92, 19, 'Realtek RTL8029(AS)-based Ethernet адаптер (Универсальный)', NULL, NULL, NULL, NULL, NULL, NULL, NULL, NULL, 5, 'MAC: 52:54:05:F8:C5:BE', 0, NULL, NULL, 0),
(746, 738, 74, 92, 14, 'Intel(r) 82801AB AC''97 звуковой контроллер', NULL, NULL, NULL, NULL, NULL, NULL, NULL, NULL, 5, NULL, 0, NULL, NULL, 0),
(747, 0, 74, 105, 5, 'Intel(R) Celeron(R) CPU 2.53GHz 2542/''P5GV-MX''/RAM 512Мб/HDD 106Гб/Intel(R) 82915G/GV/910GL Express Chipset Family 128', 'УА000413', NULL, NULL, NULL, NULL, '2012-06-18', NULL, 416.67, 5, 'передан с "УДО" имеет один момер с монитором', 1, NULL, NULL, 0),
(748, 747, 74, 105, 16, 'ASUSTeK Computer INC. P5GV-MX', NULL, NULL, NULL, 9, NULL, NULL, NULL, NULL, 5, NULL, 0, NULL, NULL, 0),
(749, 747, 74, 105, 18, 'Intel(R) Celeron(R) CPU 2.53GHz 2542', NULL, NULL, NULL, NULL, NULL, NULL, NULL, NULL, 5, NULL, 0, NULL, NULL, 0),
(750, 747, 74, 105, 17, ' SDRAM 512Мб ', NULL, NULL, NULL, NULL, NULL, NULL, NULL, NULL, 5, NULL, 0, NULL, NULL, 0),
(751, 747, 74, 105, 11, 'SAMSUNG HD080HJ 75Гб ', NULL, NULL, NULL, NULL, NULL, NULL, NULL, NULL, 5, NULL, 0, NULL, NULL, 0),
(752, 747, 74, 105, 11, 'SAMSUNG SV0411N 31Гб ', NULL, NULL, NULL, NULL, NULL, NULL, NULL, NULL, 5, NULL, 0, NULL, NULL, 0),
(753, 747, 74, 105, 9, 'Generic DVD-ROM SCSI CdRom Device', NULL, NULL, NULL, NULL, NULL, NULL, NULL, NULL, 5, NULL, 0, NULL, NULL, 0),
(754, 747, 74, 105, 9, 'Generic DVD-ROM SCSI CdRom Device', NULL, NULL, NULL, NULL, NULL, NULL, NULL, NULL, 5, NULL, 0, NULL, NULL, 0),
(755, 747, 74, 105, 13, 'Intel(R) 82915G/GV/910GL Express Chipset Family 128Мб ', NULL, NULL, NULL, NULL, NULL, NULL, NULL, NULL, 5, NULL, 0, NULL, NULL, 0),
(756, 747, 74, 105, 19, 'Realtek RTL8139/810x Family Fast Ethernet NIC', NULL, NULL, NULL, NULL, NULL, NULL, NULL, NULL, 5, 'MAC: 00:15:F2:5B:1D:3A', 0, NULL, NULL, 0),
(757, 747, 74, 105, 14, 'Драйвер функции Microsoft UAA для High Definition Audio - Adi 1986', NULL, NULL, NULL, NULL, NULL, NULL, NULL, NULL, 5, NULL, 0, NULL, NULL, 0),
(758, 0, 74, 81, 5, 'Intel(R) Core(TM)2 CPU 4400 @ 2.00GHz 1999/''P5GZ-MX''/RAM 1024Мб/HDD 112Гб/Intel(R) 82945G Express Chipset Family 128', '00535', NULL, NULL, NULL, NULL, NULL, NULL, 0.00, 5, '', 1, NULL, NULL, 0),
(759, 758, 74, 81, 16, 'ASUSTeK Computer INC. P5GZ-MX', NULL, NULL, NULL, 9, NULL, NULL, NULL, NULL, 5, NULL, 0, NULL, NULL, 0),
(760, 758, 74, 81, 18, 'Intel(R) Core(TM)2 CPU 4400 @ 2.00GHz 1999', NULL, NULL, NULL, NULL, NULL, NULL, NULL, NULL, 5, NULL, 0, NULL, NULL, 0),
(761, 758, 74, 81, 17, ' SDRAM 512Мб ', NULL, NULL, NULL, NULL, NULL, NULL, NULL, NULL, 5, NULL, 0, NULL, NULL, 0),
(762, 758, 74, 81, 17, ' SDRAM 512Мб ', NULL, NULL, NULL, NULL, NULL, NULL, NULL, NULL, 5, NULL, 0, NULL, NULL, 0),
(763, 758, 74, 81, 11, 'ST3120811AS 112Гб ', NULL, NULL, NULL, NULL, NULL, NULL, NULL, NULL, 5, NULL, 0, NULL, NULL, 0),
(764, 758, 74, 81, 9, 'ASUS DRW-1814BL', NULL, NULL, NULL, NULL, NULL, NULL, NULL, NULL, 5, NULL, 0, NULL, NULL, 0),
(765, 758, 74, 81, 13, 'Intel(R) 82945G Express Chipset Family 128Мб ', NULL, NULL, NULL, NULL, NULL, NULL, NULL, NULL, 5, NULL, 0, NULL, NULL, 0),
(766, 758, 74, 81, 19, 'Marvell Yukon 88E8001/8003/8010 PCI Gigabit Ethernet Controller', NULL, NULL, NULL, NULL, NULL, NULL, NULL, NULL, 5, 'MAC: 00:18:F3:0D:59:F4', 0, NULL, NULL, 0),
(767, 758, 74, 81, 14, 'Realtek High Definition Audio', NULL, NULL, NULL, NULL, NULL, NULL, NULL, NULL, 5, NULL, 0, NULL, NULL, 0),
(768, 0, 74, 82, 5, 'Intel(R) Celeron(R) CPU 2.80GHz 2792/''775i945GZ''/RAM 512Мб/HDD 77Гб/Intel(R) 82945G Express Chipset Family 224', '2007.5', NULL, NULL, NULL, NULL, NULL, NULL, 0.00, 5, '', 1, NULL, NULL, 0),
(769, 768, 74, 82, 16, '- 775i945GZ', NULL, NULL, NULL, 18, NULL, NULL, NULL, NULL, 5, NULL, 0, NULL, NULL, 0),
(770, 768, 74, 82, 18, 'Intel(R) Celeron(R) CPU 2.80GHz 2792', NULL, NULL, NULL, NULL, NULL, NULL, NULL, NULL, 5, NULL, 0, NULL, NULL, 0),
(771, 768, 74, 82, 17, ' SDRAM 512Мб ', NULL, NULL, NULL, NULL, NULL, NULL, NULL, NULL, 5, NULL, 0, NULL, NULL, 0),
(772, 768, 74, 82, 11, 'HDS728080PLA380 77Гб ', NULL, NULL, NULL, NULL, NULL, NULL, NULL, NULL, 5, NULL, 0, NULL, NULL, 0),
(773, 768, 74, 82, 9, 'ASUS DRW-1608P3S', NULL, NULL, NULL, NULL, NULL, NULL, NULL, NULL, 5, NULL, 0, NULL, NULL, 0),
(774, 768, 74, 82, 13, 'Intel(R) 82945G Express Chipset Family 224Мб ', NULL, NULL, NULL, NULL, NULL, NULL, NULL, NULL, 5, NULL, 0, NULL, NULL, 0),
(775, 768, 74, 82, 19, 'Realtek RTL8139/810x Family Fast Ethernet NIC', NULL, NULL, NULL, NULL, NULL, NULL, NULL, NULL, 5, 'MAC: 00:13:8F:B4:E5:88', 0, NULL, NULL, 0),
(776, 768, 74, 82, 14, 'Realtek High Definition Audio', NULL, NULL, NULL, NULL, NULL, NULL, NULL, NULL, 5, NULL, 0, NULL, NULL, 0),
(777, 0, 74, 231, 5, 'Intel(R) Pentium(R) 4 CPU 2.40GHz 2406/''P4PE2-X''/RAM 512Мб/HDD 37Гб/NVIDIA GeForce FX 5700LE (Microsoft Corporation) 128', NULL, NULL, NULL, NULL, NULL, NULL, NULL, NULL, 5, NULL, 1, NULL, NULL, 0),
(778, 777, 74, 231, 16, 'ASUSTeK Computer INC. P4PE2-X', NULL, NULL, NULL, 9, NULL, NULL, NULL, NULL, 5, NULL, 0, NULL, NULL, 0),
(779, 777, 74, 231, 18, 'Intel(R) Pentium(R) 4 CPU 2.40GHz 2406', NULL, NULL, NULL, NULL, NULL, NULL, NULL, NULL, 5, NULL, 0, NULL, NULL, 0),
(780, 777, 74, 231, 17, ' SDRAM 256Мб ', NULL, NULL, NULL, NULL, NULL, NULL, NULL, NULL, 5, NULL, 0, NULL, NULL, 0),
(781, 777, 74, 231, 17, ' SDRAM 256Мб ', NULL, NULL, NULL, NULL, NULL, NULL, NULL, NULL, 5, NULL, 0, NULL, NULL, 0),
(782, 777, 74, 231, 11, 'SAMSUNG SP0411N 37Гб ', NULL, NULL, NULL, NULL, NULL, NULL, NULL, NULL, 5, NULL, 0, NULL, NULL, 0),
(783, 777, 74, 231, 9, 'HL-DT-ST CD-RW GCE-8481B', NULL, NULL, NULL, NULL, NULL, NULL, NULL, NULL, 5, NULL, 0, NULL, NULL, 0),
(784, 777, 74, 231, 13, 'NVIDIA GeForce FX 5700LE (Microsoft Corporation) 128Мб ', NULL, NULL, NULL, NULL, NULL, NULL, NULL, NULL, 5, NULL, 0, NULL, NULL, 0),
(785, 777, 74, 231, 19, '3Com EtherLink XL 10/100 PCI For Complete PC Management NIC (3C905C-TX)', NULL, NULL, NULL, NULL, NULL, NULL, NULL, NULL, 5, 'MAC: 00:04:75:F3:6A:A2', 0, NULL, NULL, 0),
(786, 777, 74, 231, 19, 'Realtek RTL8139 Family PCI Fast Ethernet NIC', NULL, NULL, NULL, NULL, NULL, NULL, NULL, NULL, 5, 'MAC: 00:11:2F:3D:F3:4C', 0, NULL, NULL, 0),
(787, 777, 74, 231, 14, 'SoundMAX Integrated Digital Audio', NULL, NULL, NULL, NULL, NULL, NULL, NULL, NULL, 5, NULL, 0, NULL, NULL, 0),
(788, 0, 74, 83, 5, 'Intel(R) Celeron(R) CPU E1400 @ 2.00GHz 1999/''P5KPL-AM SE''/RAM 2048Мб/HDD 149Гб/Intel(R) G33/G31 Express Chipset Family 256', NULL, NULL, NULL, NULL, NULL, NULL, NULL, NULL, 5, NULL, 1, NULL, NULL, 0),
(789, 788, 74, 83, 16, 'ASUSTeK Computer INC. P5KPL-AM SE', NULL, NULL, NULL, 9, NULL, NULL, NULL, NULL, 5, NULL, 0, NULL, NULL, 0),
(790, 788, 74, 83, 18, 'Intel(R) Celeron(R) CPU E1400 @ 2.00GHz 1999', NULL, NULL, NULL, NULL, NULL, NULL, NULL, NULL, 5, NULL, 0, NULL, NULL, 0),
(791, 788, 74, 83, 17, ' DDR3-? 2048Мб ', NULL, NULL, NULL, NULL, NULL, NULL, NULL, NULL, 5, NULL, 0, NULL, NULL, 0),
(792, 788, 74, 83, 11, 'SAMSUNG HD161HJ 149Гб ', NULL, NULL, NULL, NULL, NULL, NULL, NULL, NULL, 5, NULL, 0, NULL, NULL, 0),
(793, 788, 74, 83, 9, '-', NULL, NULL, NULL, NULL, NULL, NULL, NULL, NULL, 5, NULL, 0, NULL, NULL, 0),
(794, 788, 74, 83, 13, 'Intel(R) G33/G31 Express Chipset Family 256Мб ', NULL, NULL, NULL, NULL, NULL, NULL, NULL, NULL, 5, NULL, 0, NULL, NULL, 0),
(795, 788, 74, 83, 19, 'Realtek RTL8102E Family PCI-E Fast Ethernet NIC', NULL, NULL, NULL, NULL, NULL, NULL, NULL, NULL, 5, 'MAC: 00:24:8C:C7:AA:47', 0, NULL, NULL, 0),
(796, 788, 74, 83, 14, 'Realtek High Definition Audio', NULL, NULL, NULL, NULL, NULL, NULL, NULL, NULL, 5, NULL, 0, NULL, NULL, 0),
(797, 0, 74, 120, 5, 'Процессор Intel Pentium II 1799/''P5GC-MX/1333''/RAM 1024Мб/HDD 75Гб/Intel(R) 82945G Express Chipset Family 128', '0518', NULL, NULL, NULL, NULL, NULL, NULL, 0.00, 5, '', 1, NULL, NULL, 0),
(798, 797, 74, 120, 16, 'ASUSTeK Computer INC. P5GC-MX/1333', NULL, NULL, NULL, 9, NULL, NULL, NULL, NULL, 5, NULL, 0, NULL, NULL, 0),
(799, 797, 74, 120, 18, 'Процессор Intel Pentium II 1799', NULL, NULL, NULL, NULL, NULL, NULL, NULL, NULL, 5, NULL, 0, NULL, NULL, 0),
(800, 797, 74, 120, 17, ' DDR3-? 1024Мб ', NULL, NULL, NULL, NULL, NULL, NULL, NULL, NULL, 5, NULL, 0, NULL, NULL, 0),
(801, 797, 74, 120, 11, 'Hitachi HDS721680PLAT80 75Гб ', NULL, NULL, NULL, NULL, NULL, NULL, NULL, NULL, 5, NULL, 0, NULL, NULL, 0),
(802, 797, 74, 120, 9, '-', NULL, NULL, NULL, NULL, NULL, NULL, NULL, NULL, 5, NULL, 0, NULL, NULL, 0),
(803, 797, 74, 120, 13, 'Intel(R) 82945G Express Chipset Family 128Мб ', NULL, NULL, NULL, NULL, NULL, NULL, NULL, NULL, 5, NULL, 0, NULL, NULL, 0),
(804, 797, 74, 120, 19, 'Atheros L2 Fast Ethernet 10/100 Base-T Controller', NULL, NULL, NULL, NULL, NULL, NULL, NULL, NULL, 5, 'MAC: 00:1E:8C:83:D9:DB', 0, NULL, NULL, 0),
(805, 797, 74, 120, 14, 'Realtek High Definition Audio', NULL, NULL, NULL, NULL, NULL, NULL, NULL, NULL, 5, NULL, 0, NULL, NULL, 0),
(806, 0, 74, 152, 5, 'Intel(R) Celeron(R) CPU E1400 @ 2.00GHz 1999/''G31MX Series''/RAM 512Мб/HDD 75Гб/Intel(R) G33/G31 Express Chipset Family 128', '00686', NULL, NULL, NULL, NULL, NULL, NULL, 0.00, 5, '', 1, NULL, NULL, 0),
(807, 806, 74, 152, 16, 'Foxconn G31MX Series', NULL, NULL, NULL, 17, NULL, NULL, NULL, NULL, 5, NULL, 0, NULL, NULL, 0),
(808, 806, 74, 152, 18, 'Intel(R) Celeron(R) CPU E1400 @ 2.00GHz 1999', NULL, NULL, NULL, NULL, NULL, NULL, NULL, NULL, 5, NULL, 0, NULL, NULL, 0),
(809, 806, 74, 152, 17, ' DDR3-? 512Мб ', NULL, NULL, NULL, NULL, NULL, NULL, NULL, NULL, 5, NULL, 0, NULL, NULL, 0),
(810, 806, 74, 152, 11, 'SAMSUNG HD082GJ 75Гб ', NULL, NULL, NULL, NULL, NULL, NULL, NULL, NULL, 5, NULL, 0, NULL, NULL, 0),
(811, 806, 74, 152, 9, 'HL-DT-ST DVDRAM GH22NS40', NULL, NULL, NULL, NULL, NULL, NULL, NULL, NULL, 5, NULL, 0, NULL, NULL, 0),
(812, 806, 74, 152, 13, 'Intel(R) G33/G31 Express Chipset Family 128Мб ', NULL, NULL, NULL, NULL, NULL, NULL, NULL, NULL, 5, NULL, 0, NULL, NULL, 0),
(813, 806, 74, 152, 19, 'Realtek RTL8168/8111 PCI-E Gigabit Ethernet NIC', NULL, NULL, NULL, NULL, NULL, NULL, NULL, NULL, 5, 'MAC: 00:1F:E2:4E:5C:DE', 0, NULL, NULL, 0),
(814, 806, 74, 152, 19, 'VIA Rhine III Fast Ethernet Adapter', NULL, NULL, NULL, NULL, NULL, NULL, NULL, NULL, 5, 'MAC: 00:22:B0:E1:D8:A8', 0, NULL, NULL, 0),
(815, 806, 74, 152, 14, 'Realtek High Definition Audio', NULL, NULL, NULL, NULL, NULL, NULL, NULL, NULL, 5, NULL, 0, NULL, NULL, 0),
(816, 0, 74, 134, 5, 'Intel(R) Celeron(R) CPU E1400 @ 2.00GHz 1999/''G31MX Series''/RAM 512Мб/HDD 75Гб/Intel(R) G33/G31 Express Chipset Family 128', '00632', NULL, NULL, NULL, NULL, NULL, NULL, 0.00, 5, '', 1, NULL, NULL, 0),
(817, 816, 74, 134, 16, 'Foxconn G31MX Series', NULL, NULL, NULL, 17, NULL, NULL, NULL, NULL, 5, NULL, 0, NULL, NULL, 0),
(818, 816, 74, 134, 18, 'Intel(R) Celeron(R) CPU E1400 @ 2.00GHz 1999', NULL, NULL, NULL, NULL, NULL, NULL, NULL, NULL, 5, NULL, 0, NULL, NULL, 0),
(819, 816, 74, 134, 17, ' DDR3-? 512Мб ', NULL, NULL, NULL, NULL, NULL, NULL, NULL, NULL, 5, NULL, 0, NULL, NULL, 0),
(820, 816, 74, 134, 11, 'SAMSUNG HD082GJ 75Гб ', NULL, NULL, NULL, NULL, NULL, NULL, NULL, NULL, 5, NULL, 0, NULL, NULL, 0),
(821, 816, 74, 134, 9, 'HL-DT-ST DVDRAM GH22NS40', NULL, NULL, NULL, NULL, NULL, NULL, NULL, NULL, 5, NULL, 0, NULL, NULL, 0),
(822, 816, 74, 134, 9, 'AXWZW 41UVW1QN856 SCSI CdRom Device', NULL, NULL, NULL, NULL, NULL, NULL, NULL, NULL, 5, NULL, 0, NULL, NULL, 0),
(823, 816, 74, 134, 13, 'Intel(R) G33/G31 Express Chipset Family 128Мб ', NULL, NULL, NULL, NULL, NULL, NULL, NULL, NULL, 5, NULL, 0, NULL, NULL, 0),
(824, 816, 74, 134, 19, 'Realtek RTL8139/810x Family Fast Ethernet NIC', NULL, NULL, NULL, NULL, NULL, NULL, NULL, NULL, 5, 'MAC: 00:1F:1F:89:3A:17', 0, NULL, NULL, 0),
(825, 816, 74, 134, 19, 'Realtek RTL8168/8111 PCI-E Gigabit Ethernet NIC', NULL, NULL, NULL, NULL, NULL, NULL, NULL, NULL, 5, 'MAC: 00:1F:E2:52:EC:97', 0, NULL, NULL, 0),
(826, 816, 74, 134, 14, 'Realtek High Definition Audio', NULL, NULL, NULL, NULL, NULL, NULL, NULL, NULL, 5, NULL, 0, NULL, NULL, 0),
(827, 0, 74, 107, 5, 'Intel Celeron 2.00GHz 2018/''P4GE-VM''/RAM 512Мб/HDD 30Гб/Intel 82845G Graphics Controller 64', '801', NULL, NULL, NULL, NULL, NULL, NULL, 0.00, 5, '', 1, NULL, NULL, 0),
(828, 827, 74, 107, 16, 'ASUSTeK Computer INC. P4GE-VM', NULL, NULL, NULL, 9, NULL, NULL, NULL, NULL, 5, NULL, 0, NULL, NULL, 0),
(829, 827, 74, 107, 18, 'Intel(R) Celeron(R) CPU 2.00GHz 2018', NULL, NULL, NULL, NULL, NULL, NULL, NULL, NULL, 5, NULL, 0, NULL, NULL, 0),
(830, 827, 74, 107, 17, 'DDR 256Мб ', NULL, NULL, NULL, NULL, NULL, NULL, NULL, 0.00, 5, '', 0, NULL, NULL, 0),
(831, 827, 74, 107, 11, 'FUJITSU MPF3102AT 10Гб ', NULL, NULL, NULL, NULL, NULL, NULL, NULL, NULL, 5, NULL, 0, NULL, NULL, 0),
(832, 827, 74, 107, 9, 'E-IDE CD -952E/AKV', NULL, NULL, NULL, NULL, NULL, NULL, NULL, NULL, 5, NULL, 0, NULL, NULL, 0),
(833, 827, 74, 107, 13, 'Intel(R) 82845G Graphics Controller 64Мб ', NULL, NULL, NULL, NULL, NULL, NULL, NULL, NULL, 5, NULL, 0, NULL, NULL, 0),
(834, 827, 74, 107, 19, 'Intel(R) PRO/100 VE Network Connection', NULL, NULL, NULL, NULL, NULL, NULL, NULL, NULL, 5, 'MAC: 00:0C:6E:65:F5:C4', 0, NULL, NULL, 0),
(835, 827, 74, 107, 19, 'Realtek RTL8139 Family PCI Fast Ethernet NIC', NULL, NULL, NULL, NULL, NULL, NULL, NULL, NULL, 5, 'MAC: 00:80:48:1C:5D:55', 0, NULL, NULL, 0),
(836, 827, 74, 107, 14, 'Realtek AC''97 Audio', NULL, NULL, NULL, NULL, NULL, NULL, NULL, NULL, 5, NULL, 0, NULL, NULL, 0),
(837, 0, 74, 103, 5, 'Intel(R) Core(TM) i3 CPU 540 @ 3.07GHz 3067/''P7H55-M''/RAM 2048Мб/HDD 298Гб/Intel(R) HD Graphics 743', NULL, NULL, NULL, NULL, NULL, NULL, NULL, NULL, 5, NULL, 1, NULL, NULL, 0),
(838, 837, 74, 103, 16, 'ASUSTeK Computer INC. P7H55-M', NULL, NULL, NULL, 9, NULL, NULL, NULL, NULL, 5, NULL, 0, NULL, NULL, 0),
(839, 837, 74, 103, 18, 'Intel(R) Core(TM) i3 CPU 540 @ 3.07GHz 3067', NULL, NULL, NULL, NULL, NULL, NULL, NULL, NULL, 5, NULL, 0, NULL, NULL, 0),
(840, 837, 74, 103, 17, ' DDR 2048Мб ', NULL, NULL, NULL, NULL, NULL, NULL, NULL, NULL, 5, NULL, 0, NULL, NULL, 0),
(841, 837, 74, 103, 11, 'SAMSUNG HD322GJ ATA Device 298Гб ', NULL, NULL, NULL, NULL, NULL, NULL, NULL, NULL, 5, NULL, 0, NULL, NULL, 0),
(842, 837, 74, 103, 9, 'HL-DT-ST DVD-RAM GH22NP21 ATA Device', NULL, NULL, NULL, NULL, NULL, NULL, NULL, NULL, 5, NULL, 0, NULL, NULL, 0),
(843, 837, 74, 103, 9, 'ODSFY 05YBCLQJ09MB SCSI CdRom Device', NULL, NULL, NULL, NULL, NULL, NULL, NULL, NULL, 5, NULL, 0, NULL, NULL, 0),
(844, 837, 74, 103, 13, 'Intel(R) HD Graphics 743Мб ', NULL, NULL, NULL, NULL, NULL, NULL, NULL, NULL, 5, NULL, 0, NULL, NULL, 0),
(845, 837, 74, 103, 19, 'Realtek PCIe GBE Family Controller', NULL, NULL, NULL, NULL, NULL, NULL, NULL, NULL, 5, 'MAC: BC:AE:C5:2C:FB:B4', 0, NULL, NULL, 0),
(846, 837, 74, 103, 14, 'Устройство с поддержкой High Definition Audio', NULL, NULL, NULL, NULL, NULL, NULL, NULL, NULL, 5, NULL, 0, NULL, NULL, 0),
(847, 837, 74, 103, 14, 'Устройство с поддержкой High Definition Audio', NULL, NULL, NULL, NULL, NULL, NULL, NULL, NULL, 5, NULL, 0, NULL, NULL, 0),
(848, 0, 74, 227, 5, '''P4SP-MX''/SiS 651 8', '963', NULL, NULL, NULL, NULL, NULL, NULL, 0.00, 7, '', 1, NULL, NULL, 0),
(849, 848, 74, 227, 16, 'ASUSTeK Computer INC. P4SP-MX', NULL, NULL, NULL, 9, NULL, NULL, NULL, NULL, 5, NULL, 0, NULL, NULL, 0),
(850, 0, 74, 194, 18, 'Intel Pentium4 1.70GHz 1700 (Socket478)', NULL, NULL, NULL, NULL, NULL, NULL, NULL, 0.00, 5, '', 0, NULL, NULL, 0),
(851, 827, 74, 107, 17, 'DDR 256Мб ', NULL, '103886-0790', NULL, 38, NULL, NULL, NULL, 0.00, 5, '', 0, NULL, NULL, 0),
(852, 0, 74, 194, 11, 'SAMSUNG SP0411N 40Гб ', NULL, 'S01JJ30XA12996', NULL, 8, NULL, NULL, NULL, 0.00, 5, '', 0, NULL, NULL, 0),
(853, 848, 74, 227, 9, 'LITE-ON CD-RW SOHR-5238S', NULL, NULL, NULL, NULL, NULL, NULL, NULL, NULL, 5, NULL, 0, NULL, NULL, 0),
(854, 848, 74, 227, 13, 'SiS 651 8Мб ', NULL, NULL, NULL, NULL, NULL, NULL, NULL, NULL, 5, NULL, 0, NULL, NULL, 0),
(855, 848, 74, 227, 19, 'SiS 900-Based PCI Fast Ethernet адаптер', NULL, NULL, NULL, NULL, NULL, NULL, NULL, NULL, 5, 'MAC: 00:11:2F:99:93:F6', 0, NULL, NULL, 0),
(856, 848, 74, 227, 14, 'SoundMAX Integrated Digital Audio', NULL, NULL, NULL, NULL, NULL, NULL, NULL, NULL, 5, NULL, 0, NULL, NULL, 0),
(857, 0, 74, 108, 5, 'Pentium(R) Dual-Core CPU E5400 @ 2.70GHz 2700/''P5KPL-AM EPU''/RAM 2048Мб/HDD 149Гб/Intel(R) G33/G31 Express Chipset Family 256', '01601', NULL, NULL, NULL, NULL, NULL, NULL, 0.00, 5, '', 1, NULL, NULL, 0),
(858, 857, 74, 108, 16, 'ASUSTeK Computer INC. P5KPL-AM EPU', NULL, NULL, NULL, 9, NULL, NULL, NULL, NULL, 5, NULL, 0, NULL, NULL, 0),
(859, 857, 74, 108, 18, 'Pentium(R) Dual-Core CPU E5400 @ 2.70GHz 2700', NULL, NULL, NULL, NULL, NULL, NULL, NULL, NULL, 5, NULL, 0, NULL, NULL, 0),
(860, 857, 74, 108, 17, ' DDR-2 1024Мб ', NULL, NULL, NULL, NULL, NULL, NULL, NULL, NULL, 5, NULL, 0, NULL, NULL, 0),
(861, 857, 74, 108, 17, ' DDR-2 1024Мб ', NULL, NULL, NULL, NULL, NULL, NULL, NULL, NULL, 5, NULL, 0, NULL, NULL, 0),
(862, 857, 74, 108, 11, 'Hitachi HDT721016SLA380 ATA Device 149Гб ', NULL, NULL, NULL, NULL, NULL, NULL, NULL, NULL, 5, NULL, 0, NULL, NULL, 0),
(863, 857, 74, 108, 9, 'HL-DT-ST DVDRAM GH22NS40 ATA Device', NULL, NULL, NULL, NULL, NULL, NULL, NULL, NULL, 5, NULL, 0, NULL, NULL, 0),
(864, 857, 74, 108, 13, 'Intel(R) G33/G31 Express Chipset Family 256Мб ', NULL, NULL, NULL, NULL, NULL, NULL, NULL, NULL, 5, NULL, 0, NULL, NULL, 0),
(865, 857, 74, 108, 19, 'Контроллер Atheros AR8121/AR8113/AR8114 PCI-E Ethernet (NDIS6.20)', NULL, NULL, NULL, NULL, NULL, NULL, NULL, NULL, 5, 'MAC: E0:CB:4E:50:6B:21', 0, NULL, NULL, 0),
(866, 857, 74, 108, 14, 'Устройство с поддержкой High Definition Audio', NULL, NULL, NULL, NULL, NULL, NULL, NULL, NULL, 5, NULL, 0, NULL, NULL, 0),
(867, 0, 74, 100, 5, 'Процессор Intel Pentium III Xeon 2699/''P5KPL-AM IN/ROEM/SI''/RAM 1024Мб/HDD 14Гб/Intel(R) G33/G31 Express Chipset Family 256', NULL, NULL, NULL, NULL, NULL, NULL, NULL, 0.00, 5, 'пеоедавался с "УДО" без документов', 1, NULL, NULL, 0),
(868, 867, 74, 100, 16, 'ASUSTeK Computer INC. P5KPL-AM IN/ROEM/SI', NULL, NULL, NULL, 9, NULL, NULL, NULL, NULL, 5, NULL, 0, NULL, NULL, 0),
(869, 867, 74, 100, 18, 'Процессор Intel Pentium III Xeon 2699', NULL, NULL, NULL, NULL, NULL, NULL, NULL, NULL, 5, NULL, 0, NULL, NULL, 0),
(870, 867, 74, 100, 17, ' DDR3-? 1024Мб ', NULL, NULL, NULL, NULL, NULL, NULL, NULL, NULL, 5, NULL, 0, NULL, NULL, 0),
(871, 867, 74, 100, 11, 'FUJITSU MPE3043AE 4Гб ', NULL, NULL, NULL, NULL, NULL, NULL, NULL, NULL, 5, NULL, 0, NULL, NULL, 0),
(872, 867, 74, 100, 11, 'FUJITSU MPE3102AT 10Гб ', NULL, NULL, NULL, NULL, NULL, NULL, NULL, NULL, 5, NULL, 0, NULL, NULL, 0),
(873, 867, 74, 100, 9, '-', NULL, NULL, NULL, NULL, NULL, NULL, NULL, NULL, 5, NULL, 0, NULL, NULL, 0),
(874, 867, 74, 100, 13, 'Intel(R) G33/G31 Express Chipset Family 256Мб ', NULL, NULL, NULL, NULL, NULL, NULL, NULL, NULL, 5, NULL, 0, NULL, NULL, 0),
(875, 867, 74, 100, 19, 'Realtek RTL8102E/RTL8103E Family PCI-E Fast Ethernet NIC', NULL, NULL, NULL, NULL, NULL, NULL, NULL, NULL, 5, 'MAC: E0:CB:4E:D5:5F:69', 0, NULL, NULL, 0),
(876, 867, 74, 100, 14, '-', NULL, NULL, NULL, NULL, NULL, NULL, NULL, NULL, 5, NULL, 0, NULL, NULL, 0),
(877, 0, 74, 191, 5, 'Intel(R) Core(TM)2 Duo CPU E7500 @ 2.93GHz 2106/''P5KPL/EPU''/RAM 4096Мб/HDD 466Гб/NVIDIA GeForce GT 240 1024', NULL, NULL, NULL, NULL, NULL, NULL, NULL, NULL, 5, NULL, 1, NULL, NULL, 0),
(878, 877, 74, 191, 16, 'ASUSTeK Computer INC. P5KPL/EPU', NULL, NULL, NULL, 9, NULL, NULL, NULL, NULL, 5, NULL, 0, NULL, NULL, 0),
(879, 877, 74, 191, 18, 'Intel(R) Core(TM)2 Duo CPU E7500 @ 2.93GHz 2106', NULL, NULL, NULL, NULL, NULL, NULL, NULL, NULL, 5, NULL, 0, NULL, NULL, 0),
(880, 877, 74, 191, 17, ' DDR-2 2048Мб ', NULL, NULL, NULL, NULL, NULL, NULL, NULL, NULL, 5, NULL, 0, NULL, NULL, 0),
(881, 877, 74, 191, 17, ' DDR-2 2048Мб ', NULL, NULL, NULL, NULL, NULL, NULL, NULL, NULL, 5, NULL, 0, NULL, NULL, 0),
(882, 877, 74, 191, 11, 'SAMSUNG HD502HI ATA Device 466Гб ', NULL, NULL, NULL, NULL, NULL, NULL, NULL, NULL, 5, NULL, 0, NULL, NULL, 0),
(883, 877, 74, 191, 9, 'HL-DT-ST DVDRAM GH22NS50 ATA Device', NULL, NULL, NULL, NULL, NULL, NULL, NULL, NULL, 5, NULL, 0, NULL, NULL, 0),
(884, 877, 74, 191, 13, 'NVIDIA GeForce GT 240 1024Мб ', NULL, NULL, NULL, NULL, NULL, NULL, NULL, NULL, 5, NULL, 0, NULL, NULL, 0),
(885, 877, 74, 191, 19, 'Realtek PCIe GBE Family Controller', NULL, NULL, NULL, NULL, NULL, NULL, NULL, NULL, 5, 'MAC: 90:E6:BA:B7:3F:2D', 0, NULL, NULL, 0),
(886, 877, 74, 191, 14, 'NVIDIA High Definition Audio', NULL, NULL, NULL, NULL, NULL, NULL, NULL, NULL, 5, NULL, 0, NULL, NULL, 0),
(887, 877, 74, 191, 14, 'NVIDIA High Definition Audio', NULL, NULL, NULL, NULL, NULL, NULL, NULL, NULL, 5, NULL, 0, NULL, NULL, 0),
(888, 877, 74, 191, 14, 'NVIDIA High Definition Audio', NULL, NULL, NULL, NULL, NULL, NULL, NULL, NULL, 5, NULL, 0, NULL, NULL, 0),
(889, 877, 74, 191, 14, 'NVIDIA High Definition Audio', NULL, NULL, NULL, NULL, NULL, NULL, NULL, NULL, 5, NULL, 0, NULL, NULL, 0),
(890, 877, 74, 191, 14, 'Realtek High Definition Audio', NULL, NULL, NULL, NULL, NULL, NULL, NULL, NULL, 5, NULL, 0, NULL, NULL, 0),
(891, 0, 74, 215, 20, 'Intel(R) Core(TM)2 Duo CPU T5900 @ 2.20GHz 2200/''M51A''/RAM 3072Мб/HDD 233Гб/Mobile Intel(R) 4 Series Express Chipset Family', '01779', '72N0AS258080077', NULL, 9, NULL, NULL, NULL, 0.00, 5, 'ASUS M51A', 1, NULL, NULL, 0),
(892, 891, 74, 215, 16, 'ASUSTeK Computer Inc. M51A', NULL, NULL, NULL, 9, NULL, NULL, NULL, NULL, 5, NULL, 0, NULL, NULL, 0),
(893, 891, 74, 215, 18, 'Intel(R) Core(TM)2 Duo CPU T5900 @ 2.20GHz 2200', NULL, NULL, NULL, NULL, NULL, NULL, NULL, NULL, 5, NULL, 0, NULL, NULL, 0),
(894, 891, 74, 215, 17, ' DDR-2 2048Мб ', NULL, NULL, NULL, NULL, NULL, NULL, NULL, NULL, 5, NULL, 0, NULL, NULL, 0),
(895, 891, 74, 215, 17, ' DDR-2 1024Мб ', NULL, NULL, NULL, NULL, NULL, NULL, NULL, NULL, 5, NULL, 0, NULL, NULL, 0),
(896, 891, 74, 215, 11, 'ST9250827AS 233Гб ', NULL, NULL, NULL, NULL, NULL, NULL, NULL, NULL, 5, NULL, 0, NULL, NULL, 0),
(897, 891, 74, 215, 9, 'TSSTcorp CDDVDW TS-L633C', NULL, NULL, NULL, NULL, NULL, NULL, NULL, NULL, 5, NULL, 0, NULL, NULL, 0),
(898, 891, 74, 215, 13, 'Mobile Intel(R) 4 Series Express Chipset Family 1343Мб ', NULL, NULL, NULL, NULL, NULL, NULL, NULL, NULL, 5, NULL, 0, NULL, NULL, 0),
(899, 891, 74, 215, 13, 'Mobile Intel(R) 4 Series Express Chipset Family 1343Мб ', NULL, NULL, NULL, NULL, NULL, NULL, NULL, NULL, 5, NULL, 0, NULL, NULL, 0),
(900, 891, 74, 215, 19, 'Realtek PCIe GBE Family Controller', NULL, NULL, NULL, NULL, NULL, NULL, NULL, NULL, 5, 'MAC: E0:CB:4E:B3:4D:B1', 0, NULL, NULL, 0),
(901, 891, 74, 215, 19, 'Atheros AR928X Wireless Network Adapter', NULL, NULL, NULL, NULL, NULL, NULL, NULL, NULL, 5, 'MAC: 00:25:D3:FD:AE:26', 0, NULL, NULL, 0),
(902, 891, 74, 215, 19, 'Microsoft Virtual WiFi Miniport Adapter', NULL, NULL, NULL, NULL, NULL, NULL, NULL, NULL, 5, 'MAC: 22:25:D3:FD:AE:26', 0, NULL, NULL, 0),
(903, 891, 74, 215, 14, 'Realtek High Definition Audio', NULL, NULL, NULL, NULL, NULL, NULL, NULL, NULL, 5, NULL, 0, NULL, NULL, 0),
(904, 891, 74, 215, 14, 'Устройство с поддержкой High Definition Audio', NULL, NULL, NULL, NULL, NULL, NULL, NULL, NULL, 5, NULL, 0, NULL, NULL, 0),
(905, 891, 74, 215, 14, 'Unimodem аудиоустройство с полным дуплексом', NULL, NULL, NULL, NULL, NULL, NULL, NULL, NULL, 5, NULL, 0, NULL, NULL, 0),
(906, 0, 95, 159, 5, 'Pentium(R) Dual-Core CPU E5700 @ 3.00GHz 2991/''G41M-VS3.''/RAM 2048Мб/HDD 298Гб/Intel(R) G41 Express Chipset 767', NULL, NULL, NULL, NULL, NULL, NULL, NULL, NULL, 5, NULL, 1, NULL, NULL, 0),
(907, 906, 95, 159, 16, 'ASRock G41M-VS3.', NULL, NULL, NULL, 10, NULL, NULL, NULL, NULL, 5, NULL, 0, NULL, NULL, 0),
(908, 906, 95, 159, 18, 'Pentium(R) Dual-Core CPU E5700 @ 3.00GHz 2991', NULL, NULL, NULL, NULL, NULL, NULL, NULL, NULL, 5, NULL, 0, NULL, NULL, 0),
(909, 906, 95, 159, 17, ' SDRAM 2048Мб ', NULL, NULL, NULL, NULL, NULL, NULL, NULL, NULL, 5, NULL, 0, NULL, NULL, 0),
(910, 906, 95, 159, 11, 'SAMSUNG HD322GJ ATA Device 298Гб ', NULL, NULL, NULL, NULL, NULL, NULL, NULL, NULL, 5, NULL, 0, NULL, NULL, 0),
(911, 906, 95, 159, 9, 'TSSTcorp CDDVDW SH-222AB ATA Device', NULL, NULL, NULL, NULL, NULL, NULL, NULL, NULL, 5, NULL, 0, NULL, NULL, 0),
(912, 906, 95, 159, 13, 'Intel(R) G41 Express Chipset 767Мб ', NULL, NULL, NULL, NULL, NULL, NULL, NULL, NULL, 5, NULL, 0, NULL, NULL, 0),
(913, 906, 95, 159, 19, 'Atheros AR8152 PCI-E Fast Ethernet Controller (NDIS 6.20)', NULL, NULL, NULL, NULL, NULL, NULL, NULL, NULL, 5, 'MAC: 00:25:22:CE:32:2C', 0, NULL, NULL, 0),
(914, 906, 95, 159, 14, 'VIA High Definition Audio', NULL, NULL, NULL, NULL, NULL, NULL, NULL, NULL, 5, NULL, 0, NULL, NULL, 0),
(915, 0, 95, 173, 5, 'Intel(R) Pentium(R) 4 CPU 3.00GHz 3000/''P5V-VM-ULTRA''/RAM 1024Мб/HDD 233Гб/VIA/S3G UniChrome Pro IGP 64', NULL, NULL, NULL, NULL, NULL, NULL, NULL, 0.00, 5, '', 1, NULL, NULL, 0),
(916, 915, 95, 173, 16, 'ASUSTeK Computer INC. P5V-VM-ULTRA', NULL, NULL, NULL, 9, NULL, NULL, NULL, NULL, 5, NULL, 0, NULL, NULL, 0),
(917, 915, 95, 173, 18, 'Intel(R) Pentium(R) 4 CPU 3.00GHz 3000', NULL, NULL, NULL, NULL, NULL, NULL, NULL, NULL, 5, NULL, 0, NULL, NULL, 0),
(918, 915, 95, 173, 18, 'Intel(R) Pentium(R) 4 CPU 3.00GHz 3000', NULL, NULL, NULL, NULL, NULL, NULL, NULL, NULL, 5, NULL, 0, NULL, NULL, 0),
(919, 915, 95, 173, 17, ' DDR3-? 512Мб ', NULL, NULL, NULL, NULL, NULL, NULL, NULL, NULL, 5, NULL, 0, NULL, NULL, 0),
(920, 915, 95, 173, 17, ' DDR3-? 512Мб ', NULL, NULL, NULL, NULL, NULL, NULL, NULL, NULL, 5, NULL, 0, NULL, NULL, 0),
(921, 915, 95, 173, 11, 'ST3250410AS 233Гб ', NULL, NULL, NULL, NULL, NULL, NULL, NULL, NULL, 5, NULL, 0, NULL, NULL, 0),
(922, 915, 95, 173, 9, 'HL-DT-ST DVDRAM GSA-H42N', NULL, NULL, NULL, NULL, NULL, NULL, NULL, NULL, 5, NULL, 0, NULL, NULL, 0),
(923, 915, 95, 173, 13, 'VIA/S3G UniChrome Pro IGP 64Мб ', NULL, NULL, NULL, NULL, NULL, NULL, NULL, NULL, 5, NULL, 0, NULL, NULL, 0),
(924, 915, 95, 173, 19, 'VIA Compatable Fast Ethernet адаптер', NULL, NULL, NULL, NULL, NULL, NULL, NULL, NULL, 5, 'MAC: 00:18:F3:EA:3F:7C', 0, NULL, NULL, 0),
(925, 915, 95, 173, 14, 'Realtek High Definition Audio', NULL, NULL, NULL, NULL, NULL, NULL, NULL, NULL, 5, NULL, 0, NULL, NULL, 0),
(926, 0, 95, 165, 5, 'Pentium(R) Dual-Core CPU E6600 @ 3.06GHz 3066/''P5G41T-M LX2/GB/LPT''/RAM 4096Мб/HDD 932Гб/Intel(R) G41 Express Chipset 1551', NULL, NULL, NULL, NULL, NULL, NULL, NULL, NULL, 5, NULL, 1, NULL, NULL, 0),
(927, 926, 95, 165, 16, 'ASUSTeK Computer INC. P5G41T-M LX2/GB/LPT', NULL, NULL, NULL, 9, NULL, NULL, NULL, NULL, 5, NULL, 0, NULL, NULL, 0),
(928, 926, 95, 165, 18, 'Pentium(R) Dual-Core CPU E6600 @ 3.06GHz 3066', NULL, NULL, NULL, NULL, NULL, NULL, NULL, NULL, 5, NULL, 0, NULL, NULL, 0),
(929, 926, 95, 165, 17, ' Other 2048Мб ', NULL, NULL, NULL, NULL, NULL, NULL, NULL, NULL, 5, NULL, 0, NULL, NULL, 0),
(930, 926, 95, 165, 17, ' Other 2048Мб ', NULL, NULL, NULL, NULL, NULL, NULL, NULL, NULL, 5, NULL, 0, NULL, NULL, 0),
(931, 926, 95, 165, 11, 'SAMSUNG HD103SJ ATA Device 932Гб ', NULL, NULL, NULL, NULL, NULL, NULL, NULL, NULL, 5, NULL, 0, NULL, NULL, 0),
(932, 926, 95, 165, 9, 'CFWTYXS WD6B85QJ8DIF SCSI CdRom Device', NULL, NULL, NULL, NULL, NULL, NULL, NULL, NULL, 5, NULL, 0, NULL, NULL, 0),
(933, 926, 95, 165, 9, 'HL-DT-ST DVDRAM GH24NS50 ATA Device', NULL, NULL, NULL, NULL, NULL, NULL, NULL, NULL, 5, NULL, 0, NULL, NULL, 0),
(934, 926, 95, 165, 9, 'CFWTYXS WD6B85QJ8DIF SCSI CdRom Device', NULL, NULL, NULL, NULL, NULL, NULL, NULL, NULL, 5, NULL, 0, NULL, NULL, 0),
(935, 926, 95, 165, 13, 'Intel(R) G41 Express Chipset 1551Мб ', NULL, NULL, NULL, NULL, NULL, NULL, NULL, NULL, 5, NULL, 0, NULL, NULL, 0),
(936, 926, 95, 165, 19, 'Realtek PCIe GBE Family Controller', NULL, NULL, NULL, NULL, NULL, NULL, NULL, NULL, 5, 'MAC: 20:CF:30:EE:B7:A3', 0, NULL, NULL, 0),
(937, 926, 95, 165, 14, 'VIA High Definition Audio', NULL, NULL, NULL, NULL, NULL, NULL, NULL, NULL, 5, NULL, 0, NULL, NULL, 0),
(938, 0, 95, 166, 5, 'Pentium(R) Dual-Core CPU E6600 @ 3.06GHz 3066/''P5G41T-M LX2/GB/LPT''/RAM 4096Мб/HDD 932Гб/Intel(R) G41 Express Chipset 1551', NULL, NULL, NULL, NULL, NULL, NULL, NULL, NULL, 5, NULL, 1, NULL, NULL, 0),
(939, 938, 95, 166, 16, 'ASUSTeK Computer INC. P5G41T-M LX2/GB/LPT', NULL, NULL, NULL, 9, NULL, NULL, NULL, NULL, 5, NULL, 0, NULL, NULL, 0),
(940, 938, 95, 166, 18, 'Pentium(R) Dual-Core CPU E6600 @ 3.06GHz 3066', NULL, NULL, NULL, NULL, NULL, NULL, NULL, NULL, 5, NULL, 0, NULL, NULL, 0),
(941, 938, 95, 166, 17, ' Other 2048Мб ', NULL, NULL, NULL, NULL, NULL, NULL, NULL, NULL, 5, NULL, 0, NULL, NULL, 0),
(942, 938, 95, 166, 17, ' Other 2048Мб ', NULL, NULL, NULL, NULL, NULL, NULL, NULL, NULL, 5, NULL, 0, NULL, NULL, 0),
(943, 938, 95, 166, 11, 'SAMSUNG HD103SJ ATA Device 932Гб ', NULL, NULL, NULL, NULL, NULL, NULL, NULL, NULL, 5, NULL, 0, NULL, NULL, 0),
(944, 938, 95, 166, 9, 'HL-DT-ST DVDRAM GH24NS50 ATA Device', NULL, NULL, NULL, NULL, NULL, NULL, NULL, NULL, 5, NULL, 0, NULL, NULL, 0),
(945, 938, 95, 166, 9, 'CFWTYXS WD6B85QJ8DIF SCSI CdRom Device', NULL, NULL, NULL, NULL, NULL, NULL, NULL, NULL, 5, NULL, 0, NULL, NULL, 0),
(946, 938, 95, 166, 9, 'CFWTYXS WD6B85QJ8DIF SCSI CdRom Device', NULL, NULL, NULL, NULL, NULL, NULL, NULL, NULL, 5, NULL, 0, NULL, NULL, 0),
(947, 938, 95, 166, 13, 'Intel(R) G41 Express Chipset 1551Мб ', NULL, NULL, NULL, NULL, NULL, NULL, NULL, NULL, 5, NULL, 0, NULL, NULL, 0),
(948, 938, 95, 166, 19, 'Realtek PCIe GBE Family Controller', NULL, NULL, NULL, NULL, NULL, NULL, NULL, NULL, 5, 'MAC: 20:CF:30:EE:B7:99', 0, NULL, NULL, 0),
(949, 938, 95, 166, 14, 'VIA High Definition Audio', NULL, NULL, NULL, NULL, NULL, NULL, NULL, NULL, 5, NULL, 0, NULL, NULL, 0),
(950, 0, 95, 161, 5, 'Pentium(R) Dual-Core CPU E6600 @ 3.06GHz 3066/''P5G41T-M LX3''/RAM 2048Мб/HDD 466Гб/Intel(R) G41 Express Chipset 783', NULL, NULL, NULL, NULL, NULL, NULL, NULL, NULL, 5, NULL, 1, NULL, NULL, 0),
(951, 950, 95, 161, 16, 'ASUSTeK Computer INC. P5G41T-M LX3', NULL, NULL, NULL, 9, NULL, NULL, NULL, NULL, 5, NULL, 0, NULL, NULL, 0),
(952, 950, 95, 161, 18, 'Pentium(R) Dual-Core CPU E6600 @ 3.06GHz 3066', NULL, NULL, NULL, NULL, NULL, NULL, NULL, NULL, 5, NULL, 0, NULL, NULL, 0),
(953, 950, 95, 161, 17, ' Other 2048Мб ', NULL, NULL, NULL, NULL, NULL, NULL, NULL, NULL, 5, NULL, 0, NULL, NULL, 0),
(954, 950, 95, 161, 11, 'SAMSUNG HD503HI ATA Device 466Гб ', NULL, NULL, NULL, NULL, NULL, NULL, NULL, NULL, 5, NULL, 0, NULL, NULL, 0),
(955, 950, 95, 161, 9, 'HL-DT-ST DVDRAM GH22NS50 ATA Device', NULL, NULL, NULL, NULL, NULL, NULL, NULL, NULL, 5, NULL, 0, NULL, NULL, 0),
(956, 950, 95, 161, 9, 'YVAT WXI74P6FOTY SCSI CdRom Device', NULL, NULL, NULL, NULL, NULL, NULL, NULL, NULL, 5, NULL, 0, NULL, NULL, 0),
(957, 950, 95, 161, 13, 'Intel(R) G41 Express Chipset 783Мб ', NULL, NULL, NULL, NULL, NULL, NULL, NULL, NULL, 5, NULL, 0, NULL, NULL, 0),
(958, 950, 95, 161, 19, 'Atheros AR8151 PCI-E Gigabit Ethernet Controller (NDIS 6.20)', NULL, NULL, NULL, NULL, NULL, NULL, NULL, NULL, 5, 'MAC: F4:6D:04:36:DD:4C', 0, NULL, NULL, 0),
(959, 950, 95, 161, 14, 'Устройство с поддержкой High Definition Audio', NULL, NULL, NULL, NULL, NULL, NULL, NULL, NULL, 5, NULL, 0, NULL, NULL, 0),
(960, 0, 95, 209, 20, 'Intel(R) Core(TM) i3-2330M CPU @ 2.20GHz 2200/''K53E''/RAM 4096Мб/HDD 466Гб/Intel(R) HD Graphics Family 1365', '104018', 'BAN0AS223068415', NULL, 9, NULL, NULL, NULL, 0.00, 5, 'Asus K53E', 1, NULL, NULL, 0),
(961, 960, 95, 209, 16, 'ASUSTeK Computer Inc. K53E', NULL, NULL, NULL, 9, NULL, NULL, NULL, NULL, 5, NULL, 0, NULL, NULL, 0),
(962, 960, 95, 209, 18, 'Intel(R) Core(TM) i3-2330M CPU @ 2.20GHz 2200', NULL, NULL, NULL, NULL, NULL, NULL, NULL, NULL, 5, NULL, 0, NULL, NULL, 0),
(963, 960, 95, 209, 17, ' DDR3-? 4096Мб ', NULL, NULL, NULL, NULL, NULL, NULL, NULL, NULL, 5, NULL, 0, NULL, NULL, 0),
(964, 960, 95, 209, 11, 'ST9500325AS 466Гб ', NULL, NULL, NULL, NULL, NULL, NULL, NULL, NULL, 5, NULL, 0, NULL, NULL, 0),
(965, 960, 95, 209, 9, 'MATSHITA DVD-RAM UJ8B0', NULL, NULL, NULL, NULL, NULL, NULL, NULL, NULL, 5, NULL, 0, NULL, NULL, 0),
(966, 960, 95, 209, 13, 'Intel(R) HD Graphics Family 1365Мб ', NULL, NULL, NULL, NULL, NULL, NULL, NULL, NULL, 5, NULL, 0, NULL, NULL, 0),
(967, 960, 95, 209, 19, 'Atheros AR8151 PCI-E Gigabit Ethernet Controller (NDIS 6.20)', NULL, NULL, NULL, NULL, NULL, NULL, NULL, NULL, 5, 'MAC: 54:04:A6:1E:5F:63', 0, NULL, NULL, 0),
(968, 960, 95, 209, 19, 'Устройства Bluetooth (личной сети)', NULL, NULL, NULL, NULL, NULL, NULL, NULL, NULL, 5, 'MAC: 74:2F:68:D1:2B:14', 0, NULL, NULL, 0),
(969, 960, 95, 209, 19, 'Atheros AR9002WB-1NG Wireless Network Adapter', NULL, NULL, NULL, NULL, NULL, NULL, NULL, NULL, 5, 'MAC: 74:2F:68:D0:C5:6B', 0, NULL, NULL, 0),
(970, 960, 95, 209, 19, 'Microsoft Virtual WiFi Miniport Adapter', NULL, NULL, NULL, NULL, NULL, NULL, NULL, NULL, 5, 'MAC: 16:2F:68:D0:C5:6B', 0, NULL, NULL, 0),
(971, 960, 95, 209, 14, 'Realtek High Definition Audio', NULL, NULL, NULL, NULL, NULL, NULL, NULL, NULL, 5, NULL, 0, NULL, NULL, 0),
(972, 960, 95, 209, 14, 'Bluetooth Audio Device', NULL, NULL, NULL, NULL, NULL, NULL, NULL, NULL, 5, NULL, 0, NULL, NULL, 0),
(973, 960, 95, 209, 14, 'Аудио Intel(R) для дисплеев', NULL, NULL, NULL, NULL, NULL, NULL, NULL, NULL, 5, NULL, 0, NULL, NULL, 0),
(974, 0, 95, 198, 20, 'Intel(R) Core(TM) i3-2330M CPU @ 2.20GHz 2200/''K53E''/RAM 4096Мб/HDD 466Гб/Intel(R) HD Graphics Family 1365', '104019', NULL, NULL, 9, NULL, NULL, NULL, 0.00, 5, '', 1, NULL, NULL, 0),
(975, 974, 95, 198, 16, 'ASUSTeK Computer Inc. K53E', NULL, NULL, NULL, 9, NULL, NULL, NULL, NULL, 5, NULL, 0, NULL, NULL, 0),
(976, 974, 95, 198, 18, 'Intel(R) Core(TM) i3-2330M CPU @ 2.20GHz 2200', NULL, NULL, NULL, NULL, NULL, NULL, NULL, NULL, 5, NULL, 0, NULL, NULL, 0),
(977, 974, 95, 198, 17, ' DDR3-? 4096Мб ', NULL, NULL, NULL, NULL, NULL, NULL, NULL, NULL, 5, NULL, 0, NULL, NULL, 0),
(978, 974, 95, 198, 11, 'ST9500325AS 466Гб ', NULL, NULL, NULL, NULL, NULL, NULL, NULL, NULL, 5, NULL, 0, NULL, NULL, 0),
(979, 974, 95, 198, 9, 'MATSHITA DVD-RAM UJ8B0', NULL, NULL, NULL, NULL, NULL, NULL, NULL, NULL, 5, NULL, 0, NULL, NULL, 0),
(980, 974, 95, 198, 13, 'Intel(R) HD Graphics Family 1365Мб ', NULL, NULL, NULL, NULL, NULL, NULL, NULL, NULL, 5, NULL, 0, NULL, NULL, 0),
(981, 974, 95, 198, 19, 'Atheros AR8151 PCI-E Gigabit Ethernet Controller (NDIS 6.20)', NULL, NULL, NULL, NULL, NULL, NULL, NULL, NULL, 5, 'MAC: 54:04:A6:1E:5F:68', 0, NULL, NULL, 0),
(982, 974, 95, 198, 19, 'Atheros AR9002WB-1NG Wireless Network Adapter', NULL, NULL, NULL, NULL, NULL, NULL, NULL, NULL, 5, 'MAC: 74:2F:68:D0:C5:87', 0, NULL, NULL, 0),
(983, 974, 95, 198, 19, 'Microsoft Virtual WiFi Miniport Adapter', NULL, NULL, NULL, NULL, NULL, NULL, NULL, NULL, 5, 'MAC: 16:2F:68:D0:C5:87', 0, NULL, NULL, 0),
(984, 974, 95, 198, 19, 'Устройства Bluetooth (личной сети)', NULL, NULL, NULL, NULL, NULL, NULL, NULL, NULL, 5, 'MAC: 74:2F:68:D1:2B:0C', 0, NULL, NULL, 0),
(985, 974, 95, 198, 14, 'Realtek High Definition Audio', NULL, NULL, NULL, NULL, NULL, NULL, NULL, NULL, 5, NULL, 0, NULL, NULL, 0),
(986, 974, 95, 198, 14, 'Bluetooth Audio Device', NULL, NULL, NULL, NULL, NULL, NULL, NULL, NULL, 5, NULL, 0, NULL, NULL, 0),
(987, 974, 95, 198, 14, 'Аудио Intel(R) для дисплеев', NULL, NULL, NULL, NULL, NULL, NULL, NULL, NULL, 5, NULL, 0, NULL, NULL, 0),
(988, 0, 95, 234, 20, 'Intel(R) Core(TM) i3-2330M CPU @ 2.20GHz 2200/''K53E''/RAM 4096Мб/HDD 466Гб/Intel(R) HD Graphics Family 1365', '104020', 'BAN0A2233040415', NULL, 9, NULL, NULL, NULL, 0.00, 5, 'Asus K53E', 1, NULL, NULL, 0),
(989, 988, 95, 234, 16, 'ASUSTeK Computer Inc. K53E', NULL, NULL, NULL, 9, NULL, NULL, NULL, NULL, 5, NULL, 0, NULL, NULL, 0),
(990, 988, 95, 234, 18, 'Intel(R) Core(TM) i3-2330M CPU @ 2.20GHz 2200', NULL, NULL, NULL, NULL, NULL, NULL, NULL, NULL, 5, NULL, 0, NULL, NULL, 0),
(991, 988, 95, 234, 17, ' DDR3-? 4096Мб ', NULL, NULL, NULL, NULL, NULL, NULL, NULL, NULL, 5, NULL, 0, NULL, NULL, 0),
(992, 988, 95, 234, 11, 'ST9500325AS 466Гб ', NULL, NULL, NULL, NULL, NULL, NULL, NULL, NULL, 5, NULL, 0, NULL, NULL, 0),
(993, 988, 95, 234, 9, 'MATSHITA DVD-RAM UJ8B0', NULL, NULL, NULL, NULL, NULL, NULL, NULL, NULL, 5, NULL, 0, NULL, NULL, 0),
(994, 988, 95, 234, 13, 'Intel(R) HD Graphics Family 1365Мб ', NULL, NULL, NULL, NULL, NULL, NULL, NULL, NULL, 5, NULL, 0, NULL, NULL, 0),
(995, 988, 95, 234, 19, 'Atheros AR8151 PCI-E Gigabit Ethernet Controller (NDIS 6.20)', NULL, NULL, NULL, NULL, NULL, NULL, NULL, NULL, 5, 'MAC: 54:04:A6:1E:5F:6B', 0, NULL, NULL, 0),
(996, 988, 95, 234, 19, 'Atheros AR9002WB-1NG Wireless Network Adapter', NULL, NULL, NULL, NULL, NULL, NULL, NULL, NULL, 5, 'MAC: 74:2F:68:D0:C6:C2', 0, NULL, NULL, 0),
(997, 988, 95, 234, 19, 'Устройства Bluetooth (личной сети)', NULL, NULL, NULL, NULL, NULL, NULL, NULL, NULL, 5, 'MAC: 74:2F:68:D1:2C:60', 0, NULL, NULL, 0),
(998, 988, 95, 234, 14, 'Realtek High Definition Audio', NULL, NULL, NULL, NULL, NULL, NULL, NULL, NULL, 5, NULL, 0, NULL, NULL, 0),
(999, 988, 95, 234, 14, 'Bluetooth Audio Device', NULL, NULL, NULL, NULL, NULL, NULL, NULL, NULL, 5, NULL, 0, NULL, NULL, 0),
(1000, 988, 95, 234, 14, 'Аудио Intel(R) для дисплеев', NULL, NULL, NULL, NULL, NULL, NULL, NULL, NULL, 5, NULL, 0, NULL, NULL, 0),
(1001, 0, 95, 174, 5, 'Pentium(R) Dual-Core CPU E5700 @ 3.00GHz 2991/''G41M-VS3.''/RAM 2048Мб/HDD 298Гб/Intel(R) G41 Express Chipset 767', NULL, NULL, NULL, NULL, NULL, NULL, NULL, NULL, 5, NULL, 1, NULL, NULL, 0),
(1002, 1001, 95, 174, 16, 'ASRock G41M-VS3.', NULL, NULL, NULL, 10, NULL, NULL, NULL, NULL, 5, NULL, 0, NULL, NULL, 0),
(1003, 1001, 95, 174, 18, 'Pentium(R) Dual-Core CPU E5700 @ 3.00GHz 2991', NULL, NULL, NULL, NULL, NULL, NULL, NULL, NULL, 5, NULL, 0, NULL, NULL, 0),
(1004, 1001, 95, 174, 17, ' SDRAM 2048Мб ', NULL, NULL, NULL, NULL, NULL, NULL, NULL, NULL, 5, NULL, 0, NULL, NULL, 0),
(1005, 1001, 95, 174, 11, 'SAMSUNG HD322GJ ATA Device 298Гб ', NULL, NULL, NULL, NULL, NULL, NULL, NULL, NULL, 5, NULL, 0, NULL, NULL, 0),
(1006, 1001, 95, 174, 9, 'TSSTcorp CDDVDW SH-222AB ATA Device', NULL, NULL, NULL, NULL, NULL, NULL, NULL, NULL, 5, NULL, 0, NULL, NULL, 0),
(1007, 1001, 95, 174, 13, 'Intel(R) G41 Express Chipset 767Мб ', NULL, NULL, NULL, NULL, NULL, NULL, NULL, NULL, 5, NULL, 0, NULL, NULL, 0),
(1008, 1001, 95, 174, 19, 'Atheros AR8152 PCI-E Fast Ethernet Controller (NDIS 6.20)', NULL, NULL, NULL, NULL, NULL, NULL, NULL, NULL, 5, 'MAC: 00:25:22:AE:D5:10', 0, NULL, NULL, 0),
(1009, 1001, 95, 174, 14, 'VIA High Definition Audio', NULL, NULL, NULL, NULL, NULL, NULL, NULL, NULL, 5, NULL, 0, NULL, NULL, 0),
(1010, 0, 95, 175, 5, 'Pentium(R) Dual-Core CPU E5700 @ 3.00GHz 2991/''G41M-VS3.''/RAM 2048Мб/HDD 298Гб/Intel(R) G41 Express Chipset 767', NULL, NULL, NULL, NULL, NULL, NULL, NULL, NULL, 5, NULL, 1, NULL, NULL, 0),
(1011, 1010, 95, 175, 16, 'ASRock G41M-VS3.', NULL, NULL, NULL, 10, NULL, NULL, NULL, NULL, 5, NULL, 0, NULL, NULL, 0),
(1012, 1010, 95, 175, 18, 'Pentium(R) Dual-Core CPU E5700 @ 3.00GHz 2991', NULL, NULL, NULL, NULL, NULL, NULL, NULL, NULL, 5, NULL, 0, NULL, NULL, 0),
(1013, 1010, 95, 175, 17, ' SDRAM 2048Мб ', NULL, NULL, NULL, NULL, NULL, NULL, NULL, NULL, 5, NULL, 0, NULL, NULL, 0),
(1014, 1010, 95, 175, 11, 'SAMSUNG HD322GJ ATA Device 298Гб ', NULL, NULL, NULL, NULL, NULL, NULL, NULL, NULL, 5, NULL, 0, NULL, NULL, 0),
(1015, 1010, 95, 175, 9, 'TSSTcorp CDDVDW SH-222AB ATA Device', NULL, NULL, NULL, NULL, NULL, NULL, NULL, NULL, 5, NULL, 0, NULL, NULL, 0),
(1016, 1010, 95, 175, 13, 'Intel(R) G41 Express Chipset 767Мб ', NULL, NULL, NULL, NULL, NULL, NULL, NULL, NULL, 5, NULL, 0, NULL, NULL, 0),
(1017, 1010, 95, 175, 19, 'Atheros AR8152 PCI-E Fast Ethernet Controller (NDIS 6.20)', NULL, NULL, NULL, NULL, NULL, NULL, NULL, NULL, 5, 'MAC: 00:25:22:AE:F6:02', 0, NULL, NULL, 0),
(1018, 1010, 95, 175, 14, 'VIA High Definition Audio', NULL, NULL, NULL, NULL, NULL, NULL, NULL, NULL, 5, NULL, 0, NULL, NULL, 0),
(1019, 0, 95, 177, 5, 'Pentium(R) Dual-Core CPU E5700 @ 3.00GHz 2991/''G41M-VS3.''/RAM 2048Мб/HDD 298Гб/Intel(R) G41 Express Chipset 767', NULL, NULL, NULL, NULL, NULL, NULL, NULL, NULL, 5, NULL, 1, NULL, NULL, 0),
(1020, 1019, 95, 177, 16, 'ASRock G41M-VS3.', NULL, NULL, NULL, 10, NULL, NULL, NULL, NULL, 5, NULL, 0, NULL, NULL, 0),
(1021, 1019, 95, 177, 18, 'Pentium(R) Dual-Core CPU E5700 @ 3.00GHz 2991', NULL, NULL, NULL, NULL, NULL, NULL, NULL, NULL, 5, NULL, 0, NULL, NULL, 0),
(1022, 1019, 95, 177, 17, ' SDRAM 2048Мб ', NULL, NULL, NULL, NULL, NULL, NULL, NULL, NULL, 5, NULL, 0, NULL, NULL, 0),
(1023, 1019, 95, 177, 11, 'SAMSUNG HD322GJ ATA Device 298Гб ', NULL, NULL, NULL, NULL, NULL, NULL, NULL, NULL, 5, NULL, 0, NULL, NULL, 0),
(1024, 1019, 95, 177, 9, 'TSSTcorp CDDVDW SH-222AB ATA Device', NULL, NULL, NULL, NULL, NULL, NULL, NULL, NULL, 5, NULL, 0, NULL, NULL, 0),
(1025, 1019, 95, 177, 13, 'Intel(R) G41 Express Chipset 767Мб ', NULL, NULL, NULL, NULL, NULL, NULL, NULL, NULL, 5, NULL, 0, NULL, NULL, 0),
(1026, 1019, 95, 177, 19, 'Atheros AR8152 PCI-E Fast Ethernet Controller (NDIS 6.20)', NULL, NULL, NULL, NULL, NULL, NULL, NULL, NULL, 5, 'MAC: 00:25:22:AE:F6:00', 0, NULL, NULL, 0),
(1027, 1019, 95, 177, 14, 'VIA High Definition Audio', NULL, NULL, NULL, NULL, NULL, NULL, NULL, NULL, 5, NULL, 0, NULL, NULL, 0),
(1028, 0, 95, 178, 5, 'Intel(R) Core(TM)2 CPU 6320 @ 1.86GHz 1399/''P5GZ-MX''/RAM 1024Мб/HDD 112Гб/Intel(R) 82945G Express Chipset Family 128', NULL, NULL, NULL, NULL, NULL, NULL, NULL, NULL, 5, NULL, 1, NULL, NULL, 0),
(1029, 1028, 95, 178, 16, 'ASUSTeK Computer INC. P5GZ-MX', NULL, NULL, NULL, 9, NULL, NULL, NULL, NULL, 5, NULL, 0, NULL, NULL, 0),
(1030, 1028, 95, 178, 18, 'Intel(R) Core(TM)2 CPU 6320 @ 1.86GHz 1399', NULL, NULL, NULL, NULL, NULL, NULL, NULL, NULL, 5, NULL, 0, NULL, NULL, 0),
(1031, 1028, 95, 178, 17, ' SDRAM 512Мб ', NULL, NULL, NULL, NULL, NULL, NULL, NULL, NULL, 5, NULL, 0, NULL, NULL, 0),
(1032, 1028, 95, 178, 17, ' SDRAM 512Мб ', NULL, NULL, NULL, NULL, NULL, NULL, NULL, NULL, 5, NULL, 0, NULL, NULL, 0),
(1033, 1028, 95, 178, 11, 'SAMSUNG HD120IJ 112Гб ', NULL, NULL, NULL, NULL, NULL, NULL, NULL, NULL, 5, NULL, 0, NULL, NULL, 0),
(1034, 1028, 95, 178, 9, 'ASUS DRW-1814BL', NULL, NULL, NULL, NULL, NULL, NULL, NULL, NULL, 5, NULL, 0, NULL, NULL, 0),
(1035, 1028, 95, 178, 13, 'Intel(R) 82945G Express Chipset Family 128Мб ', NULL, NULL, NULL, NULL, NULL, NULL, NULL, NULL, 5, NULL, 0, NULL, NULL, 0),
(1036, 1028, 95, 178, 19, 'Marvell Yukon 88E8001/8003/8010 PCI Gigabit Ethernet Controller', NULL, NULL, NULL, NULL, NULL, NULL, NULL, NULL, 5, 'MAC: 00:18:F3:0D:40:C2', 0, NULL, NULL, 0),
(1037, 1028, 95, 178, 14, 'Realtek High Definition Audio', NULL, NULL, NULL, NULL, NULL, NULL, NULL, NULL, 5, NULL, 0, NULL, NULL, 0),
(1038, 0, 95, 179, 5, 'Intel(R) Celeron(R) CPU 2.40GHz 2391/''845GL-W83627F''/RAM 512Мб/HDD 37Гб/Intel(R) 82845G/GL/GE/PE/GV Graphics Controller 64', NULL, NULL, NULL, NULL, NULL, NULL, NULL, NULL, 5, NULL, 1, NULL, NULL, 0),
(1039, 1038, 95, 179, 16, '- 845GL-W83627F', NULL, NULL, NULL, 18, NULL, NULL, NULL, NULL, 5, NULL, 0, NULL, NULL, 0),
(1040, 1038, 95, 179, 18, 'Intel(R) Celeron(R) CPU 2.40GHz 2391', NULL, NULL, NULL, NULL, NULL, NULL, NULL, NULL, 5, NULL, 0, NULL, NULL, 0),
(1041, 1038, 95, 179, 17, ' SDRAM 512Мб ', NULL, NULL, NULL, NULL, NULL, NULL, NULL, NULL, 5, NULL, 0, NULL, NULL, 0),
(1042, 1038, 95, 179, 11, 'SAMSUNG SP0401N 37Гб ', NULL, NULL, NULL, NULL, NULL, NULL, NULL, NULL, 5, NULL, 0, NULL, NULL, 0),
(1043, 1038, 95, 179, 9, 'HL-DT-ST CD-ROM GCR-8523B', NULL, NULL, NULL, NULL, NULL, NULL, NULL, NULL, 5, NULL, 0, NULL, NULL, 0),
(1044, 1038, 95, 179, 13, 'Intel(R) 82845G/GL/GE/PE/GV Graphics Controller 64Мб ', NULL, NULL, NULL, NULL, NULL, NULL, NULL, NULL, 5, NULL, 0, NULL, NULL, 0),
(1045, 1038, 95, 179, 19, 'Realtek RTL8139 Family PCI Fast Ethernet NIC', NULL, NULL, NULL, NULL, NULL, NULL, NULL, NULL, 5, 'MAC: 00:0D:87:27:09:45', 0, NULL, NULL, 0),
(1046, 1038, 95, 179, 14, 'C-Media AC97 Audio Device', NULL, NULL, NULL, NULL, NULL, NULL, NULL, NULL, 5, NULL, 0, NULL, NULL, 0),
(1047, 0, 95, 158, 5, 'AMD Sempron(tm) Processor 3000+ 1607/''ALiveNF6G-DVI''/RAM 512Мб/HDD 19Гб/NVIDIA GeForce 6150SE 256', NULL, NULL, NULL, NULL, NULL, NULL, NULL, NULL, 5, NULL, 1, NULL, NULL, 0),
(1048, 1047, 95, 158, 16, '- ALiveNF6G-DVI', NULL, NULL, NULL, 18, NULL, NULL, NULL, NULL, 5, NULL, 0, NULL, NULL, 0),
(1049, 1047, 95, 158, 18, 'AMD Sempron(tm) Processor 3000+ 1607', NULL, NULL, NULL, NULL, NULL, NULL, NULL, NULL, 5, NULL, 0, NULL, NULL, 0),
(1050, 1047, 95, 158, 17, ' DDR3-? 512Мб ', NULL, NULL, NULL, NULL, NULL, NULL, NULL, NULL, 5, NULL, 0, NULL, NULL, 0),
(1051, 1047, 95, 158, 11, 'SAMSUNG SV2001H 19Гб ', NULL, NULL, NULL, NULL, NULL, NULL, NULL, NULL, 5, NULL, 0, NULL, NULL, 0),
(1052, 1047, 95, 158, 9, 'SAMSUNG CD-ROM SC-152L', NULL, NULL, NULL, NULL, NULL, NULL, NULL, NULL, 5, NULL, 0, NULL, NULL, 0),
(1053, 1047, 95, 158, 13, 'NVIDIA GeForce 6150SE 256Мб ', NULL, NULL, NULL, NULL, NULL, NULL, NULL, NULL, 5, NULL, 0, NULL, NULL, 0),
(1054, 1047, 95, 158, 19, 'NVIDIA nForce Networking Controller', NULL, NULL, NULL, NULL, NULL, NULL, NULL, NULL, 5, 'MAC: 00:13:8F:DB:0C:6A', 0, NULL, NULL, 0),
(1055, 1047, 95, 158, 14, 'Realtek High Definition Audio', NULL, NULL, NULL, NULL, NULL, NULL, NULL, NULL, 5, NULL, 0, NULL, NULL, 0),
(1056, 0, 74, 201, 5, 'Intel(R) Core(TM)2 Duo CPU E7500 @ 2.93GHz 2936/''P5G41T-M''/RAM 2048Мб/HDD 298Гб/Intel(R) G41 Express Chipset 783', '01647', NULL, NULL, NULL, NULL, NULL, NULL, 0.00, 5, '', 1, NULL, NULL, 0),
(1057, 1056, 74, 201, 16, 'ASUSTeK Computer INC. P5G41T-M', NULL, NULL, NULL, 9, NULL, NULL, NULL, NULL, 5, NULL, 0, NULL, NULL, 0),
(1058, 1056, 74, 201, 18, 'Intel(R) Core(TM)2 Duo CPU E7500 @ 2.93GHz 2936', NULL, NULL, NULL, NULL, NULL, NULL, NULL, NULL, 5, NULL, 0, NULL, NULL, 0),
(1059, 1056, 74, 201, 17, ' Other 2048Мб ', NULL, NULL, NULL, NULL, NULL, NULL, NULL, NULL, 5, NULL, 0, NULL, NULL, 0),
(1060, 1056, 74, 201, 11, 'SAMSUNG HD322HJ ATA Device 298Гб ', NULL, NULL, NULL, NULL, NULL, NULL, NULL, NULL, 5, NULL, 0, NULL, NULL, 0),
(1061, 1056, 74, 201, 9, 'HL-DT-ST DVDRAM GH22NS50 ATA Device', NULL, NULL, NULL, NULL, NULL, NULL, NULL, NULL, 5, NULL, 0, NULL, NULL, 0),
(1062, 1056, 74, 201, 13, 'Intel(R) G41 Express Chipset 783Мб ', NULL, NULL, NULL, NULL, NULL, NULL, NULL, NULL, 5, NULL, 0, NULL, NULL, 0),
(1063, 1056, 74, 201, 13, 'Intel(R) G41 Express Chipset 783Мб ', NULL, NULL, NULL, NULL, NULL, NULL, NULL, NULL, 5, NULL, 0, NULL, NULL, 0),
(1064, 1056, 74, 201, 19, 'Atheros AR8131 PCI-E Gigabit Ethernet Controller (NDIS 6.20)', NULL, NULL, NULL, NULL, NULL, NULL, NULL, NULL, 5, 'MAC: E0:CB:4E:0C:06:8E', 0, NULL, NULL, 0),
(1065, 1056, 74, 201, 14, 'Intel(R) High Definition Audio HDMI', NULL, NULL, NULL, NULL, NULL, NULL, NULL, NULL, 5, NULL, 0, NULL, NULL, 0),
(1066, 1056, 74, 201, 14, 'Устройство с поддержкой High Definition Audio', NULL, NULL, NULL, NULL, NULL, NULL, NULL, NULL, 5, NULL, 0, NULL, NULL, 0),
(1067, 0, 95, 176, 20, 'Intel(R) Pentium(R) CPU P6200 @ 2.13GHz 2133/''K52F''/RAM 3072Мб/HDD 298Гб/Intel(R) HD Graphics 1238', NULL, NULL, NULL, 9, NULL, NULL, NULL, 0.00, 5, '', 1, NULL, NULL, 0),
(1068, 1067, 95, 176, 16, 'ASUSTeK Computer Inc. K52F', NULL, NULL, NULL, 9, NULL, NULL, NULL, NULL, 5, NULL, 0, NULL, NULL, 0),
(1069, 1067, 95, 176, 18, 'Intel(R) Pentium(R) CPU P6200 @ 2.13GHz 2133', NULL, NULL, NULL, NULL, NULL, NULL, NULL, NULL, 5, NULL, 0, NULL, NULL, 0),
(1070, 1067, 95, 176, 17, ' DDR3-? 2048Мб ', NULL, NULL, NULL, NULL, NULL, NULL, NULL, NULL, 5, NULL, 0, NULL, NULL, 0),
(1071, 1067, 95, 176, 17, ' DDR3-? 1024Мб ', NULL, NULL, NULL, NULL, NULL, NULL, NULL, NULL, 5, NULL, 0, NULL, NULL, 0),
(1072, 1067, 95, 176, 11, 'WDC WD3200BPVT-80ZEST0 ATA Device 298Гб ', NULL, NULL, NULL, NULL, NULL, NULL, NULL, NULL, 5, NULL, 0, NULL, NULL, 0),
(1073, 1067, 95, 176, 9, 'TSSTcorp CDDVDW TS-L633F ATA Device', NULL, NULL, NULL, NULL, NULL, NULL, NULL, NULL, 5, NULL, 0, NULL, NULL, 0),
(1074, 1067, 95, 176, 13, 'Intel(R) HD Graphics 1238Мб ', NULL, NULL, NULL, NULL, NULL, NULL, NULL, NULL, 5, NULL, 0, NULL, NULL, 0),
(1075, 1067, 95, 176, 19, 'Atheros AR9285 Wireless Network Adapter', NULL, NULL, NULL, NULL, NULL, NULL, NULL, NULL, 5, 'MAC: 74:2F:68:2B:0B:43', 0, NULL, NULL, 0),
(1076, 1067, 95, 176, 19, 'JMicron PCI Express Gigabit Ethernet Adapter', NULL, NULL, NULL, NULL, NULL, NULL, NULL, NULL, 5, 'MAC: 14:DA:E9:14:B1:23', 0, NULL, NULL, 0),
(1077, 1067, 95, 176, 14, 'Conexant SmartAudio HD', NULL, NULL, NULL, NULL, NULL, NULL, NULL, NULL, 5, NULL, 0, NULL, NULL, 0),
(1078, 1067, 95, 176, 14, 'Устройство с поддержкой High Definition Audio', NULL, NULL, NULL, NULL, NULL, NULL, NULL, NULL, 5, NULL, 0, NULL, NULL, 0),
(1079, 0, 95, 162, 20, 'Intel(R) Core(TM) i3 CPU M 370 @ 2.40GHz 2399/''N53Jn''/RAM 3072Мб/HDD 298Гб/Intel(R) HD Graphics 1142', NULL, NULL, NULL, 9, NULL, NULL, NULL, 0.00, 5, '', 1, NULL, NULL, 0),
(1080, 1079, 95, 162, 16, 'ASUSTeK Computer Inc. N53Jn', NULL, NULL, NULL, 9, NULL, NULL, NULL, NULL, 5, NULL, 0, NULL, NULL, 0),
(1081, 1079, 95, 162, 18, 'Intel(R) Core(TM) i3 CPU M 370 @ 2.40GHz 2399', NULL, NULL, NULL, NULL, NULL, NULL, NULL, NULL, 5, NULL, 0, NULL, NULL, 0),
(1082, 1079, 95, 162, 17, ' DDR3-? 1024Мб ', NULL, NULL, NULL, NULL, NULL, NULL, NULL, NULL, 5, NULL, 0, NULL, NULL, 0),
(1083, 1079, 95, 162, 17, ' DDR3-? 2048Мб ', NULL, NULL, NULL, NULL, NULL, NULL, NULL, NULL, 5, NULL, 0, NULL, NULL, 0),
(1084, 1079, 95, 162, 11, 'ST9320423AS 298Гб ', NULL, NULL, NULL, NULL, NULL, NULL, NULL, NULL, 5, NULL, 0, NULL, NULL, 0),
(1085, 1079, 95, 162, 9, 'HL-DT-ST DVDRAM GT32N', NULL, NULL, NULL, NULL, NULL, NULL, NULL, NULL, 5, NULL, 0, NULL, NULL, 0),
(1086, 1079, 95, 162, 9, 'ALWVA 6341A3KLEF0P SCSI CdRom Device', NULL, NULL, NULL, NULL, NULL, NULL, NULL, NULL, 5, NULL, 0, NULL, NULL, 0),
(1087, 1079, 95, 162, 13, 'Intel(R) HD Graphics 1142Мб ', NULL, NULL, NULL, NULL, NULL, NULL, NULL, NULL, 5, NULL, 0, NULL, NULL, 0),
(1088, 1079, 95, 162, 13, 'Стандартный VGA графический адаптер 1142Мб ', NULL, NULL, NULL, NULL, NULL, NULL, NULL, NULL, 5, NULL, 0, NULL, NULL, 0),
(1089, 1079, 95, 162, 19, 'Atheros AR9285 Wireless Network Adapter', NULL, NULL, NULL, NULL, NULL, NULL, NULL, NULL, 5, 'MAC: 74:F0:6D:75:79:3B', 0, NULL, NULL, 0),
(1090, 1079, 95, 162, 19, 'Atheros AR8131 PCI-E Gigabit Ethernet Controller (NDIS 6.20)', NULL, NULL, NULL, NULL, NULL, NULL, NULL, NULL, 5, 'MAC: 48:5B:39:99:CC:BD', 0, NULL, NULL, 0),
(1091, 1079, 95, 162, 19, 'Устройства Bluetooth (личной сети)', NULL, NULL, NULL, NULL, NULL, NULL, NULL, NULL, 5, 'MAC: 74:F0:6D:B0:4C:CE', 0, NULL, NULL, 0),
(1092, 1079, 95, 162, 14, 'Realtek High Definition Audio', NULL, NULL, NULL, NULL, NULL, NULL, NULL, NULL, 5, NULL, 0, NULL, NULL, 0),
(1093, 1079, 95, 162, 14, 'Устройство с поддержкой High Definition Audio', NULL, NULL, NULL, NULL, NULL, NULL, NULL, NULL, 5, NULL, 0, NULL, NULL, 0),
(1094, 0, 95, 163, 20, 'Intel(R) Pentium(R) CPU P6200 @ 2.13GHz 1983/''K52F''/RAM 3072Мб/HDD 298Гб/Intel(R) HD Graphics 1238', NULL, NULL, NULL, 9, NULL, NULL, NULL, 0.00, 5, '', 1, NULL, NULL, 0),
(1095, 1094, 95, 163, 16, 'ASUSTeK Computer Inc. K52F', NULL, NULL, NULL, 9, NULL, NULL, NULL, NULL, 5, NULL, 0, NULL, NULL, 0),
(1096, 1094, 95, 163, 18, 'Intel(R) Pentium(R) CPU P6200 @ 2.13GHz 1983', NULL, NULL, NULL, NULL, NULL, NULL, NULL, NULL, 5, NULL, 0, NULL, NULL, 0),
(1097, 1094, 95, 163, 17, ' DDR3-? 2048Мб ', NULL, NULL, NULL, NULL, NULL, NULL, NULL, NULL, 5, NULL, 0, NULL, NULL, 0),
(1098, 1094, 95, 163, 17, ' DDR3-? 1024Мб ', NULL, NULL, NULL, NULL, NULL, NULL, NULL, NULL, 5, NULL, 0, NULL, NULL, 0),
(1099, 1094, 95, 163, 11, 'WDC WD3200BPVT-80ZEST0 ATA Device 298Гб ', NULL, NULL, NULL, NULL, NULL, NULL, NULL, NULL, 5, NULL, 0, NULL, NULL, 0),
(1100, 1094, 95, 163, 9, 'TSSTcorp CDDVDW TS-L633F ATA Device', NULL, NULL, NULL, NULL, NULL, NULL, NULL, NULL, 5, NULL, 0, NULL, NULL, 0),
(1101, 1094, 95, 163, 9, 'DTSOFT Virtual CdRom Device', NULL, NULL, NULL, NULL, NULL, NULL, NULL, NULL, 5, NULL, 0, NULL, NULL, 0),
(1102, 1094, 95, 163, 13, 'Intel(R) HD Graphics 1238Мб ', NULL, NULL, NULL, NULL, NULL, NULL, NULL, NULL, 5, NULL, 0, NULL, NULL, 0),
(1103, 1094, 95, 163, 19, 'Atheros AR9285 Wireless Network Adapter', NULL, NULL, NULL, NULL, NULL, NULL, NULL, NULL, 5, 'MAC: 74:2F:68:2B:4A:39', 0, NULL, NULL, 0),
(1104, 1094, 95, 163, 19, 'Устройства Bluetooth (личной сети)', NULL, NULL, NULL, NULL, NULL, NULL, NULL, NULL, 5, 'MAC: 74:F0:6D:F0:E3:48', 0, NULL, NULL, 0),
(1105, 1094, 95, 163, 19, 'JMicron PCI Express Gigabit Ethernet Adapter', NULL, NULL, NULL, NULL, NULL, NULL, NULL, NULL, 5, NULL, 0, NULL, NULL, 0),
(1106, 1094, 95, 163, 19, 'Microsoft Virtual WiFi Miniport Adapter', NULL, NULL, NULL, NULL, NULL, NULL, NULL, NULL, 5, NULL, 0, NULL, NULL, 0),
(1107, 1094, 95, 163, 14, 'Conexant SmartAudio HD', NULL, NULL, NULL, NULL, NULL, NULL, NULL, NULL, 5, NULL, 0, NULL, NULL, 0),
(1108, 1094, 95, 163, 14, 'Аудио Intel(R) для дисплеев', NULL, NULL, NULL, NULL, NULL, NULL, NULL, NULL, 5, NULL, 0, NULL, NULL, 0),
(1109, 1094, 95, 163, 14, 'Аудио Bluetooth', NULL, NULL, NULL, NULL, NULL, NULL, NULL, NULL, 5, NULL, 0, NULL, NULL, 0),
(1110, 0, 74, 207, 20, 'Celeron(R) Dual-Core CPU T3100 @ 1.90GHz 1895/''K50IJ''/RAM 2048Мб/HDD 298Гб/Mobile Intel(R) 4 Series Express Chipset Family', '01618', 'A2N0AS13885706G', NULL, 9, NULL, NULL, NULL, 0.00, 5, 'ASUS K50IJ', 1, NULL, NULL, 0),
(1111, 1110, 74, 207, 16, 'ASUSTeK Computer Inc. K50IJ', NULL, NULL, NULL, 9, NULL, NULL, NULL, NULL, 5, NULL, 0, NULL, NULL, 0),
(1112, 1110, 74, 207, 18, 'Celeron(R) Dual-Core CPU T3100 @ 1.90GHz 1895', NULL, NULL, NULL, NULL, NULL, NULL, NULL, NULL, 5, NULL, 0, NULL, NULL, 0),
(1113, 1110, 74, 207, 17, ' DDR-2 2048Мб ', NULL, NULL, NULL, NULL, NULL, NULL, NULL, NULL, 5, NULL, 0, NULL, NULL, 0),
(1114, 1110, 74, 207, 11, 'Hitachi HTS545032B9A300 ATA Device 298Гб ', NULL, NULL, NULL, NULL, NULL, NULL, NULL, NULL, 5, NULL, 0, NULL, NULL, 0),
(1115, 1110, 74, 207, 9, 'DTSoftBusCd00', NULL, NULL, NULL, NULL, NULL, NULL, NULL, NULL, 5, NULL, 0, NULL, NULL, 0),
(1116, 1110, 74, 207, 9, 'Slimtype DVD A  DS8A4S ATA Device', NULL, NULL, NULL, NULL, NULL, NULL, NULL, NULL, 5, NULL, 0, NULL, NULL, 0),
(1117, 1110, 74, 207, 13, 'Mobile Intel(R) 4 Series Express Chipset Family -Мб ', NULL, NULL, NULL, NULL, NULL, NULL, NULL, NULL, 5, NULL, 0, NULL, NULL, 0),
(1118, 1110, 74, 207, 13, 'Mobile Intel(R) 4 Series Express Chipset Family 783Мб ', NULL, NULL, NULL, NULL, NULL, NULL, NULL, NULL, 5, NULL, 0, NULL, NULL, 0),
(1119, 1110, 74, 207, 19, 'Atheros AR9285 Wireless Network Adapter', NULL, NULL, NULL, NULL, NULL, NULL, NULL, NULL, 5, 'MAC: 1C:4B:D6:72:C2:D2', 0, NULL, NULL, 0),
(1120, 1110, 74, 207, 19, 'Контроллер Atheros AR8121/AR8113/AR8114 PCI-E Ethernet (NDIS6.20)', NULL, NULL, NULL, NULL, NULL, NULL, NULL, NULL, 5, 'MAC: E0:CB:4E:FA:02:E0', 0, NULL, NULL, 0),
(1121, 1110, 74, 207, 19, 'Microsoft Virtual WiFi Miniport Adapter', NULL, NULL, NULL, NULL, NULL, NULL, NULL, NULL, 5, 'MAC: 1A:4B:D6:72:C2:D2', 0, NULL, NULL, 0),
(1122, 1110, 74, 207, 14, 'VIA High Definition Audio', NULL, NULL, NULL, NULL, NULL, NULL, NULL, NULL, 5, NULL, 0, NULL, NULL, 0),
(1123, 0, 95, 160, 5, 'Процессор Intel Pentium III Xeon 2933/''P5G41T-M''/RAM 4096Мб/HDD 466Гб/Intel(R) G41 Express Chipset 256', NULL, NULL, NULL, NULL, NULL, NULL, NULL, 0.00, 5, '', 1, NULL, NULL, 0),
(1124, 1123, 95, 160, 16, 'ASUSTeK Computer INC. P5G41T-M', NULL, NULL, NULL, 9, NULL, NULL, NULL, NULL, 5, NULL, 0, NULL, NULL, 0),
(1125, 1123, 95, 160, 18, 'Процессор Intel Pentium III Xeon 2933', NULL, NULL, NULL, NULL, NULL, NULL, NULL, NULL, 5, NULL, 0, NULL, NULL, 0),
(1126, 1123, 95, 160, 17, ' Other 2048Мб ', NULL, NULL, NULL, NULL, NULL, NULL, NULL, NULL, 5, NULL, 0, NULL, NULL, 0),
(1127, 1123, 95, 160, 17, ' Other 2048Мб ', NULL, NULL, NULL, NULL, NULL, NULL, NULL, NULL, 5, NULL, 0, NULL, NULL, 0),
(1128, 1123, 95, 160, 11, 'SAMSUNG HD502HJ 466Гб ', NULL, NULL, NULL, NULL, NULL, NULL, NULL, NULL, 5, NULL, 0, NULL, NULL, 0),
(1129, 1123, 95, 160, 9, 'HL-DT-ST DVDRAM GH22NS50', NULL, NULL, NULL, NULL, NULL, NULL, NULL, NULL, 5, NULL, 0, NULL, NULL, 0),
(1130, 1123, 95, 160, 13, 'Intel(R) G41 Express Chipset 256Мб ', NULL, NULL, NULL, NULL, NULL, NULL, NULL, NULL, 5, NULL, 0, NULL, NULL, 0),
(1131, 1123, 95, 160, 13, 'Intel(R) G41 Express Chipset 256Мб ', NULL, NULL, NULL, NULL, NULL, NULL, NULL, NULL, 5, NULL, 0, NULL, NULL, 0),
(1132, 1123, 95, 160, 19, 'Atheros AR8131 PCI-E Gigabit Ethernet Controller', NULL, NULL, NULL, NULL, NULL, NULL, NULL, NULL, 5, 'MAC: E0:CB:4E:0C:0B:85', 0, NULL, NULL, 0),
(1133, 1123, 95, 160, 14, 'Realtek High Definition Audio', NULL, NULL, NULL, NULL, NULL, NULL, NULL, NULL, 5, NULL, 0, NULL, NULL, 0),
(1134, 1123, 95, 160, 14, 'Intel(R) High Definition Audio HDMI Service', NULL, NULL, NULL, NULL, NULL, NULL, NULL, NULL, 5, NULL, 0, NULL, NULL, 0),
(1135, 1123, 95, 160, 14, 'Аудио устройства USB', NULL, NULL, NULL, NULL, NULL, NULL, NULL, NULL, 5, NULL, 0, NULL, NULL, 0),
(1136, 0, 95, 211, 5, 'Pentium(R) Dual-Core CPU E5700 @ 3.00GHz 2991/''G41M-VS3.''/RAM 2048Мб/HDD 298Гб/Intel(R) G41 Express Chipset 767', NULL, NULL, NULL, NULL, NULL, NULL, NULL, NULL, 5, NULL, 1, NULL, NULL, 0),
(1137, 1136, 95, 211, 16, 'ASRock G41M-VS3.', NULL, NULL, NULL, 10, NULL, NULL, NULL, NULL, 5, NULL, 0, NULL, NULL, 0),
(1138, 1136, 95, 211, 18, 'Pentium(R) Dual-Core CPU E5700 @ 3.00GHz 2991', NULL, NULL, NULL, NULL, NULL, NULL, NULL, NULL, 5, NULL, 0, NULL, NULL, 0),
(1139, 1136, 95, 211, 17, ' SDRAM 2048Мб ', NULL, NULL, NULL, NULL, NULL, NULL, NULL, NULL, 5, NULL, 0, NULL, NULL, 0),
(1140, 1136, 95, 211, 11, 'SAMSUNG HD322GJ ATA Device 298Гб ', NULL, NULL, NULL, NULL, NULL, NULL, NULL, NULL, 5, NULL, 0, NULL, NULL, 0),
(1141, 1136, 95, 211, 9, 'TSSTcorp CDDVDW SH-222AB ATA Device', NULL, NULL, NULL, NULL, NULL, NULL, NULL, NULL, 5, NULL, 0, NULL, NULL, 0),
(1142, 1136, 95, 211, 13, 'Intel(R) G41 Express Chipset 767Мб ', NULL, NULL, NULL, NULL, NULL, NULL, NULL, NULL, 5, NULL, 0, NULL, NULL, 0),
(1143, 1136, 95, 211, 19, 'Atheros AR8152 PCI-E Fast Ethernet Controller (NDIS 6.20)', NULL, NULL, NULL, NULL, NULL, NULL, NULL, NULL, 5, 'MAC: 00:25:22:AE:D4:E3', 0, NULL, NULL, 0),
(1144, 1136, 95, 211, 14, 'VIA High Definition Audio', NULL, NULL, NULL, NULL, NULL, NULL, NULL, NULL, 5, NULL, 0, NULL, NULL, 0),
(1145, 1136, 95, 211, 14, 'Аудио устройства USB', NULL, NULL, NULL, NULL, NULL, NULL, NULL, NULL, 5, NULL, 0, NULL, NULL, 0),
(1146, 0, 74, 183, 20, 'Intel(R) Core(TM) i3-2310M CPU @ 2.10GHz 798/''P43E''/RAM 3072Мб/HDD 298Гб/Intel(R) HD Graphics Family 1297', 'УА0000366', 'B6NXBC014747257', 1, 9, NULL, '2012-03-31', NULL, 0.00, 5, 'Asus P43E', 1, NULL, NULL, 0),
(1147, 1146, 74, 183, 16, 'ASUSTeK Computer Inc. P43E', NULL, NULL, NULL, 9, NULL, NULL, NULL, NULL, 5, NULL, 0, NULL, NULL, 0),
(1148, 1146, 74, 183, 18, 'Intel(R) Core(TM) i3-2310M CPU @ 2.10GHz 798', NULL, NULL, NULL, NULL, NULL, NULL, NULL, NULL, 5, NULL, 0, NULL, NULL, 0),
(1149, 1146, 74, 183, 17, ' DDR3-? 2048Мб ', NULL, NULL, NULL, NULL, NULL, NULL, NULL, NULL, 5, NULL, 0, NULL, NULL, 0),
(1150, 1146, 74, 183, 17, ' DDR3-? 1024Мб ', NULL, NULL, NULL, NULL, NULL, NULL, NULL, NULL, 5, NULL, 0, NULL, NULL, 0),
(1151, 1146, 74, 183, 11, 'WDC WD3200BPVT-80ZEST0 298Гб ', NULL, NULL, NULL, NULL, NULL, NULL, NULL, NULL, 5, NULL, 0, NULL, NULL, 0),
(1152, 1146, 74, 183, 9, 'HL-DT-ST DVDRAM GT34N', NULL, NULL, NULL, NULL, NULL, NULL, NULL, NULL, 5, NULL, 0, NULL, NULL, 0),
(1153, 1146, 74, 183, 13, 'Intel(R) HD Graphics Family 1297Мб ', NULL, NULL, NULL, NULL, NULL, NULL, NULL, NULL, 5, NULL, 0, NULL, NULL, 0),
(1154, 1146, 74, 183, 19, 'Устройства Bluetooth (личной сети)', NULL, NULL, NULL, NULL, NULL, NULL, NULL, NULL, 5, 'MAC: BC:77:37:2B:FC:68', 0, NULL, NULL, 0),
(1155, 1146, 74, 183, 19, 'Atheros AR8151 PCI-E Gigabit Ethernet Controller (NDIS 6.20)', NULL, NULL, NULL, NULL, NULL, NULL, NULL, NULL, 5, 'MAC: F4:6D:04:F9:22:B1', 0, NULL, NULL, 0),
(1156, 1146, 74, 183, 19, 'Intel(R) Centrino(R) Wireless-N 1030', NULL, NULL, NULL, NULL, NULL, NULL, NULL, NULL, 5, 'MAC: BC:77:37:2B:FC:64', 0, NULL, NULL, 0),
(1157, 1146, 74, 183, 19, 'Microsoft Virtual WiFi Miniport Adapter #3', NULL, NULL, NULL, NULL, NULL, NULL, NULL, NULL, 5, 'MAC: BC:77:37:2B:FC:65', 0, NULL, NULL, 0),
(1158, 1146, 74, 183, 19, 'Microsoft Virtual WiFi Miniport Adapter #4', NULL, NULL, NULL, NULL, NULL, NULL, NULL, NULL, 5, 'MAC: BC:77:37:2B:FC:65', 0, NULL, NULL, 0),
(1159, 1146, 74, 183, 14, 'Аудио Intel(R) для дисплеев', NULL, NULL, NULL, NULL, NULL, NULL, NULL, NULL, 5, NULL, 0, NULL, NULL, 0),
(1160, 1146, 74, 183, 14, 'Realtek High Definition Audio', NULL, NULL, NULL, NULL, NULL, NULL, NULL, NULL, 5, NULL, 0, NULL, NULL, 0),
(1161, 0, 74, 99, 20, 'Intel Celeron 800 MHz/RAM 128Мб/HDD 15Гб', NULL, '81890194G', NULL, 19, NULL, NULL, NULL, 0.00, 2, 'Toshiba S1800-100', 1, NULL, NULL, 0),
(1162, 0, 74, 145, 3, 'Samsung 720N', '12.1Д', 'MJ17H9FLB88890F', NULL, 8, NULL, NULL, NULL, NULL, 5, NULL, 1, NULL, NULL, 0),
(1163, 0, 74, 145, 21, 'CANON iR2018', '02057', '(21)GVC02293', NULL, 22, NULL, NULL, NULL, NULL, 5, NULL, 1, NULL, NULL, 0),
(1164, 0, 74, 199, 3, 'LG Flatron L1510M', '803', '306WA20272', NULL, 23, NULL, NULL, NULL, NULL, 5, NULL, 1, NULL, NULL, 0),
(1165, 0, 74, 84, 3, 'LG flatron L1942S', '01659', '911NDNUED999', NULL, 23, NULL, NULL, NULL, NULL, 5, NULL, 1, NULL, NULL, 0),
(1166, 0, 74, 191, 3, 'NEC 2470 WVX', '?', '871021202B', NULL, 24, NULL, NULL, NULL, NULL, 5, NULL, 1, NULL, NULL, 0),
(1167, 0, 74, 191, 1, 'APC Back-Ups CS 500', '?', '8B0729R00639', NULL, 25, NULL, NULL, NULL, NULL, 5, NULL, 1, NULL, NULL, 0),
(1168, 0, 74, 77, 3, 'LG W1934S', '001833', '909TPUU2L342', NULL, 23, NULL, NULL, NULL, NULL, 5, NULL, 1, NULL, NULL, 0),
(1169, 0, 74, 123, 3, 'Samsung 943', '01175', 'MY19HMCS914941P', NULL, 8, NULL, NULL, NULL, NULL, 5, NULL, 1, NULL, NULL, 0),
(1170, 0, 74, 194, 3, 'ViewSonic VA712b', '00276', 'PPJ071456728', NULL, 26, NULL, NULL, NULL, NULL, 5, NULL, 1, NULL, NULL, 0),
(1171, 0, 74, 112, 1, 'APC Back-Ups RS 500', '1.3Д', 'BB0324008385', NULL, 25, NULL, NULL, NULL, NULL, 5, NULL, 1, NULL, NULL, 0),
(1172, 0, 74, 146, 3, 'LG L1742S', '00635', '808NDPH7T256', NULL, 23, NULL, NULL, NULL, NULL, 5, NULL, 1, NULL, NULL, 0),
(1173, 0, 74, 152, 3, 'Samsung SM 943', '00815', 'MY19H9FS839250A', NULL, 8, NULL, NULL, NULL, NULL, 5, NULL, 1, NULL, NULL, 0),
(1174, 0, 74, 135, 3, 'LG E2341', '00000040', '103TPWQ2E997', 1, 23, NULL, NULL, NULL, 0.00, 5, '', 1, NULL, NULL, 0),
(1175, 0, 74, 153, 3, 'Samsung 152b', '?', 'M015HMETC08840N', NULL, 8, NULL, NULL, NULL, NULL, 5, NULL, 1, NULL, NULL, 0),
(1176, 0, 74, 86, 3, 'Samsung SM 550s', '00369', 'DP15H8WKC01917A', NULL, 8, NULL, NULL, NULL, NULL, 5, NULL, 1, NULL, NULL, 0),
(1177, 0, 74, 233, 3, 'Samsung 152b', '6.3Д', 'M015HMFTC03414F', NULL, 8, NULL, NULL, NULL, NULL, 5, NULL, 1, NULL, NULL, 0),
(1178, 0, 74, 87, 22, 'Samsung ML-1210', '19Д', 'BABW817234X', NULL, 8, NULL, NULL, NULL, NULL, 5, NULL, 1, NULL, NULL, 0),
(1179, 0, 74, 181, 3, 'LG E2050S', '92', '101INFK48843', NULL, 23, NULL, NULL, NULL, 0.00, 5, '', 1, NULL, NULL, 0),
(1180, 0, 74, 116, 3, 'ViewSonic VA903b', '0307/1', 'QAU073009925', NULL, 26, NULL, NULL, NULL, 0.00, 5, '', 1, NULL, NULL, 0),
(1181, 0, 74, 137, 3, 'Samsung SM 152V', '2.2Д', 'GY15HSHX811602K', NULL, 8, NULL, NULL, NULL, NULL, 5, NULL, 1, NULL, NULL, 0),
(1182, 0, 74, 204, 21, 'XEROX PHASER 3200MFP', '0308', '3841013149', NULL, 27, NULL, NULL, NULL, NULL, 5, NULL, 1, NULL, NULL, 0),
(1183, 0, 74, 182, 3, 'LG W2243S', '000000035', '012UXMT17235', NULL, 23, NULL, NULL, NULL, 0.00, 5, '', 1, NULL, NULL, 0),
(1184, 0, 74, 184, 3, 'LG W2242T', '01655', '99NDFVMK091', NULL, 23, NULL, NULL, NULL, NULL, 5, NULL, 1, NULL, NULL, 0),
(1185, 0, 74, 88, 3, 'Samsung 551s (ЭЛТ)', '1964', 'AQ15HMDR810486E', NULL, 8, NULL, NULL, NULL, 0.00, 4, '', 1, NULL, NULL, 0),
(1186, 0, 74, 89, 3, 'Samsung 551s (ЭЛТ)', '1977', 'AQ15HMDR810646W', NULL, 8, NULL, NULL, NULL, NULL, 5, NULL, 1, NULL, NULL, 0),
(1187, 0, 74, 89, 22, 'HP LaserJet 1100', '?', 'FRCB054016', NULL, 11, NULL, NULL, NULL, NULL, 5, NULL, 1, NULL, NULL, 0),
(1188, 0, 74, 156, 3, 'Samsung 204B', '01212', 'BR20HS4PA00930B', NULL, 8, NULL, NULL, NULL, NULL, 5, NULL, 1, NULL, NULL, 0),
(1189, 0, 74, 157, 3, 'Samsung 940N', '427', 'HA19HMFPA12271K', NULL, 8, NULL, NULL, NULL, NULL, 5, NULL, 1, NULL, NULL, 0),
(1190, 0, 74, 75, 3, 'LG Flatron W2253V-PF', '01656', '001MAUAGG766', NULL, 23, NULL, NULL, NULL, NULL, 5, NULL, 1, NULL, NULL, 0),
(1191, 0, 74, 155, 3, 'LG L1942S', '00688', '906NDLS2L048', NULL, 23, NULL, NULL, NULL, NULL, 5, NULL, 1, NULL, NULL, 0),
(1192, 0, 74, 181, 21, 'CANON MF4140', '421', 'STE12940', NULL, 22, NULL, NULL, NULL, 0.00, 5, '', 1, NULL, NULL, 0),
(1193, 0, 74, 132, 3, 'LG Flatron L1942S', '01652', '910NDRFGN366', NULL, 23, NULL, NULL, NULL, NULL, 5, NULL, 1, NULL, NULL, 0),
(1194, 0, 74, 132, 21, 'Canon MF4150', '00631', 'KVW37311', NULL, 22, NULL, NULL, NULL, NULL, 5, NULL, 1, NULL, NULL, 0),
(1195, 0, 74, 75, 22, 'HP LaserJet P1102', '00000097', 'VNC3871263', 1, 11, NULL, NULL, NULL, 0.00, 1, '', 1, NULL, NULL, 0),
(1196, 0, 74, 139, 3, 'ViewSonic VA903b', '00568', 'QAU081560022', NULL, 26, NULL, NULL, NULL, NULL, 5, NULL, 1, NULL, NULL, 0),
(1197, 0, 74, 139, 21, 'Canon MF 4320D', '820', 'EMT19689', NULL, 22, NULL, NULL, NULL, NULL, 5, NULL, 1, NULL, NULL, 0),
(1198, 0, 74, 91, 3, 'AOC TFT20WPS', '001832', 'Q8196JA000532', NULL, 28, NULL, NULL, NULL, NULL, 5, NULL, 1, NULL, NULL, 0),
(1199, 0, 74, 91, 22, 'НР 1280', '989', 'CN55ST506D', NULL, 11, NULL, NULL, NULL, 0.00, 5, '', 1, NULL, NULL, 0),
(1200, 0, 74, 148, 3, 'Samsung 943', '00687', 'MY19HMCS902539T', NULL, 8, NULL, NULL, NULL, NULL, 5, NULL, 1, NULL, NULL, 0),
(1201, 0, 74, 216, 3, 'ViewSonic VA703b', '01049', 'QAN063422176', NULL, 26, NULL, NULL, NULL, NULL, 5, NULL, 1, NULL, NULL, 0),
(1202, 0, 74, 206, 22, 'HP LaserJet P1102', '00000098', 'VNC4V64946', NULL, 11, NULL, NULL, NULL, 0.00, 5, '', 1, NULL, NULL, 0),
(1203, 0, 74, 94, 3, 'LG W2243S', '00000036', '003TPDT6S450', NULL, 23, NULL, NULL, NULL, 0.00, 1, '', 1, NULL, NULL, 0),
(1204, 0, 74, 95, 3, 'Samsung 152s', '5.2Д', 'M015HMFT926975F', NULL, 8, NULL, NULL, NULL, NULL, 5, NULL, 1, NULL, NULL, 0),
(1205, 0, 74, 96, 3, 'LG W2243S', '00000091', '003 TPMZ6Q235', 1, 23, NULL, NULL, NULL, 0.00, 1, '', 1, NULL, NULL, 0),
(1206, 0, 74, 97, 3, 'ViewSonic VA703b', '00566', 'QAN082223320', NULL, 26, NULL, NULL, NULL, NULL, 5, NULL, 1, NULL, NULL, 0),
(1207, 0, 74, 126, 3, 'LG L1520B', '4.2Д', '309WAB5548', NULL, 23, NULL, NULL, NULL, NULL, 5, NULL, 1, NULL, NULL, 0),
(1208, 0, 74, 101, 3, 'Samsung 943', '00786', 'MY19HMDS923389B', NULL, 8, NULL, NULL, NULL, NULL, 5, NULL, 1, NULL, NULL, 0),
(1209, 0, 74, 102, 3, 'ViewSonic VA903b', '0305', 'QAU073010133', NULL, 26, NULL, NULL, NULL, NULL, 5, NULL, 1, NULL, NULL, 0),
(1210, 0, 74, 102, 22, 'CANON LBP2900', '00569', 'LXTA962848', NULL, 22, NULL, NULL, NULL, NULL, 5, NULL, 1, NULL, NULL, 0),
(1211, 0, 74, 140, 3, 'LG flatron L1934S', '?', '909TPFX2L347', NULL, 23, NULL, NULL, NULL, NULL, 5, NULL, 1, NULL, NULL, 0),
(1212, 0, 74, 141, 22, 'HP LJ 1010', '950', 'CNEY749HPD', NULL, 11, NULL, NULL, NULL, NULL, 5, NULL, 1, NULL, NULL, 0),
(1213, 0, 74, 142, 3, 'Samsung 913bm', '?', 'PL19HMDPB04594Z', NULL, 8, NULL, NULL, NULL, NULL, 5, NULL, 1, NULL, NULL, 0),
(1214, 0, 74, 142, 22, 'CANON LBP2900', '00625', 'LXTA600366', NULL, 22, NULL, NULL, NULL, NULL, 5, NULL, 1, NULL, NULL, 0),
(1215, 0, 74, 113, 3, 'Samsung EX1920', '000000118', 'CB19H9FZ826156D', NULL, 8, NULL, NULL, NULL, 0.00, 5, '', 1, NULL, NULL, 0),
(1216, 0, 74, 79, 3, 'LG W1941S', '01416', '901UXRF02134', NULL, 23, NULL, NULL, NULL, NULL, 5, NULL, 1, NULL, NULL, 0),
(1217, 0, 74, 149, 3, 'Samsung 713N', '948', 'MJ17HMDY7220667', NULL, 8, NULL, NULL, NULL, NULL, 5, NULL, 1, NULL, NULL, 0),
(1218, 0, 74, 117, 3, 'LG Flatron L1520S', '1.1Д', '309WAB5544', NULL, 23, NULL, NULL, NULL, NULL, 5, NULL, 1, NULL, NULL, 0),
(1219, 0, 74, 117, 21, 'Canon MF4120', '0306', 'STZ25755', NULL, 22, NULL, NULL, NULL, NULL, 5, NULL, 1, NULL, NULL, 0),
(1220, 0, 74, 150, 3, 'LG W1943SS', '02292', '009UXZJ5L117', NULL, 23, NULL, NULL, NULL, 0.00, 5, '', 1, NULL, NULL, 0),
(1221, 0, 74, 110, 3, 'Samsung SM 152в', '7.2Д', 'MO15HMETCo8997V', NULL, 8, NULL, NULL, NULL, NULL, 5, NULL, 1, NULL, NULL, 0),
(1222, 0, 74, 103, 3, 'Samsung SM 152b', '9.2Д', 'M015HJFW401946T', NULL, 8, NULL, NULL, NULL, NULL, 5, NULL, 1, NULL, NULL, 0),
(1223, 0, 74, 103, 21, 'HP laserjetM1522n', '02227', 'VNHTB5SGM1', NULL, 11, NULL, NULL, NULL, NULL, 5, NULL, 1, NULL, NULL, 0),
(1224, 0, 74, 87, 3, 'Acer V173', '00673', 'DF64001', NULL, 29, NULL, NULL, NULL, NULL, 5, NULL, 1, NULL, NULL, 0),
(1225, 0, 74, 127, 21, 'CANON MF4150', '001876', 'KVW41515', NULL, 22, NULL, NULL, NULL, NULL, 5, NULL, 1, NULL, NULL, 0),
(1226, 0, 74, 151, 3, 'ASUS VB191T', '00542', '7BLMTF080822', NULL, 9, NULL, NULL, NULL, NULL, 5, NULL, 1, NULL, NULL, 0),
(1227, 0, 74, 104, 3, 'Samsung SM 152b', '3.2', 'M015HJFW300264T', NULL, 8, NULL, NULL, NULL, NULL, 5, NULL, 1, NULL, NULL, 0),
(1228, 0, 74, 195, 3, 'Samsung BX2240', '?', 'CB22H9XZ500253M', NULL, 8, NULL, NULL, NULL, NULL, 5, NULL, 1, NULL, NULL, 0),
(1229, 0, 74, 195, 1, 'PoverCom BNT-800APUSB', '02320', '?', NULL, 30, NULL, NULL, NULL, NULL, 5, NULL, 1, NULL, NULL, 0),
(1230, 0, 74, 90, 3, 'ViewSonic VA712b', '00274', 'PPJ071452132', NULL, 26, NULL, NULL, NULL, NULL, 5, NULL, 1, NULL, NULL, 0),
(1231, 0, 74, 115, 21, 'CANON MF4150', '0306', 'KVW17550', NULL, 22, NULL, NULL, NULL, NULL, 5, NULL, 1, NULL, NULL, 0),
(1232, 0, 74, 118, 3, 'Samsung SM 795DF', '988', 'LE17H9LA116029X', NULL, 8, NULL, NULL, NULL, NULL, 5, NULL, 1, NULL, NULL, 0),
(1233, 0, 74, 119, 3, 'ViewSonic VA703b', '00537', 'QAG080541035', NULL, 26, NULL, NULL, NULL, NULL, 5, NULL, 1, NULL, NULL, 0),
(1234, 0, 74, 133, 3, 'Acer V173', '00686', 'DE14001', NULL, 29, NULL, NULL, NULL, NULL, 5, NULL, 1, NULL, NULL, 0),
(1235, 0, 74, 133, 22, 'Epson FX300', '02228', '?', NULL, 31, NULL, NULL, NULL, NULL, 5, NULL, 1, NULL, NULL, 0),
(1236, 0, 74, 133, 22, 'Canon LBP2900', '00563', '?', NULL, 22, NULL, NULL, NULL, NULL, 5, NULL, 1, NULL, NULL, 0),
(1237, 0, 74, 76, 22, 'HP LaserJet P1102', '00000099', 'VNC5W34905', NULL, 11, NULL, NULL, NULL, 0.00, 5, '', 1, NULL, NULL, 0),
(1238, 0, 74, 128, 3, 'ViewSonic VA903b', '0306', 'QAU073010168', NULL, 26, NULL, NULL, NULL, NULL, 5, NULL, 1, NULL, NULL, 0),
(1239, 0, 74, 107, 3, 'Samsung 152b', '14.2Д', 'M015HMETC09068H', NULL, 8, NULL, NULL, NULL, NULL, 5, NULL, 1, NULL, NULL, 0),
(1240, 0, 74, 99, 3, 'ViewSonic VA712b', '273', 'PPJ071452091', NULL, 26, NULL, NULL, NULL, NULL, 5, NULL, 1, NULL, NULL, 0),
(1241, 0, 74, 99, 22, 'CANON LBP2900', '00540', 'LXTA320099', NULL, 22, NULL, NULL, NULL, NULL, 5, NULL, 1, NULL, NULL, 0),
(1242, 0, 74, 121, 3, 'Samsung SM 152V', '?', 'GY15HSHX803159P', NULL, 8, NULL, NULL, NULL, NULL, 5, NULL, 1, NULL, NULL, 0),
(1243, 0, 74, 121, 22, 'Samsung ML 1210', '?', 'BACX123208H', NULL, 8, NULL, NULL, NULL, NULL, 5, NULL, 1, NULL, NULL, 0),
(1244, 0, 74, 227, 3, 'ViewSonic VA712b', '274', 'PPJ071551709', NULL, 26, NULL, NULL, NULL, 0.00, 4, '', 1, NULL, NULL, 0),
(1245, 0, 74, 194, 3, 'LG E2060', '?', '008LNSL1G446', NULL, 23, NULL, NULL, NULL, NULL, 5, NULL, 1, NULL, NULL, 0),
(1246, 0, 74, 227, 3, 'Philips 170S', '0302', 'AU2A0625006587', NULL, 41, NULL, NULL, NULL, 0.00, 4, '', 1, NULL, NULL, 0),
(1247, 0, 74, 227, 1, 'APC Back-Ups CS 500', '0424', 'BB0522024174', NULL, 25, NULL, NULL, NULL, 0.00, 4, '', 1, NULL, NULL, 0),
(1248, 0, 74, 227, 1, 'APC Back-Ups CS 500', '00816', 'BB0522023267', NULL, 25, NULL, NULL, NULL, 0.00, 4, '', 1, NULL, NULL, 0),
(1249, 0, 74, 227, 1, 'Mustek PowerMust 600 USB', '01006', '43709C13368', NULL, 32, NULL, NULL, NULL, 0.00, 4, '', 1, NULL, NULL, 0),
(1250, 0, 74, 194, 21, 'HP CM1015MFP', '14.4Д', 'CNCY6D7H2K', NULL, 11, NULL, NULL, NULL, NULL, 5, NULL, 1, NULL, NULL, 0),
(1251, 0, 74, 186, 24, 'Asus RT N12', '?', 'B1IEH2007469', NULL, 9, NULL, NULL, NULL, 0.00, 5, 'MAC: BC:AE:C5:AF:F5:B0', 1, NULL, NULL, 0),
(1252, 0, 74, 200, 3, 'LG W2046S', '?', '004NDNUEJ863', NULL, 23, NULL, NULL, NULL, NULL, 5, NULL, 1, NULL, NULL, 0),
(1253, 0, 74, 80, 3, 'LG L1510M', '796', '303WAA7533', NULL, 23, NULL, NULL, NULL, NULL, 5, NULL, 1, NULL, NULL, 0),
(1254, 0, 74, 129, 3, 'ViewSonic VA703b', '00674', 'QAN082223820', NULL, 26, NULL, NULL, NULL, NULL, 5, NULL, 1, NULL, NULL, 0),
(1255, 0, 74, 130, 3, 'LG L1942S', '01612', '910NDUNGN358', NULL, 23, NULL, NULL, NULL, NULL, 5, NULL, 1, NULL, NULL, 0),
(1256, 0, 74, 130, 23, 'EPSON Perfection V10', '00564', 'J7QW155094', NULL, 31, NULL, NULL, NULL, NULL, 5, NULL, 1, NULL, NULL, 0),
(1257, 0, 74, 92, 3, 'Samsung 55E (ЭЛТ)', '?', 'DT15HJCNB07356J', NULL, 8, NULL, NULL, NULL, NULL, 5, NULL, 1, NULL, NULL, 0),
(1258, 0, 74, 105, 3, 'Samsung SM 152b', 'УА0000413', 'M015HMETC09068F', NULL, 8, NULL, '2012-06-18', NULL, 416.67, 5, 'передан с "УДО" имеет один инв. номер, стоимость указана за монитор+системник', 1, NULL, NULL, 0),
(1259, 0, 74, 143, 3, 'Samsung 797df (ЭЛТ)', '964', 'LE17HVCX900435A', NULL, 8, NULL, NULL, NULL, 0.00, 5, 'имеет один номер с компьютером ', 1, NULL, NULL, 0),
(1260, 0, 74, 81, 3, 'ViewSonic VA712b', '0272', 'PPJ071351216', NULL, 26, NULL, NULL, NULL, NULL, 5, NULL, 1, NULL, NULL, 0),
(1261, 0, 74, 81, 1, 'APC Back-Ups CS 500', '0276', '8B0713R13158', NULL, 25, NULL, NULL, NULL, NULL, 5, NULL, 1, NULL, NULL, 0),
(1262, 0, 74, 81, 21, 'CANON MF4380dn', '02058', 'EKA04047', NULL, 22, NULL, NULL, NULL, NULL, 5, NULL, 1, NULL, NULL, 0),
(1263, 0, 74, 82, 3, 'LG L1510M', '801', '306WA19061', NULL, 23, NULL, NULL, NULL, NULL, 5, NULL, 1, NULL, NULL, 0),
(1264, 0, 74, 82, 21, 'HP 1005', '260', 'CNEY728K81', NULL, 11, NULL, NULL, NULL, NULL, 5, NULL, 1, NULL, NULL, 0),
(1265, 0, 74, 232, 22, 'HP LJ 1020', '1842', 'CNC2D06841', NULL, 11, NULL, NULL, NULL, NULL, 5, NULL, 1, NULL, NULL, 0),
(1266, 0, 74, 83, 3, 'LG W1943SS', '2291', '009UXSK5L502', NULL, 23, NULL, NULL, NULL, NULL, 5, NULL, 1, NULL, NULL, 0),
(1267, 0, 74, 197, 3, 'ViewSonic VA703b', '00536', 'QAG080700834', NULL, 26, NULL, NULL, NULL, NULL, 5, NULL, 1, NULL, NULL, 0),
(1268, 0, 74, 197, 1, 'APC Back-up ES 525', '?', '?', NULL, 25, NULL, NULL, NULL, NULL, 5, NULL, 1, NULL, NULL, 0),
(1269, 0, 74, 120, 3, 'ViewSonic VA703m', '0517', 'Q86073588802', NULL, 26, NULL, NULL, NULL, NULL, 5, NULL, 1, NULL, NULL, 0),
(1270, 0, 74, 202, 21, 'CANON MF4320d', '00819', 'EMT08762', NULL, 22, NULL, NULL, NULL, NULL, 5, NULL, 1, NULL, NULL, 0),
(1271, 0, 74, 196, 21, 'HP LJ M1522nf', '01614', 'VNHT9DZGR0', NULL, 11, NULL, NULL, NULL, NULL, 5, NULL, 1, NULL, NULL, 0),
(1272, 0, 74, 134, 3, 'LG Flatron L1742S', '00634', '808NDLS92864', NULL, 23, NULL, NULL, NULL, NULL, 5, NULL, 1, NULL, NULL, 0),
(1273, 0, 74, 134, 22, 'Canon LBP2900', '00556', 'L11121E', NULL, 22, NULL, NULL, NULL, NULL, 5, NULL, 1, NULL, NULL, 0),
(1274, 0, 74, 231, 3, 'LG Flatron L1510M', '799', '306WA202718', NULL, 23, NULL, NULL, NULL, NULL, 5, NULL, 1, NULL, NULL, 0),
(1275, 0, 74, 106, 3, 'LG', '00666', '806NDPH8C000', NULL, 23, NULL, NULL, NULL, NULL, 5, NULL, 1, NULL, NULL, 0),
(1276, 0, 74, 201, 3, 'LG L1942S', '01655', '910NDDMGN666', NULL, 23, NULL, NULL, NULL, NULL, 5, NULL, 1, NULL, NULL, 0),
(1277, 0, 74, 144, 3, 'Samsung 550b (ЭЛТ)', '963', 'DP15HJBR101528E', NULL, 8, NULL, NULL, NULL, NULL, 5, NULL, 1, NULL, NULL, 0),
(1278, 0, 74, 144, 22, 'HP K7103', '?', 'MY84B210Y8', NULL, 11, NULL, NULL, NULL, NULL, 5, NULL, 1, NULL, NULL, 0),
(1279, 0, 74, 108, 3, 'LG L1942S', '01613', '911NDZJED965', NULL, 23, NULL, NULL, NULL, NULL, 5, NULL, 1, NULL, NULL, 0),
(1280, 0, 74, 108, 21, 'CANON MF4350d', '01617', 'EKZ09458', NULL, 22, NULL, NULL, NULL, NULL, 5, NULL, 1, NULL, NULL, 0),
(1281, 0, 74, 122, 3, 'LG L1942S', '000000181', '910NDDMGN690', NULL, 23, NULL, NULL, NULL, 0.00, 5, '', 1, NULL, NULL, 0),
(1282, 0, 74, 100, 21, 'HP M1522nf', '01615', 'VNHTB14GTV', NULL, 11, NULL, NULL, NULL, NULL, 5, NULL, 1, NULL, NULL, 0),
(1283, 0, 74, 194, 20, 'AMD Athlon(tm) II Neo K125 Processor 1700/''-''/RAM 2048Мб/HDD 233Гб/ATI Mobility Radeon HD 4225 336', '02327', 'BNHJSM1', NULL, 14, NULL, NULL, NULL, 0.00, 5, 'DELL INSPIRON M301Z', 1, NULL, NULL, 0),
(1284, 1283, 74, 194, 16, 'Dell Inc. -', NULL, NULL, NULL, 14, NULL, NULL, NULL, NULL, 5, NULL, 0, NULL, NULL, 0),
(1285, 1283, 74, 194, 18, 'AMD Athlon(tm) II Neo K125 Processor 1700', NULL, NULL, NULL, NULL, NULL, NULL, NULL, NULL, 5, NULL, 0, NULL, NULL, 0),
(1286, 1283, 74, 194, 17, ' DDR3-? 1024Мб ', NULL, NULL, NULL, NULL, NULL, NULL, NULL, NULL, 5, NULL, 0, NULL, NULL, 0),
(1287, 1283, 74, 194, 17, ' DDR3-? 1024Мб ', NULL, NULL, NULL, NULL, NULL, NULL, NULL, NULL, 5, NULL, 0, NULL, NULL, 0),
(1288, 1283, 74, 194, 11, 'ST9250315AS ATA Device 233Гб ', NULL, NULL, NULL, NULL, NULL, NULL, NULL, NULL, 5, NULL, 0, NULL, NULL, 0),
(1289, 1283, 74, 194, 9, '-', NULL, NULL, NULL, NULL, NULL, NULL, NULL, NULL, 5, NULL, 0, NULL, NULL, 0),
(1290, 1283, 74, 194, 13, 'ATI Mobility Radeon HD 4225 336Мб ', NULL, NULL, NULL, NULL, NULL, NULL, NULL, NULL, 5, NULL, 0, NULL, NULL, 0),
(1291, 1283, 74, 194, 19, 'Realtek PCIe FE Family Controller', NULL, NULL, NULL, NULL, NULL, NULL, NULL, NULL, 5, 'MAC: 84:2B:2B:80:4D:80', 0, NULL, NULL, 0),
(1292, 1283, 74, 194, 19, 'Плата DW1501 Wireless-N WLAN Half-Mini Card', NULL, NULL, NULL, NULL, NULL, NULL, NULL, NULL, 5, 'MAC: 5C:AC:4C:7F:22:79', 0, NULL, NULL, 0),
(1293, 1283, 74, 194, 19, 'Broadcom Virtual Wireless Adapter', NULL, NULL, NULL, NULL, NULL, NULL, NULL, NULL, 5, 'MAC: 5C:AC:4C:7F:22:79', 0, NULL, NULL, 0),
(1294, 1283, 74, 194, 19, 'Microsoft Virtual WiFi Miniport Adapter', NULL, NULL, NULL, NULL, NULL, NULL, NULL, NULL, 5, 'MAC: 5C:AC:4C:7F:22:79', 0, NULL, NULL, 0),
(1295, 1283, 74, 194, 14, 'ATI High Definition Audio Device', NULL, NULL, NULL, NULL, NULL, NULL, NULL, NULL, 5, NULL, 0, NULL, NULL, 0),
(1296, 1283, 74, 194, 14, 'Устройство с поддержкой High Definition Audio', NULL, NULL, NULL, NULL, NULL, NULL, NULL, NULL, 5, NULL, 0, NULL, NULL, 0),
(1297, 0, 95, 209, 20, 'Pentium Dual-Core T4500 2.30GHz 1587/''NITU1''/RAM 2048Мб/HDD 298Гб/Mobile Intel 4 Series Express Chipset Family', NULL, NULL, NULL, 13, NULL, NULL, NULL, 0.00, 5, 'LENOVO G550', 1, NULL, NULL, 0),
(1298, 1297, 95, 209, 16, 'LENOVO NITU1', NULL, NULL, NULL, 13, NULL, NULL, NULL, NULL, 5, NULL, 0, NULL, NULL, 0),
(1299, 1297, 95, 209, 18, 'Pentium(R) Dual-Core CPU T4500 @ 2.30GHz 1587', NULL, NULL, NULL, NULL, NULL, NULL, NULL, NULL, 5, NULL, 0, NULL, NULL, 0),
(1300, 1297, 95, 209, 17, ' DDR3-? 1024Мб ', NULL, NULL, NULL, NULL, NULL, NULL, NULL, NULL, 5, NULL, 0, NULL, NULL, 0),
(1301, 1297, 95, 209, 17, ' DDR3-? 1024Мб ', NULL, NULL, NULL, NULL, NULL, NULL, NULL, NULL, 5, NULL, 0, NULL, NULL, 0),
(1302, 1297, 95, 209, 11, 'ST9320325AS 298Гб ', NULL, NULL, NULL, NULL, NULL, NULL, NULL, NULL, 5, NULL, 0, NULL, NULL, 0),
(1303, 1297, 95, 209, 9, 'TSSTcorp CDDVDW TS-L633B', NULL, NULL, NULL, NULL, NULL, NULL, NULL, NULL, 5, NULL, 0, NULL, NULL, 0),
(1304, 1297, 95, 209, 13, 'Mobile Intel(R) 4 Series Express Chipset Family 780Мб ', NULL, NULL, NULL, NULL, NULL, NULL, NULL, NULL, 5, NULL, 0, NULL, NULL, 0),
(1305, 1297, 95, 209, 13, 'Mobile Intel(R) 4 Series Express Chipset Family 780Мб ', NULL, NULL, NULL, NULL, NULL, NULL, NULL, NULL, 5, NULL, 0, NULL, NULL, 0),
(1306, 1297, 95, 209, 19, 'Сетевая карта Realtek RTL8102E/RTL8103E Family PCI-E Fast Ethernet NIC (NDIS 6.20)', NULL, NULL, NULL, NULL, NULL, NULL, NULL, NULL, 5, 'MAC: 1C:75:08:51:67:41', 0, NULL, NULL, 0),
(1307, 1297, 95, 209, 19, 'Сетевой адаптер Broadcom 802,11g', NULL, NULL, NULL, NULL, NULL, NULL, NULL, NULL, 5, 'MAC: AC:81:12:05:D3:81', 0, NULL, NULL, 0),
(1308, 1297, 95, 209, 14, 'Conexant SmartAudio HD', NULL, NULL, NULL, NULL, NULL, NULL, NULL, NULL, 5, NULL, 0, NULL, NULL, 0),
(1309, 0, 95, 230, 5, 'Pentium(R) Dual-Core CPU E5700 @ 3.00GHz 2991/''G41M-VS3.''/RAM 2048Мб/HDD 298Гб/Intel(R) G41 Express Chipset 767', NULL, NULL, NULL, NULL, NULL, NULL, NULL, 0.00, 5, 'TORGDOM7', 1, NULL, NULL, 0),
(1310, 1309, 95, 230, 16, 'ASRock G41M-VS3.', NULL, NULL, NULL, 10, NULL, NULL, NULL, NULL, 5, NULL, 0, NULL, NULL, 0),
(1311, 1309, 95, 230, 18, 'Pentium(R) Dual-Core CPU E5700 @ 3.00GHz 2991', NULL, NULL, NULL, NULL, NULL, NULL, NULL, NULL, 5, NULL, 0, NULL, NULL, 0),
(1312, 1309, 95, 230, 17, ' SDRAM 2048Мб ', NULL, NULL, NULL, NULL, NULL, NULL, NULL, NULL, 5, NULL, 0, NULL, NULL, 0),
(1313, 1309, 95, 230, 11, 'SAMSUNG HD322GJ ATA Device 298Гб ', NULL, NULL, NULL, NULL, NULL, NULL, NULL, NULL, 5, NULL, 0, NULL, NULL, 0),
(1314, 1309, 95, 230, 9, 'TSSTcorp CDDVDW SH-222AB ATA Device', NULL, NULL, NULL, NULL, NULL, NULL, NULL, NULL, 5, NULL, 0, NULL, NULL, 0),
(1315, 1309, 95, 230, 13, 'Intel(R) G41 Express Chipset 767Мб ', NULL, NULL, NULL, NULL, NULL, NULL, NULL, NULL, 5, NULL, 0, NULL, NULL, 0),
(1316, 1309, 95, 230, 19, 'Atheros AR8152 PCI-E Fast Ethernet Controller (NDIS 6.20)', NULL, NULL, NULL, NULL, NULL, NULL, NULL, NULL, 5, 'MAC: 00:25:22:AE:F6:6D', 0, NULL, NULL, 0),
(1317, 1309, 95, 230, 14, 'VIA High Definition Audio', NULL, NULL, NULL, NULL, NULL, NULL, NULL, NULL, 5, NULL, 0, NULL, NULL, 0),
(1318, 0, 95, 165, 3, 'LG Flatron W2243S', '7', '010UXAY0E360', NULL, 23, NULL, NULL, NULL, NULL, 5, NULL, 1, NULL, NULL, 0),
(1319, 0, 95, 166, 3, 'LG Flatron W2243S', '2', '010UXJX0E364', NULL, 23, NULL, NULL, NULL, NULL, 5, NULL, 1, NULL, NULL, 0),
(1320, 0, 95, 166, 21, 'Canon MF 4690PL', '10', 'WBB15039', NULL, 22, NULL, NULL, NULL, NULL, 5, NULL, 1, NULL, NULL, 0),
(1321, 0, 95, 166, 22, 'HP LJ P1102', '9', 'VNC5X64502', NULL, 11, NULL, NULL, NULL, NULL, 5, NULL, 1, NULL, NULL, 0),
(1322, 0, 95, 213, 22, 'HP LJ 1018', '610', 'CNC1L36805', NULL, 11, NULL, NULL, NULL, NULL, 5, NULL, 1, NULL, NULL, 0),
(1323, 0, 95, 173, 3, '-', '182', 'HA19HS2P300634W', NULL, 18, NULL, NULL, NULL, NULL, 5, NULL, 1, NULL, NULL, 0),
(1324, 0, 95, 173, 21, 'Canon MF 4660PL', '502', 'EBB07683', NULL, 22, NULL, NULL, NULL, NULL, 5, NULL, 1, NULL, NULL, 0),
(1325, 0, 95, 173, 1, 'APC back-ups CS500', '611', '8B0716R10584', NULL, 25, NULL, NULL, NULL, NULL, 5, NULL, 1, NULL, NULL, 0),
(1326, 0, 95, 161, 3, 'LG W2043SE', '503', '101NQU3Y324', NULL, 23, NULL, NULL, NULL, NULL, 5, NULL, 1, NULL, NULL, 0),
(1327, 0, 95, 161, 1, 'APC back-ups ES525', '613', 'NB0704000894', NULL, 25, NULL, NULL, NULL, NULL, 5, NULL, 1, NULL, NULL, 0),
(1328, 0, 95, 161, 22, 'HP LJ 1200', '292', 'CNCKJ14954', NULL, 11, NULL, NULL, NULL, NULL, 5, NULL, 1, NULL, NULL, 0),
(1329, 0, 95, 179, 3, 'Samsung 720N', '184', 'MJ17H9FM560430H', NULL, 8, NULL, NULL, NULL, NULL, 5, NULL, 1, NULL, NULL, 0),
(1330, 0, 95, 179, 22, 'HP LJ 1100', '00415', 'FRHR403722', NULL, 11, NULL, NULL, NULL, NULL, 5, NULL, 1, NULL, NULL, 0),
(1331, 0, 95, 179, 1, 'APC Back-UPS CS 500', '?', '8B0641R10334', NULL, 25, NULL, NULL, NULL, NULL, 5, NULL, 1, NULL, NULL, 0),
(1332, 0, 74, 232, 20, 'Intel(R) Core(TM)2 Duo CPU T5870 @ 2.00GHz 2001/''3074''/RAM 4096Мб/HDD 466Гб/ATI Mobility Radeon HD 4300 Series 512', '01207', 'CNU9491TXB', NULL, 11, NULL, NULL, NULL, 0.00, 5, 'HP Pro Book 4510S', 1, NULL, NULL, 0),
(1333, 1332, 74, 232, 16, 'Hewlett-Packard 3074', NULL, NULL, NULL, 11, NULL, NULL, NULL, NULL, 5, NULL, 0, NULL, NULL, 0),
(1334, 1332, 74, 232, 18, 'Intel(R) Core(TM)2 Duo CPU T5870 @ 2.00GHz 2001', NULL, NULL, NULL, NULL, NULL, NULL, NULL, NULL, 5, NULL, 0, NULL, NULL, 0),
(1335, 1332, 74, 232, 17, ' DDR-2 2048Мб ', NULL, NULL, NULL, NULL, NULL, NULL, NULL, NULL, 5, NULL, 0, NULL, NULL, 0),
(1336, 1332, 74, 232, 17, ' DDR-2 2048Мб ', NULL, NULL, NULL, NULL, NULL, NULL, NULL, NULL, 5, NULL, 0, NULL, NULL, 0),
(1337, 1332, 74, 232, 11, 'ST9500420AS ATA Device 466Гб ', NULL, NULL, NULL, NULL, NULL, NULL, NULL, NULL, 5, NULL, 0, NULL, NULL, 0),
(1338, 1332, 74, 232, 9, 'hp CDDVDW TS-L633N ATA Device', NULL, NULL, NULL, NULL, NULL, NULL, NULL, NULL, 5, NULL, 0, NULL, NULL, 0),
(1339, 1332, 74, 232, 13, 'ATI Mobility Radeon HD 4300 Series 512Мб ', NULL, NULL, NULL, NULL, NULL, NULL, NULL, NULL, 5, NULL, 0, NULL, NULL, 0),
(1340, 1332, 74, 232, 19, 'Marvell Yukon 88E8072 PCI-E Gigabit Ethernet Controller', NULL, NULL, NULL, NULL, NULL, NULL, NULL, NULL, 5, 'MAC: 18:A9:05:D4:4B:52', 0, NULL, NULL, 0),
(1341, 1332, 74, 232, 19, 'Broadcom 802.11g Network Adapter', NULL, NULL, NULL, NULL, NULL, NULL, NULL, NULL, 5, 'MAC: 90:4C:E5:96:28:20', 0, NULL, NULL, 0),
(1342, 1332, 74, 232, 19, 'Устройства Bluetooth (личной сети)', NULL, NULL, NULL, NULL, NULL, NULL, NULL, NULL, 5, 'MAC: 00:27:13:49:13:93', 0, NULL, NULL, 0),
(1343, 1332, 74, 232, 19, 'Microsoft Virtual WiFi Miniport Adapter', NULL, NULL, NULL, NULL, NULL, NULL, NULL, NULL, 5, 'MAC: 90:4C:E5:96:28:20', 0, NULL, NULL, 0),
(1344, 1332, 74, 232, 14, 'Устройство с поддержкой High Definition Audio', NULL, NULL, NULL, NULL, NULL, NULL, NULL, NULL, 5, NULL, 0, NULL, NULL, 0),
(1345, 1332, 74, 232, 14, 'SoundMAX Integrated Digital HD Audio', NULL, NULL, NULL, NULL, NULL, NULL, NULL, NULL, 5, NULL, 0, NULL, NULL, 0),
(1346, 0, 95, 178, 3, 'Samsung SM 152b', '181', 'MO15HJFW401937Y', NULL, 8, NULL, NULL, NULL, NULL, 5, NULL, 1, NULL, NULL, 0),
(1347, 0, 95, 178, 1, 'APC back-ups CS500', '612', '8b0716r11197', NULL, 25, NULL, NULL, NULL, NULL, 5, NULL, 1, NULL, NULL, 0),
(1348, 0, 95, 160, 3, 'LG L1942S', '401', '911NDNU2V063', NULL, 23, NULL, NULL, NULL, NULL, 5, NULL, 1, NULL, NULL, 0),
(1349, 0, 95, 160, 1, 'APC back-ups CS500', '402', '4b0939292203', NULL, 25, NULL, NULL, NULL, NULL, 5, NULL, 1, NULL, NULL, 0),
(1350, 0, 74, 141, 5, 'Intel(R) Pentium(R) 4 CPU 3.00GHz 2991/''775i945GZ''/RAM 1024Мб/HDD 233Гб/Intel(R) 82945G Express Chipset Family 224', NULL, NULL, NULL, NULL, NULL, NULL, NULL, NULL, 5, NULL, 1, NULL, NULL, 0),
(1351, 1350, 74, 141, 16, '- 775i945GZ', NULL, NULL, NULL, 18, NULL, NULL, NULL, NULL, 5, NULL, 0, NULL, NULL, 0),
(1352, 1350, 74, 141, 18, 'Intel(R) Pentium(R) 4 CPU 3.00GHz 2991', NULL, NULL, NULL, NULL, NULL, NULL, NULL, NULL, 5, NULL, 0, NULL, NULL, 0),
(1353, 1350, 74, 141, 17, ' SDRAM 512Мб ', NULL, NULL, NULL, NULL, NULL, NULL, NULL, NULL, 5, NULL, 0, NULL, NULL, 0),
(1354, 1350, 74, 141, 17, ' SDRAM 512Мб ', NULL, NULL, NULL, NULL, NULL, NULL, NULL, NULL, 5, NULL, 0, NULL, NULL, 0),
(1355, 1350, 74, 141, 11, 'SAMSUNG HD253GJ 233Гб ', NULL, NULL, NULL, NULL, NULL, NULL, NULL, NULL, 5, NULL, 0, NULL, NULL, 0),
(1356, 1350, 74, 141, 9, 'HL-DT-ST DVDRAM GSA-4163B', NULL, NULL, NULL, NULL, NULL, NULL, NULL, NULL, 5, NULL, 0, NULL, NULL, 0),
(1357, 1350, 74, 141, 13, 'Intel(R) 82945G Express Chipset Family 224Мб ', NULL, NULL, NULL, NULL, NULL, NULL, NULL, NULL, 5, NULL, 0, NULL, NULL, 0),
(1358, 1350, 74, 141, 19, 'Realtek RTL8139 Family PCI Fast Ethernet NIC', NULL, NULL, NULL, NULL, NULL, NULL, NULL, NULL, 5, 'MAC: 00:13:8F:E4:E2:86', 0, NULL, NULL, 0),
(1359, 1350, 74, 141, 14, 'Realtek High Definition Audio', NULL, NULL, NULL, NULL, NULL, NULL, NULL, NULL, 5, NULL, 0, NULL, NULL, 0),
(1360, 0, 74, 143, 5, 'Intel(R) Celeron(R) CPU 2.66GHz 2663/''775i65GV''/RAM -Мб/HDD 37Гб/Intel(R) 82865G Graphics Controller 96', '963', NULL, NULL, NULL, NULL, NULL, NULL, 0.00, 5, 'имеет один номер с монитором', 1, NULL, NULL, 0),
(1361, 1360, 74, 143, 16, '- 775i65GV', NULL, NULL, NULL, 18, NULL, NULL, NULL, NULL, 5, NULL, 0, NULL, NULL, 0),
(1362, 1360, 74, 143, 18, 'Intel(R) Celeron(R) CPU 2.66GHz 2663', NULL, NULL, NULL, NULL, NULL, NULL, NULL, NULL, 5, NULL, 0, NULL, NULL, 0),
(1363, 1360, 74, 143, 17, '- -Мб ', NULL, NULL, NULL, NULL, NULL, NULL, NULL, NULL, 5, NULL, 0, NULL, NULL, 0),
(1364, 1360, 74, 143, 11, 'SAMSUNG HD040GJ 37Гб ', NULL, NULL, NULL, NULL, NULL, NULL, NULL, NULL, 5, NULL, 0, NULL, NULL, 0),
(1365, 1360, 74, 143, 9, 'HL-DT-ST DVDRAM GSA-H10A', NULL, NULL, NULL, NULL, NULL, NULL, NULL, NULL, 5, NULL, 0, NULL, NULL, 0),
(1366, 1360, 74, 143, 13, 'Intel(R) 82865G Graphics Controller 96Мб ', NULL, NULL, NULL, NULL, NULL, NULL, NULL, NULL, 5, NULL, 0, NULL, NULL, 0),
(1367, 1360, 74, 143, 19, 'Realtek RTL8139/810x Family Fast Ethernet NIC', NULL, NULL, NULL, NULL, NULL, NULL, NULL, NULL, 5, 'MAC: 00:13:8F:67:3A:4C', 0, NULL, NULL, 0),
(1368, 1360, 74, 143, 14, 'C-Media AC97 Audio Device', NULL, NULL, NULL, NULL, NULL, NULL, NULL, NULL, 5, NULL, 0, NULL, NULL, 0),
(1369, 0, 74, 122, 5, 'Pentium(R) Dual-Core CPU E5400 @ 2.70GHz 2700/''P5KPL-AM IN/ROEM/SI''/RAM 2048Мб/HDD 149Гб/Intel(R) G33/G31 Express Chipset Family 256', '001827', NULL, NULL, NULL, NULL, NULL, NULL, 0.00, 5, '', 1, NULL, NULL, 0),
(1370, 1369, 74, 122, 16, 'ASUSTeK Computer INC. P5KPL-AM IN/ROEM/SI', NULL, NULL, NULL, 9, NULL, NULL, NULL, NULL, 5, NULL, 0, NULL, NULL, 0),
(1371, 1369, 74, 122, 18, 'Pentium(R) Dual-Core CPU E5400 @ 2.70GHz 2700', NULL, NULL, NULL, NULL, NULL, NULL, NULL, NULL, 5, NULL, 0, NULL, NULL, 0),
(1372, 1369, 74, 122, 17, ' DDR-2 1024Мб ', NULL, NULL, NULL, NULL, NULL, NULL, NULL, NULL, 5, NULL, 0, NULL, NULL, 0),
(1373, 1369, 74, 122, 17, ' DDR-2 1024Мб ', NULL, NULL, NULL, NULL, NULL, NULL, NULL, NULL, 5, NULL, 0, NULL, NULL, 0),
(1374, 1369, 74, 122, 11, 'Hitachi HDT721016SLA380 ATA Device 149Гб ', NULL, NULL, NULL, NULL, NULL, NULL, NULL, NULL, 5, NULL, 0, NULL, NULL, 0),
(1375, 1369, 74, 122, 9, '-', NULL, NULL, NULL, NULL, NULL, NULL, NULL, NULL, 5, NULL, 0, NULL, NULL, 0),
(1376, 1369, 74, 122, 13, 'Intel(R) G33/G31 Express Chipset Family 256Мб ', NULL, NULL, NULL, NULL, NULL, NULL, NULL, NULL, 5, NULL, 0, NULL, NULL, 0),
(1377, 1369, 74, 122, 19, 'Сетевая карта Realtek RTL8102E/RTL8103E Family PCI-E Fast Ethernet NIC (NDIS 6.20)', NULL, NULL, NULL, NULL, NULL, NULL, NULL, NULL, 5, 'MAC: E0:CB:4E:C1:04:09', 0, NULL, NULL, 0),
(1378, 1369, 74, 122, 14, 'Аудио устройства USB', NULL, NULL, NULL, NULL, NULL, NULL, NULL, NULL, 5, NULL, 0, NULL, NULL, 0),
(1379, 1369, 74, 122, 14, 'Устройство с поддержкой High Definition Audio', NULL, NULL, NULL, NULL, NULL, NULL, NULL, NULL, 5, NULL, 0, NULL, NULL, 0),
(1380, 0, 74, 194, 20, 'AMD Athlon(tm) II Neo K125 Processor 1700/''-''/RAM 2048Мб/HDD 233Гб/ATI Mobility Radeon HD 4225 336', '02328', 'BNVKSM1', NULL, 14, NULL, NULL, NULL, 0.00, 5, 'DELL INSPIRON M301Z', 1, NULL, NULL, 0),
(1381, 1380, 74, 194, 16, 'Dell Inc. -', NULL, NULL, NULL, 14, NULL, NULL, NULL, NULL, 5, NULL, 0, NULL, NULL, 0),
(1382, 1380, 74, 194, 18, 'AMD Athlon(tm) II Neo K125 Processor 1700', NULL, NULL, NULL, NULL, NULL, NULL, NULL, NULL, 5, NULL, 0, NULL, NULL, 0),
(1383, 1380, 74, 194, 17, ' DDR3-? 1024Мб ', NULL, NULL, NULL, NULL, NULL, NULL, NULL, NULL, 5, NULL, 0, NULL, NULL, 0),
(1384, 1380, 74, 194, 17, ' DDR3-? 1024Мб ', NULL, NULL, NULL, NULL, NULL, NULL, NULL, NULL, 5, NULL, 0, NULL, NULL, 0),
(1385, 1380, 74, 194, 11, 'ST9250315AS ATA Device 233Гб ', NULL, NULL, NULL, NULL, NULL, NULL, NULL, NULL, 5, NULL, 0, NULL, NULL, 0),
(1386, 1380, 74, 194, 9, '-', NULL, NULL, NULL, NULL, NULL, NULL, NULL, NULL, 5, NULL, 0, NULL, NULL, 0),
(1387, 1380, 74, 194, 13, 'ATI Mobility Radeon HD 4225 336Мб ', NULL, NULL, NULL, NULL, NULL, NULL, NULL, NULL, 5, NULL, 0, NULL, NULL, 0),
(1388, 1380, 74, 194, 19, 'Realtek PCIe FE Family Controller', NULL, NULL, NULL, NULL, NULL, NULL, NULL, NULL, 5, 'MAC: 84:2B:2B:80:4E:1C', 0, NULL, NULL, 0),
(1389, 1380, 74, 194, 19, 'Плата DW1501 Wireless-N WLAN Half-Mini Card', NULL, NULL, NULL, NULL, NULL, NULL, NULL, NULL, 5, 'MAC: 5C:AC:4C:7F:0B:7D', 0, NULL, NULL, 0),
(1390, 1380, 74, 194, 19, 'Broadcom Virtual Wireless Adapter', NULL, NULL, NULL, NULL, NULL, NULL, NULL, NULL, 5, 'MAC: 5C:AC:4C:7F:0B:7D', 0, NULL, NULL, 0),
(1391, 1380, 74, 194, 14, 'ATI High Definition Audio Device', NULL, NULL, NULL, NULL, NULL, NULL, NULL, NULL, 5, NULL, 0, NULL, NULL, 0),
(1392, 1380, 74, 194, 14, 'IDT High Definition Audio CODEC', NULL, NULL, NULL, NULL, NULL, NULL, NULL, NULL, 5, NULL, 0, NULL, NULL, 0),
(1393, 0, 74, 214, 20, 'Intel(R) Core(TM) i3-2310M CPU @ 2.10GHz 2100/''167C''/RAM 4096Мб/HDD 596Гб/Radeon HD 6490M 1024', '000000158', 'CNU1232J8Z', 1, 11, NULL, '2011-11-28', NULL, 6501.00, 1, 'HP Pro Book 4530S', 1, NULL, NULL, 0),
(1394, 1393, 74, 214, 16, 'Hewlett-Packard 167C', NULL, NULL, NULL, 11, NULL, NULL, NULL, NULL, 5, NULL, 0, NULL, NULL, 0),
(1395, 1393, 74, 214, 18, 'Intel(R) Core(TM) i3-2310M CPU @ 2.10GHz 2100', NULL, NULL, NULL, NULL, NULL, NULL, NULL, NULL, 5, NULL, 0, NULL, NULL, 0),
(1396, 1393, 74, 214, 17, ' DDR3-? 4096Мб ', NULL, NULL, NULL, NULL, NULL, NULL, NULL, NULL, 5, NULL, 0, NULL, NULL, 0),
(1397, 1393, 74, 214, 11, 'WDC WD6400BPVT-60HXZT1 ATA Device 596Гб ', NULL, NULL, NULL, NULL, NULL, NULL, NULL, NULL, 5, NULL, 0, NULL, NULL, 0),
(1398, 1393, 74, 214, 9, 'hp DVD RW AD-7711H ATA Device', NULL, NULL, NULL, NULL, NULL, NULL, NULL, NULL, 5, NULL, 0, NULL, NULL, 0),
(1399, 1393, 74, 214, 13, 'Radeon HD 6490M 1024Мб ', NULL, NULL, NULL, NULL, NULL, NULL, NULL, NULL, 5, NULL, 0, NULL, NULL, 0),
(1400, 1393, 74, 214, 13, 'Mobile Intel(R) HD Graphics 1155Мб ', NULL, NULL, NULL, NULL, NULL, NULL, NULL, NULL, 5, NULL, 0, NULL, NULL, 0),
(1401, 1393, 74, 214, 19, 'Realtek PCIe GBE Family Controller', NULL, NULL, NULL, NULL, NULL, NULL, NULL, NULL, 5, 'MAC: 64:31:50:9F:C0:1B', 0, NULL, NULL, 0),
(1402, 1393, 74, 214, 19, 'Устройства Bluetooth (личной сети) #2', NULL, NULL, NULL, NULL, NULL, NULL, NULL, NULL, 5, 'MAC: 68:A3:C4:B6:FB:DE', 0, NULL, NULL, 0),
(1403, 1393, 74, 214, 19, 'Atheros AR9285 802.11b/g/n WiFi Adapter', NULL, NULL, NULL, NULL, NULL, NULL, NULL, NULL, 5, 'MAC: 68:A3:C4:B6:B1:7E', 0, NULL, NULL, 0),
(1404, 1393, 74, 214, 14, 'IDT High Definition Audio CODEC', NULL, NULL, NULL, NULL, NULL, NULL, NULL, NULL, 5, NULL, 0, NULL, NULL, 0),
(1405, 1393, 74, 214, 14, 'Аудио Intel(R) для дисплеев', NULL, NULL, NULL, NULL, NULL, NULL, NULL, NULL, 5, NULL, 0, NULL, NULL, 0),
(1406, 0, 74, 88, 5, 'Intel(R) Celeron(R) CPU 2.00GHz 2017/''P4GE-VM''/RAM 512Мб/HDD 19Гб/Intel(R) 82845G Graphics Controller 64', '11', NULL, NULL, NULL, NULL, NULL, NULL, 0.00, 5, '', 1, NULL, NULL, 0),
(1407, 1406, 74, 88, 16, 'ASUSTeK Computer INC. P4GE-VM', NULL, NULL, NULL, 9, NULL, NULL, NULL, NULL, 5, NULL, 0, NULL, NULL, 0),
(1408, 1406, 74, 88, 18, 'Intel(R) Celeron(R) CPU 2.00GHz 2017', NULL, NULL, NULL, NULL, NULL, NULL, NULL, NULL, 5, NULL, 0, NULL, NULL, 0),
(1409, 1406, 74, 88, 17, ' DRAM 512Мб ', NULL, NULL, NULL, NULL, NULL, NULL, NULL, NULL, 5, NULL, 0, NULL, NULL, 0),
(1410, 1406, 74, 88, 11, 'SAMSUNG SV0221N 19Гб ', NULL, NULL, NULL, NULL, NULL, NULL, NULL, NULL, 5, NULL, 0, NULL, NULL, 0),
(1411, 1406, 74, 88, 9, 'SAMSUNG CD-ROM SC-148S', NULL, NULL, NULL, NULL, NULL, NULL, NULL, NULL, 5, NULL, 0, NULL, NULL, 0),
(1412, 1406, 74, 88, 13, 'Intel(R) 82845G Graphics Controller 64Мб ', NULL, NULL, NULL, NULL, NULL, NULL, NULL, NULL, 5, NULL, 0, NULL, NULL, 0),
(1413, 1406, 74, 88, 19, 'Intel(R) PRO/100 VE Network Connection', NULL, NULL, NULL, NULL, NULL, NULL, NULL, NULL, 5, 'MAC: 00:0C:6E:65:F5:FB', 0, NULL, NULL, 0),
(1414, 1406, 74, 88, 14, 'Realtek AC''97 Audio', NULL, NULL, NULL, NULL, NULL, NULL, NULL, NULL, 5, NULL, 0, NULL, NULL, 0),
(1415, 0, 74, 90, 5, 'Intel(R) Celeron(R) CPU 2.26GHz 2397/''P4SP-MX''/RAM 1024Мб/HDD 298Гб/SiS 651 32', '964', NULL, NULL, NULL, NULL, NULL, NULL, 0.00, 5, 'имеет один номер с монитором', 1, NULL, NULL, 0),
(1416, 1415, 74, 90, 16, 'ASUSTeK Computer INC. P4SP-MX', NULL, NULL, NULL, 9, NULL, NULL, NULL, NULL, 5, NULL, 0, NULL, NULL, 0),
(1417, 1415, 74, 90, 18, 'Intel(R) Celeron(R) CPU 2.26GHz 2397', NULL, NULL, NULL, NULL, NULL, NULL, NULL, NULL, 5, NULL, 0, NULL, NULL, 0),
(1418, 1415, 74, 90, 17, ' DRAM 1024Мб ', NULL, NULL, NULL, NULL, NULL, NULL, NULL, NULL, 5, NULL, 0, NULL, NULL, 0),
(1419, 1415, 74, 90, 11, 'WDC WD3200AAJB-00J3A0 298Гб ', NULL, NULL, NULL, NULL, NULL, NULL, NULL, NULL, 5, NULL, 0, NULL, NULL, 0),
(1420, 1415, 74, 90, 9, '-', NULL, NULL, NULL, NULL, NULL, NULL, NULL, NULL, 5, NULL, 0, NULL, NULL, 0),
(1421, 1415, 74, 90, 13, 'SiS 651 32Мб ', NULL, NULL, NULL, NULL, NULL, NULL, NULL, NULL, 5, NULL, 0, NULL, NULL, 0),
(1422, 1415, 74, 90, 19, 'SiS 900-Based PCI Fast Ethernet Adapter', NULL, NULL, NULL, NULL, NULL, NULL, NULL, NULL, 5, 'MAC: 00:11:2F:AD:F3:62', 0, NULL, NULL, 0),
(1423, 1415, 74, 90, 14, 'SoundMAX Integrated Digital Audio', NULL, NULL, NULL, NULL, NULL, NULL, NULL, NULL, 5, NULL, 0, NULL, NULL, 0),
(1424, 0, 74, 88, 3, 'Samsung 940N', '0307a', 'HA19HMEP9103515', NULL, 8, NULL, NULL, NULL, 0.00, 5, NULL, 1, NULL, NULL, 0),
(1425, 0, 74, 88, 5, 'P3 850 Mh', '00308', NULL, NULL, NULL, NULL, NULL, NULL, 0.00, 4, NULL, 1, NULL, NULL, 0),
(1441, 0, 95, 219, 5, 'Pentium(R) Dual-Core CPU E5700 @ 3.00GHz 2991/''G41M-VS3.''/RAM 2048Мб/HDD 298Гб/Intel(R) G41 Express Chipset 767', NULL, NULL, NULL, NULL, NULL, NULL, NULL, NULL, 5, NULL, 1, NULL, NULL, 0),
(1442, 1441, 95, 219, 16, 'ASRock G41M-VS3.', NULL, NULL, NULL, 10, NULL, NULL, NULL, NULL, 5, NULL, 0, NULL, NULL, 0),
(1443, 1441, 95, 219, 18, 'Pentium(R) Dual-Core CPU E5700 @ 3.00GHz 2991', NULL, NULL, NULL, NULL, NULL, NULL, NULL, NULL, 5, NULL, 0, NULL, NULL, 0),
(1444, 1441, 95, 219, 17, ' SDRAM 2048Мб ', NULL, NULL, NULL, NULL, NULL, NULL, NULL, NULL, 5, NULL, 0, NULL, NULL, 0),
(1445, 1441, 95, 219, 11, 'SAMSUNG HD322GJ ATA Device 298Гб ', NULL, NULL, NULL, NULL, NULL, NULL, NULL, NULL, 5, NULL, 0, NULL, NULL, 0),
(1446, 1441, 95, 219, 9, 'TSSTcorp CDDVDW SH-222AB ATA Device', NULL, NULL, NULL, NULL, NULL, NULL, NULL, NULL, 5, NULL, 0, NULL, NULL, 0),
(1447, 1441, 95, 219, 13, 'Intel(R) G41 Express Chipset 767Мб ', NULL, NULL, NULL, NULL, NULL, NULL, NULL, NULL, 5, NULL, 0, NULL, NULL, 0),
(1448, 1441, 95, 219, 19, 'Atheros AR8152 PCI-E Fast Ethernet Controller (NDIS 6.20)', NULL, NULL, NULL, NULL, NULL, NULL, NULL, NULL, 5, 'MAC: 00:25:22:AE:D3:6A', 0, NULL, NULL, 0),
(1449, 1441, 95, 219, 14, 'VIA High Definition Audio', NULL, NULL, NULL, NULL, NULL, NULL, NULL, NULL, 5, NULL, 0, NULL, NULL, 0),
(1450, 0, 95, 219, 3, 'ViewSonic VA1931WA - LED', NULL, 'S9Z111903357', NULL, 26, NULL, NULL, NULL, 0.00, 5, NULL, 1, NULL, NULL, 0),
(1453, 0, 74, 75, 27, 'Intel(R) Core(TM) i5 CPU U 470 @ 1.33GHz 1334/''EP121''/RAM 4096Мб/HDD 60Гб/Intel(R) HD Graphics 1527', 'УА0000393', NULL, NULL, 9, NULL, '2012-05-01', NULL, 11707.90, 5, 'ASUS EP121', 1, NULL, NULL, 0),
(1454, 1453, 74, 75, 16, 'ASUSTeK Computer Inc. EP121', NULL, NULL, NULL, 9, NULL, NULL, NULL, NULL, 5, NULL, 0, NULL, NULL, 0),
(1455, 1453, 74, 75, 18, 'Intel(R) Core(TM) i5 CPU U 470 @ 1.33GHz 1334', NULL, NULL, NULL, NULL, NULL, NULL, NULL, NULL, 5, NULL, 0, NULL, NULL, 0),
(1456, 1453, 74, 75, 17, ' DDR3-? 4096Мб ', NULL, NULL, NULL, NULL, NULL, NULL, NULL, NULL, 5, NULL, 0, NULL, NULL, 0),
(1457, 1453, 74, 75, 11, 'SanDisk SSD P4 64GB 60Гб ', NULL, NULL, NULL, NULL, NULL, NULL, NULL, NULL, 5, NULL, 0, NULL, NULL, 0),
(1458, 1453, 74, 75, 9, '-', NULL, NULL, NULL, NULL, NULL, NULL, NULL, NULL, 5, NULL, 0, NULL, NULL, 0),
(1459, 1453, 74, 75, 13, 'Intel(R) HD Graphics 1527Мб ', NULL, NULL, NULL, NULL, NULL, NULL, NULL, NULL, 5, NULL, 0, NULL, NULL, 0),
(1460, 1453, 74, 75, 19, 'Устройства Bluetooth (личной сети)', NULL, NULL, NULL, NULL, NULL, NULL, NULL, NULL, 5, 'MAC: 74:F0:6D:81:73:73', 0, NULL, NULL, 0),
(1461, 1453, 74, 75, 19, 'Atheros AR9002WB-1NG Wireless Network Adapter', NULL, NULL, NULL, NULL, NULL, NULL, NULL, NULL, 5, 'MAC: 74:F0:6D:81:64:3C', 0, NULL, NULL, 0),
(1462, 1453, 74, 75, 19, 'Microsoft Virtual WiFi Miniport Adapter', NULL, NULL, NULL, NULL, NULL, NULL, NULL, NULL, 5, 'MAC: 16:F0:6D:81:64:3C', 0, NULL, NULL, 0),
(1463, 1453, 74, 75, 14, 'Bluetooth Audio Device', NULL, NULL, NULL, NULL, NULL, NULL, NULL, NULL, 5, NULL, 0, NULL, NULL, 0),
(1464, 1453, 74, 75, 14, 'Realtek High Definition Audio', NULL, NULL, NULL, NULL, NULL, NULL, NULL, NULL, 5, NULL, 0, NULL, NULL, 0),
(1465, 1453, 74, 75, 14, 'Устройство с поддержкой High Definition Audio', NULL, NULL, NULL, NULL, NULL, NULL, NULL, NULL, 5, NULL, 0, NULL, NULL, 0),
(1466, 0, 74, 197, 5, 'Intel Core 2 Duo CPU E6750 2.66GHz 2657/''DQ35MP''/RAM 2048Мб/HDD 186Гб/Стандартный VGA', NULL, NULL, NULL, NULL, NULL, NULL, NULL, 0.00, 5, '', 1, NULL, NULL, 0),
(1467, 1466, 74, 197, 16, 'Intel Corporation DQ35MP', NULL, NULL, NULL, 21, NULL, NULL, NULL, NULL, 5, NULL, 0, NULL, NULL, 0),
(1468, 1466, 74, 197, 18, 'Intel(R) Core(TM)2 Duo CPU E6750 @ 2.66GHz 2657', NULL, NULL, NULL, NULL, NULL, NULL, NULL, NULL, 5, NULL, 0, NULL, NULL, 0),
(1469, 1466, 74, 197, 18, 'Intel(R) Core(TM)2 Duo CPU E6750 @ 2.66GHz 2657', NULL, NULL, NULL, NULL, NULL, NULL, NULL, NULL, 5, NULL, 0, NULL, NULL, 0),
(1470, 1466, 74, 197, 17, ' DDR3-? 1024Мб ', NULL, NULL, NULL, NULL, NULL, NULL, NULL, NULL, 5, NULL, 0, NULL, NULL, 0),
(1471, 1466, 74, 197, 17, ' DDR3-? 1024Мб ', NULL, NULL, NULL, NULL, NULL, NULL, NULL, NULL, 5, NULL, 0, NULL, NULL, 0),
(1472, 1466, 74, 197, 11, 'SAMSUNG HD200HJ 186Гб ', NULL, NULL, NULL, NULL, NULL, NULL, NULL, NULL, 5, NULL, 0, NULL, NULL, 0),
(1473, 1466, 74, 197, 9, 'ASUS DRW-2014S1T', NULL, NULL, NULL, NULL, NULL, NULL, NULL, NULL, 5, NULL, 0, NULL, NULL, 0),
(1474, 1466, 74, 197, 13, 'Стандартный VGA графический адаптер 8Мб ', NULL, NULL, NULL, NULL, NULL, NULL, NULL, NULL, 5, NULL, 0, NULL, NULL, 0),
(1475, 1466, 74, 197, 19, 'Realtek RTL8139 Family PCI Fast Ethernet NIC', NULL, NULL, NULL, NULL, NULL, NULL, NULL, NULL, 5, 'MAC: 00:E0:4C:36:E6:1D', 0, NULL, NULL, 0),
(1476, 1466, 74, 197, 19, 'Hamachi Network Interface', NULL, NULL, NULL, NULL, NULL, NULL, NULL, NULL, 5, 'MAC: 7A:79:05:D8:82:FF', 0, NULL, NULL, 0),
(1477, 1466, 74, 197, 14, '-', NULL, NULL, NULL, NULL, NULL, NULL, NULL, NULL, 5, NULL, 0, NULL, NULL, 0),
(1478, 581, 74, 87, 17, 'DDR2 1024', NULL, NULL, NULL, NULL, NULL, NULL, NULL, 0.00, 5, NULL, 0, NULL, NULL, 0),
(1479, 0, 74, 221, 5, 'Intel(R) Core(TM)2 Duo CPU E4500 @ 2.20GHz 2199/''P5L-MX''/RAM 1024Мб/HDD 233Гб/Intel(R) 82945G Express Chipset Family 128', 'УА0000401', NULL, NULL, NULL, NULL, '2012-05-31', NULL, 4616.66, 5, 'передан с ООО "Укрдонокситех"', 1, NULL, NULL, 0),
(1480, 1479, 74, 221, 16, 'ASUSTeK Computer INC. P5L-MX', NULL, NULL, NULL, 9, NULL, NULL, NULL, NULL, 5, NULL, 0, NULL, NULL, 0),
(1481, 1479, 74, 221, 18, 'Intel(R) Core(TM)2 Duo CPU E4500 @ 2.20GHz 2199', NULL, NULL, NULL, NULL, NULL, NULL, NULL, NULL, 5, NULL, 0, NULL, NULL, 0),
(1482, 1479, 74, 221, 17, ' DDR3-? 512Мб ', NULL, NULL, NULL, NULL, NULL, NULL, NULL, NULL, 5, NULL, 0, NULL, NULL, 0),
(1483, 1479, 74, 221, 17, ' DDR3-? 512Мб ', NULL, NULL, NULL, NULL, NULL, NULL, NULL, NULL, 5, NULL, 0, NULL, NULL, 0),
(1484, 1479, 74, 221, 11, 'SAMSUNG HD250HJ 233Гб ', NULL, NULL, NULL, NULL, NULL, NULL, NULL, NULL, 5, NULL, 0, NULL, NULL, 0),
(1485, 1479, 74, 221, 9, 'ASUS DRW-2014L1T', NULL, NULL, NULL, NULL, NULL, NULL, NULL, NULL, 5, NULL, 0, NULL, NULL, 0),
(1486, 1479, 74, 221, 9, 'BMRWX R0LY7ODQZ SCSI CdRom Device', NULL, NULL, NULL, NULL, NULL, NULL, NULL, NULL, 5, NULL, 0, NULL, NULL, 0),
(1487, 1479, 74, 221, 13, 'Intel(R) 82945G Express Chipset Family 128Мб ', NULL, NULL, NULL, NULL, NULL, NULL, NULL, NULL, 5, NULL, 0, NULL, NULL, 0),
(1488, 1479, 74, 221, 19, 'Attansic L1 Gigabit Ethernet 10/100/1000Base-T Controller', NULL, NULL, NULL, NULL, NULL, NULL, NULL, NULL, 5, 'MAC: 00:1D:60:D5:BB:E3', 0, NULL, NULL, 0),
(1489, 1479, 74, 221, 14, 'SoundMAX Integrated Digital HD Audio', NULL, NULL, NULL, NULL, NULL, NULL, NULL, NULL, 5, NULL, 0, NULL, NULL, 0),
(1490, 0, 74, 221, 3, 'Samsung SA300', 'УА0000417', 'V8CDHMBB300536K', NULL, 8, NULL, '2012-06-18', NULL, 1183.33, 5, 'Приобретен у ООО "Укрдонокситех"', 1, NULL, NULL, 0),
(1491, 0, 74, 221, 21, 'Canon MF4150', 'УА0000419', 'KVW15619', NULL, 22, NULL, '2012-06-18', NULL, 1000.00, 5, 'приобретен у "УДО"', 1, NULL, NULL, 0),
(1492, 0, 74, 221, 1, 'APC Back-UPS ES 525', 'УА0000412', '8B0730R07519', NULL, 25, NULL, '2012-05-31', NULL, 250.00, 5, 'приобретен у "УДО"', 1, NULL, NULL, 0),
(1493, 0, 74, 222, 22, 'HP LJ P2015', 'УА0000424', 'CNC9304178', NULL, 11, NULL, '2012-06-18', NULL, 666.67, 5, 'приобретен у "УДО"', 1, NULL, NULL, 0),
(1494, 0, 74, 222, 20, 'DualCore Intel Core i3 540M 2533 MHz/''A52JU''/RAM 4096Мб/HDD 320Гб/AMD Radeon HD 6370M (512 Мб)', 'УА0000402', 'B4N0BC354901166', NULL, 9, NULL, '2012-05-31', NULL, 5308.33, 5, 'Asus A52J Приобретен у ООО "Укрдонокситех"', 1, NULL, NULL, 0),
(1495, 1494, 74, 222, 16, 'ASUSTeK Computer Inc. K52JU', NULL, NULL, NULL, 9, NULL, NULL, NULL, 0.00, 5, NULL, 0, NULL, NULL, 0),
(1496, 1494, 74, 222, 18, 'Intel Core i3 CPU M 380 2.53GH', NULL, NULL, NULL, 21, NULL, NULL, NULL, 0.00, 5, NULL, 0, NULL, NULL, 0),
(1497, 1494, 74, 222, 17, 'DDR3 4096Мб', NULL, NULL, NULL, 8, NULL, NULL, NULL, 0.00, 5, NULL, 0, NULL, NULL, 0),
(1498, 1494, 74, 222, 11, 'ST9320325AS 320 Гб', NULL, NULL, NULL, NULL, NULL, NULL, NULL, 0.00, 5, NULL, 0, NULL, NULL, 0),
(1499, 1494, 74, 222, 13, 'AMD Radeon HD 6370M (512 Мб)', NULL, NULL, NULL, 1, NULL, NULL, NULL, 0.00, 5, NULL, 0, NULL, NULL, 0),
(1500, 1494, 74, 222, 19, 'Atheros AR9285 Wireless Network Adapter', NULL, NULL, NULL, NULL, NULL, NULL, NULL, 0.00, 5, NULL, 0, NULL, NULL, 0),
(1501, 1494, 74, 222, 19, 'JMicron PCI Express Gigabit Ethernet Adapter', NULL, NULL, NULL, NULL, NULL, NULL, NULL, 0.00, 5, NULL, 0, NULL, NULL, 0),
(1502, 1494, 74, 222, 14, 'ATI Radeon HDMI', NULL, NULL, NULL, NULL, NULL, NULL, NULL, 0.00, 5, NULL, 0, NULL, NULL, 0),
(1503, 0, 74, 223, 5, 'Intel(R) Core(TM) i3-2105 CPU @ 3.10GHz 1581/''P8H61-M''/RAM 2048Мб/HDD 233Гб/Intel(R) HD Graphics Family 785', 'УА0000414', NULL, NULL, NULL, NULL, '2012-06-18', NULL, 666.67, 5, 'передан с "УДО"', 1, NULL, NULL, 0),
(1504, 1503, 74, 223, 16, 'ASUSTeK Computer INC. P8H61-M', NULL, NULL, NULL, 9, NULL, NULL, NULL, NULL, 5, NULL, 0, NULL, NULL, 0),
(1505, 1503, 74, 223, 18, 'Intel(R) Core(TM) i3-2105 CPU @ 3.10GHz 1581', NULL, NULL, NULL, NULL, NULL, NULL, NULL, NULL, 5, NULL, 0, NULL, NULL, 0),
(1506, 1503, 74, 223, 17, ' DDR3-? 2048Мб ', NULL, NULL, NULL, NULL, NULL, NULL, NULL, NULL, 5, NULL, 0, NULL, NULL, 0),
(1507, 1503, 74, 223, 11, 'ST250DM000-1BD141 ATA Device 233Гб ', NULL, NULL, NULL, NULL, NULL, NULL, NULL, NULL, 5, NULL, 0, NULL, NULL, 0),
(1508, 1503, 74, 223, 9, 'Optiarc DVD RW AD-5280S ATA Device', NULL, NULL, NULL, NULL, NULL, NULL, NULL, NULL, 5, NULL, 0, NULL, NULL, 0),
(1509, 1503, 74, 223, 13, 'Intel(R) HD Graphics Family 785Мб ', NULL, NULL, NULL, NULL, NULL, NULL, NULL, NULL, 5, NULL, 0, NULL, NULL, 0),
(1510, 1503, 74, 223, 19, 'Realtek PCIe GBE Family Controller', NULL, NULL, NULL, NULL, NULL, NULL, NULL, NULL, 5, 'MAC: 54:04:A6:A1:F2:E1', 0, NULL, NULL, 0),
(1511, 1503, 74, 223, 14, 'Logitech Mic (QuickCam S5500)', NULL, NULL, NULL, NULL, NULL, NULL, NULL, NULL, 5, NULL, 0, NULL, NULL, 0),
(1512, 1503, 74, 223, 14, 'Realtek High Definition Audio', NULL, NULL, NULL, NULL, NULL, NULL, NULL, NULL, 5, NULL, 0, NULL, NULL, 0),
(1513, 1503, 74, 223, 14, 'Аудио Intel(R) для дисплеев', NULL, NULL, NULL, NULL, NULL, NULL, NULL, NULL, 5, NULL, 0, NULL, NULL, 0),
(1514, 0, 74, 223, 3, 'Samsung 940NW', 'УА0000416', 'HA19HMEPB06036H', NULL, 8, NULL, '2012-06-18', NULL, 166.67, 5, 'передан с "УДО"', 1, NULL, NULL, 0),
(1515, 0, 74, 206, 20, 'Intel Core i3-2310M CPU 2.10GHz 1785/''VAIO''/RAM 4096Мб/HDD 466Гб/AMD Radeon(TM) HD 6470M', '000000189', '275476785000653', NULL, 36, NULL, '2011-12-30', NULL, 7915.83, 5, 'Sony Vayo PCG-41218V', 1, NULL, NULL, 0),
(1516, 1515, 74, 206, 16, 'Sony Corporation VAIO', NULL, NULL, NULL, 36, NULL, NULL, NULL, NULL, 5, NULL, 0, NULL, NULL, 0),
(1517, 1515, 74, 206, 18, 'Intel(R) Core(TM) i3-2310M CPU @ 2.10GHz 1785', NULL, NULL, NULL, NULL, NULL, NULL, NULL, NULL, 5, NULL, 0, NULL, NULL, 0),
(1518, 1515, 74, 206, 17, ' DDR3-? 4096Мб ', NULL, NULL, NULL, NULL, NULL, NULL, NULL, NULL, 5, NULL, 0, NULL, NULL, 0),
(1519, 1515, 74, 206, 11, 'ST9500325AS 466Гб ', NULL, NULL, NULL, NULL, NULL, NULL, NULL, NULL, 5, NULL, 0, NULL, NULL, 0),
(1520, 1515, 74, 206, 9, 'MATSHITA DVD-RAM UJ8A2AS', NULL, NULL, NULL, NULL, NULL, NULL, NULL, NULL, 5, NULL, 0, NULL, NULL, 0),
(1521, 1515, 74, 206, 13, 'AMD Radeon(TM) HD 6470M 512Мб ', NULL, NULL, NULL, NULL, NULL, NULL, NULL, NULL, 5, NULL, 0, NULL, NULL, 0),
(1522, 1515, 74, 206, 13, 'Intel(R) HD Graphics Family 1047Мб ', NULL, NULL, NULL, NULL, NULL, NULL, NULL, NULL, 5, NULL, 0, NULL, NULL, 0),
(1523, 1515, 74, 206, 19, 'Realtek PCIe GBE Family Controller', NULL, NULL, NULL, NULL, NULL, NULL, NULL, NULL, 5, 'MAC: F0:BF:97:5E:38:DB', 0, NULL, NULL, 0),
(1524, 1515, 74, 206, 19, 'Intel(R) WiFi Link 1000 BG', NULL, NULL, NULL, NULL, NULL, NULL, NULL, NULL, 5, 'MAC: 8C:A9:82:A1:3A:2C', 0, NULL, NULL, 0),
(1525, 1515, 74, 206, 19, 'Microsoft Virtual WiFi Miniport Adapter', NULL, NULL, NULL, NULL, NULL, NULL, NULL, NULL, 5, 'MAC: 8C:A9:82:A1:3A:2D', 0, NULL, NULL, 0),
(1526, 1515, 74, 206, 19, 'Microsoft Virtual WiFi Miniport Adapter #2', NULL, NULL, NULL, NULL, NULL, NULL, NULL, NULL, 5, 'MAC: 8C:A9:82:A1:3A:2D', 0, NULL, NULL, 0),
(1527, 1515, 74, 206, 19, 'Устройства Bluetooth (личной сети)', NULL, NULL, NULL, NULL, NULL, NULL, NULL, NULL, 5, 'MAC: EC:55:F9:CA:87:E6', 0, NULL, NULL, 0),
(1528, 1515, 74, 206, 14, 'Realtek High Definition Audio', NULL, NULL, NULL, NULL, NULL, NULL, NULL, NULL, 5, NULL, 0, NULL, NULL, 0),
(1529, 1515, 74, 206, 14, 'Аудио Intel(R) для дисплеев', NULL, NULL, NULL, NULL, NULL, NULL, NULL, NULL, 5, NULL, 0, NULL, NULL, 0),
(1530, 0, 74, 225, 20, 'Intel(R) Core(TM) i5-2410M CPU @ 2.30GHz 2277/''167C''/RAM 3072Мб/HDD 466Гб/Intel(R) HD Graphics Family 1279', 'УА0000396', 'CNU12602HH', NULL, 11, NULL, NULL, NULL, 6067.40, 1, 'HP Pro Book 4530S', 1, NULL, NULL, 0),
(1531, 1530, 74, 225, 16, 'Hewlett-Packard 167C', NULL, NULL, NULL, 11, NULL, NULL, NULL, NULL, 5, NULL, 0, NULL, NULL, 0),
(1532, 1530, 74, 225, 18, 'Intel(R) Core(TM) i5-2410M CPU @ 2.30GHz 2277', NULL, NULL, NULL, NULL, NULL, NULL, NULL, NULL, 5, NULL, 0, NULL, NULL, 0),
(1533, 1530, 74, 225, 17, ' DDR3-? 1024Мб ', NULL, NULL, NULL, NULL, NULL, NULL, NULL, NULL, 5, NULL, 0, NULL, NULL, 0),
(1534, 1530, 74, 225, 17, ' DDR3-? 2048Мб ', NULL, NULL, NULL, NULL, NULL, NULL, NULL, NULL, 5, NULL, 0, NULL, NULL, 0),
(1535, 1530, 74, 225, 11, 'WDC WD5000BEKT-60KA9T0 466Гб ', NULL, NULL, NULL, NULL, NULL, NULL, NULL, NULL, 5, NULL, 0, NULL, NULL, 0),
(1536, 1530, 74, 225, 9, 'hp DVD A  DS8A5LH', NULL, NULL, NULL, NULL, NULL, NULL, NULL, NULL, 5, NULL, 0, NULL, NULL, 0),
(1537, 1530, 74, 225, 13, 'Intel(R) HD Graphics Family 1279Мб ', NULL, NULL, NULL, NULL, NULL, NULL, NULL, NULL, 5, NULL, 0, NULL, NULL, 0),
(1538, 1530, 74, 225, 19, 'Realtek PCIe GBE Family Controller', NULL, NULL, NULL, NULL, NULL, NULL, NULL, NULL, 5, 'MAC: 2C:41:38:01:8B:C6', 0, NULL, NULL, 0),
(1539, 1530, 74, 225, 19, 'Atheros AR9285 802.11b/g/n WiFi Adapter', NULL, NULL, NULL, NULL, NULL, NULL, NULL, NULL, 5, 'MAC: 68:A3:C4:EC:16:39', 0, NULL, NULL, 0),
(1540, 1530, 74, 225, 14, 'Устройство с поддержкой High Definition Audio', NULL, NULL, NULL, NULL, NULL, NULL, NULL, NULL, 5, NULL, 0, NULL, NULL, 0),
(1541, 1530, 74, 225, 14, 'Аудио Intel(R) для дисплеев', NULL, NULL, NULL, NULL, NULL, NULL, NULL, NULL, 5, NULL, 0, NULL, NULL, 0),
(1542, 0, 74, 226, 20, 'Intel(R) Core(TM) i5 CPU M 430 @ 2.27GHz 2267/''K52Jc''/RAM 4096Мб/HDD 298Гб/NVIDIA GeForce 310M;Intel(R) HD Graphics 1024;1142', '02244', 'A7N0AS23740129A', NULL, 9, NULL, NULL, NULL, 0.00, 5, 'ASUS K52Jc', 1, NULL, NULL, 0),
(1543, 1542, 74, 226, 16, 'ASUSTeK Computer Inc. K52Jc', NULL, NULL, NULL, 9, NULL, NULL, NULL, NULL, 5, NULL, 0, NULL, NULL, 0),
(1544, 1542, 74, 226, 18, 'Intel(R) Core(TM) i5 CPU M 430 @ 2.27GHz 2267', NULL, NULL, NULL, NULL, NULL, NULL, NULL, NULL, 5, NULL, 0, NULL, NULL, 0),
(1545, 1542, 74, 226, 17, ' DDR3-? 2048Мб ', NULL, NULL, NULL, NULL, NULL, NULL, NULL, NULL, 5, NULL, 0, NULL, NULL, 0),
(1546, 1542, 74, 226, 17, ' DDR3-? 2048Мб ', NULL, NULL, NULL, NULL, NULL, NULL, NULL, NULL, 5, NULL, 0, NULL, NULL, 0),
(1547, 1542, 74, 226, 11, 'Hitachi HTS545032B9A300 298Гб ', NULL, NULL, NULL, NULL, NULL, NULL, NULL, NULL, 5, NULL, 0, NULL, NULL, 0),
(1548, 1542, 74, 226, 9, 'Optiarc DVD RW AD-7580S', NULL, NULL, NULL, NULL, NULL, NULL, NULL, NULL, 5, NULL, 0, NULL, NULL, 0),
(1549, 1542, 74, 226, 13, 'NVIDIA GeForce 310M 1024Мб ', NULL, NULL, NULL, NULL, NULL, NULL, NULL, NULL, 5, NULL, 0, NULL, NULL, 0),
(1550, 1542, 74, 226, 13, 'Intel(R) HD Graphics 1142Мб ', NULL, NULL, NULL, NULL, NULL, NULL, NULL, NULL, 5, NULL, 0, NULL, NULL, 0),
(1551, 1542, 74, 226, 19, 'Atheros AR9285 Wireless Network Adapter', NULL, NULL, NULL, NULL, NULL, NULL, NULL, NULL, 5, 'MAC: 1C:4B:D6:FA:C0:67', 0, NULL, NULL, 0),
(1552, 1542, 74, 226, 19, 'Устройства Bluetooth (личной сети)', NULL, NULL, NULL, NULL, NULL, NULL, NULL, NULL, 5, 'MAC: 00:25:D3:B2:E9:F5', 0, NULL, NULL, 0),
(1553, 1542, 74, 226, 19, 'JMicron PCI Express Gigabit Ethernet Adapter', NULL, NULL, NULL, NULL, NULL, NULL, NULL, NULL, 5, 'MAC: 48:5B:39:67:15:CD', 0, NULL, NULL, 0),
(1554, 1542, 74, 226, 14, 'Conexant SmartAudio HD', NULL, NULL, NULL, NULL, NULL, NULL, NULL, NULL, 5, NULL, 0, NULL, NULL, 0),
(1555, 1542, 74, 226, 14, 'Аудио Intel(R) для дисплеев', NULL, NULL, NULL, NULL, NULL, NULL, NULL, NULL, 5, NULL, 0, NULL, NULL, 0),
(1556, 1542, 74, 226, 14, 'Аудио Bluetooth', NULL, NULL, NULL, NULL, NULL, NULL, NULL, NULL, 5, NULL, 0, NULL, NULL, 0),
(1557, 1542, 74, 226, 14, 'Bluetooth Audio Device', NULL, NULL, NULL, NULL, NULL, NULL, NULL, NULL, 5, NULL, 0, NULL, NULL, 0),
(1558, 611, 74, 104, 17, 'DDR 512Мб', NULL, NULL, NULL, NULL, NULL, NULL, NULL, 0.00, 5, '', 0, NULL, NULL, 0),
(1559, 184, 74, 194, 17, 'DDR2 1024Мб', NULL, NULL, NULL, NULL, NULL, NULL, NULL, 0.00, 5, NULL, 0, NULL, NULL, 0),
(1560, 0, 74, 227, 5, 'ASUS P5KPL-AM IN', '1914', NULL, NULL, NULL, NULL, NULL, NULL, 0.00, 7, '', 1, NULL, NULL, 0),
(1561, 1560, 74, 227, 16, 'ASUS P5KPL-AM IN', NULL, NULL, NULL, 9, NULL, NULL, NULL, 0.00, 4, NULL, 0, NULL, NULL, 0),
(1562, 0, 74, 181, 5, 'Intel Core 2 Duo E6550 2333 MHz/''GA-P35-DS3L''/RAM 2048Мб/HDD 160Гб/ATI Radeon HD 2600 XT 256 Мб', '00567', NULL, 1, NULL, NULL, NULL, NULL, 0.00, 5, NULL, 1, NULL, NULL, 0),
(1563, 1562, 74, 181, 16, 'Gigabyte GA-P35-DS3L', NULL, NULL, NULL, 15, NULL, NULL, NULL, 0.00, 5, NULL, 0, NULL, NULL, 0),
(1564, 1562, 74, 181, 18, 'Intel Core 2 Duo E6550 2333 MHz', NULL, NULL, NULL, 21, NULL, NULL, NULL, 0.00, 5, NULL, 0, NULL, NULL, 0),
(1565, 1562, 74, 181, 17, 'DDR2 1024Мб', NULL, NULL, NULL, 8, NULL, NULL, NULL, 0.00, 5, NULL, 0, NULL, NULL, 0),
(1566, 1562, 74, 181, 17, 'DDR2 1024Мб', NULL, NULL, NULL, 8, NULL, NULL, NULL, 0.00, 5, NULL, 0, NULL, NULL, 0),
(1567, 1562, 74, 181, 11, 'SAMSUNG HD160HJ 160 Гб', NULL, NULL, NULL, 8, NULL, NULL, NULL, 0.00, 5, NULL, 0, NULL, NULL, 0),
(1568, 1562, 74, 181, 9, 'ASUS DRW-2014L1T', NULL, NULL, NULL, 9, NULL, NULL, NULL, 0.00, 5, NULL, 0, NULL, NULL, 0),
(1569, 1562, 74, 181, 13, 'ATI Radeon HD 2600 XT 256 Мб', NULL, NULL, NULL, 1, NULL, NULL, NULL, 0.00, 5, NULL, 0, NULL, NULL, 0),
(1570, 1562, 74, 181, 19, 'Realtek RTL8168/8111 PCI-E Gigabit Ethernet NIC', NULL, NULL, NULL, NULL, NULL, NULL, NULL, 0.00, 5, 'MAC: 00:1D:7D:A2:8B:C7', 0, NULL, NULL, 0),
(1571, 1562, 74, 181, 14, 'Realtek ALC888/1200 Intel 82801IB ICH9', NULL, NULL, NULL, NULL, NULL, NULL, NULL, 0.00, 5, NULL, 0, NULL, NULL, 0),
(1572, 0, 74, 194, 18, 'Intel Celeron 1.60GHZ (Socket LGA775)', NULL, NULL, NULL, 21, NULL, NULL, NULL, 0.00, 5, '', 0, NULL, NULL, 0),
(1573, 0, 74, 194, 17, 'DDR2 512Мб PC2-4200', NULL, NULL, NULL, 37, NULL, NULL, NULL, 0.00, 5, '', 0, NULL, NULL, 0),
(1575, 0, 74, 194, 17, 'DDR 128Мб PC2100', NULL, NULL, NULL, 8, NULL, NULL, NULL, 0.00, 5, NULL, 0, NULL, NULL, 0),
(1576, 0, 74, 194, 17, 'DDR 128Мб PC2100', NULL, NULL, NULL, 8, NULL, NULL, NULL, 0.00, 5, NULL, 0, NULL, NULL, 0),
(1577, 0, 74, 194, 17, 'DDR 128Мб PC2700', NULL, NULL, NULL, 38, NULL, NULL, NULL, 0.00, 5, NULL, 0, NULL, NULL, 0),
(1578, 0, 74, 194, 11, 'Seagate ST500DM002 500Гб', NULL, 'S2A0V0WM', NULL, 39, NULL, NULL, NULL, 0.00, 1, NULL, 0, NULL, NULL, 0),
(1579, 0, 74, 194, 28, 'ADATA Classic CH94 640Гб', NULL, '1B3820392357', NULL, NULL, NULL, NULL, NULL, 0.00, 5, NULL, 1, NULL, NULL, 0),
(1580, 0, 74, 194, 19, 'Realtek 100Mb', NULL, 'ENL833-TB-REB', NULL, NULL, NULL, NULL, NULL, 0.00, 1, NULL, 0, NULL, NULL, 0),
(1581, 0, 74, 194, 19, 'Realtek 10/100Mb + CABLE', NULL, '9710067322', NULL, NULL, NULL, NULL, NULL, 0.00, 5, NULL, 0, NULL, NULL, 0),
(1582, 0, 74, 194, 19, 'Realtek 10/100Mb', NULL, '93031726', NULL, NULL, NULL, NULL, NULL, 0.00, 5, NULL, 0, NULL, NULL, 0),
(1583, 0, 74, 194, 29, 'PCI SATA 4 sata ports', NULL, '07411054334', NULL, NULL, NULL, NULL, NULL, 0.00, 5, NULL, 0, NULL, NULL, 0),
(1584, 0, 74, 194, 18, 'Intel Celeron 1.70GHz 1700 (Socket478)', NULL, NULL, NULL, 21, NULL, NULL, NULL, 0.00, 5, '', 0, NULL, NULL, 0),
(1585, 0, 74, 194, 17, 'DDR 128Мб PC2700', NULL, NULL, NULL, 8, NULL, NULL, NULL, 0.00, 5, NULL, 0, NULL, NULL, 0),
(1586, 0, 74, 194, 18, 'Intel Pentium III 1000 MHz (Socket370)', NULL, NULL, NULL, 21, NULL, NULL, NULL, 0.00, 5, '', 0, NULL, NULL, 0),
(1587, 0, 74, 194, 19, '3Com 10/100 Mb', NULL, 'WDLR585700', NULL, 40, NULL, NULL, NULL, 0.00, 5, NULL, 0, NULL, NULL, 0),
(1588, 0, 74, 227, 3, 'Samsung 700 IFT (ЭЛТ)', '?', 'PG17H26N204207R', NULL, 8, NULL, NULL, NULL, 0.00, 5, '', 1, NULL, NULL, 0),
(1589, 0, 74, 227, 8, 'Panasonic KX-FP207', '?', '9ICFB018145', NULL, 34, NULL, NULL, NULL, 0.00, 5, '', 1, NULL, NULL, 0),
(1590, 0, 74, 227, 5, 'ASUS P5PE-VM', '00611', NULL, NULL, NULL, NULL, NULL, NULL, 0.00, 7, '', 1, NULL, NULL, 0),
(1591, 0, 74, 227, 1, 'APC Back-UPS ES 525', '0280', '8B0741R35328', NULL, 25, NULL, NULL, NULL, NULL, 4, NULL, 1, NULL, NULL, 0),
(1592, 0, 74, 227, 1, 'APC Back-UPS RS 500', '1.3 Д', 'BB0324008385', NULL, 25, NULL, NULL, NULL, NULL, 4, NULL, 1, NULL, NULL, 0),
(1593, 0, 74, 227, 5, 'ECS P4VMM2', '2.1 Д', NULL, NULL, NULL, NULL, NULL, NULL, 0.00, 7, '', 1, NULL, NULL, 0),
(1594, 0, 74, 227, 1, 'APC Back-UPS СS 500', '277', '8B0713R12861', NULL, 25, NULL, NULL, NULL, NULL, 4, NULL, 1, NULL, NULL, 0),
(1595, 0, 74, 227, 1, 'APC Back-UPS СS 500', '01201', '8B0713R13122', NULL, 25, NULL, NULL, NULL, NULL, 4, NULL, 1, NULL, NULL, 0),
(1596, 0, 74, 227, 1, 'APC Back-UPS СS 500', '193', '8B0705R04159', NULL, 25, NULL, NULL, NULL, NULL, 4, NULL, 1, NULL, NULL, 0),
(1597, 0, 74, 227, 22, 'LexMark Z645', '2006.3', '41310328464', NULL, 42, NULL, NULL, NULL, NULL, 4, NULL, 1, NULL, NULL, 0),
(1598, 0, 74, 227, 5, 'Soultek SL-65ME+', '?', NULL, NULL, NULL, NULL, NULL, NULL, 0.00, 7, '', 1, NULL, NULL, 0),
(1599, 0, 74, 227, 22, 'EPSON LX-1170', '00557', 'DKFY056185', NULL, 31, NULL, NULL, NULL, 0.00, 5, '', 1, NULL, NULL, 0),
(1600, 105, 74, 146, 12, 'Delux 400W', '00816', 'D1002000057337', NULL, NULL, NULL, NULL, NULL, 0.00, 5, '', 0, NULL, NULL, 0),
(1601, 0, 74, 227, 25, 'SDSL Planet VC-102M', '992', 'AC00016100894', NULL, 43, NULL, NULL, NULL, 0.00, 5, '', 1, NULL, NULL, 0),
(1602, 0, 74, 227, 25, 'SDSL Planet VC-102S', '233', 'AC00026101173', NULL, 43, NULL, NULL, NULL, 0.00, 5, '', 1, NULL, NULL, 0),
(1603, 0, 74, 227, 1, 'APC Back-UPS RS 500', '0424', 'BB0247014475', NULL, 25, NULL, NULL, NULL, NULL, 4, NULL, 1, NULL, NULL, 0),
(1604, 0, 74, 227, 1, 'APC Back-UPS RS 500', '?', 'BB02470118010', NULL, 25, NULL, NULL, NULL, NULL, 4, NULL, 1, NULL, NULL, 0),
(1605, 0, 74, 227, 1, 'APC Back-UPS RS 500', '?', 'BB0247017013', NULL, 25, NULL, NULL, NULL, NULL, 4, NULL, 1, NULL, NULL, 0),
(1606, 0, 74, 227, 1, 'APC Back-UPS Pro 420', '17.3 Д', 'NB9945241584', NULL, 25, NULL, NULL, NULL, NULL, 4, NULL, 1, NULL, NULL, 0),
(1607, 0, 74, 227, 1, 'APC Back-UPS 400', '3.3 Д', 'D96051959899', NULL, 25, NULL, NULL, NULL, NULL, 4, NULL, 1, NULL, NULL, 0),
(1608, 0, 74, 227, 1, 'APC Back-UPS 300', '?', 'YB0028001172', NULL, 25, NULL, NULL, NULL, NULL, 4, NULL, 1, NULL, NULL, 0),
(1609, 0, 74, 227, 1, 'APC Back-UPS 301', '?', 'YB0028001826', NULL, 25, NULL, NULL, NULL, NULL, 4, NULL, 1, NULL, NULL, 0),
(1610, 0, 74, 227, 1, 'APC Back-UPS AVR 500', '18.3 Д', 'BB0219020817', NULL, 25, NULL, NULL, NULL, NULL, 4, NULL, 1, NULL, NULL, 0),
(1611, 0, 74, 227, 23, 'Mustek SkanExpress A3 USB', '994', 'SH612D01967', NULL, 32, NULL, NULL, NULL, NULL, 4, NULL, 1, NULL, NULL, 0),
(1612, 0, 74, 227, 30, 'Canon FC 226', '1817', 'UUF12664', NULL, 22, NULL, NULL, NULL, NULL, 4, NULL, 1, NULL, NULL, 0),
(1613, 0, 74, 227, 20, 'Intel Core 2 Duo CPU T5870 2.00GHz 2001/''3074''/RAM 4096Мб/HDD 466Гб/ATI Mobility Radeon HD 4300 Series 512', '01206', 'CWU9412HF6', NULL, 11, NULL, NULL, NULL, 0.00, 4, 'HP ProBook 4510S', 1, NULL, NULL, 0),
(1614, 0, 74, 227, 20, 'Intel Celeron 800 MHz/RAM 128Мб/HDD 15Гб', '?', '0P17525827PN8PN', NULL, 19, NULL, NULL, NULL, 0.00, 4, 'Thoshiba Satellite S1800-100', 1, NULL, NULL, 0),
(1615, 0, 74, 227, 31, 'Sony VAIO VGP-PRS21', '?', '282322303057323', NULL, 36, NULL, NULL, NULL, 0.00, 5, '', 1, NULL, NULL, 0),
(1616, 0, 74, 227, 31, 'Sony VAIO PCGA-PRV1', '?', '284871303211207', NULL, 36, NULL, NULL, NULL, 0.00, 5, '', 1, NULL, NULL, 0),
(1617, 0, 74, 227, 12, 'Delux 350W', '?', '0706000430', NULL, NULL, NULL, NULL, NULL, 0.00, 5, '', 0, NULL, NULL, 0),
(1618, 0, 74, 227, 25, '3Com U.S.Robotics 56K', '?', '12S8FB7B0C08', NULL, 40, NULL, NULL, NULL, NULL, 4, NULL, 1, NULL, NULL, 0),
(1619, 0, 74, 227, 25, 'Asotel GVC R21 Vector', '920', '3IE319881', NULL, 44, NULL, NULL, NULL, 0.00, 5, '', 1, NULL, NULL, 0),
(1620, 0, 74, 227, 25, '3Com U.S.Robotics Sportster 14,400', '?', '9802680205787316', NULL, 40, NULL, NULL, NULL, NULL, 4, NULL, 1, NULL, NULL, 0),
(1621, 0, 74, 227, 32, 'Canyon 5-ports', '?', 'N1L7400417', NULL, 45, NULL, NULL, NULL, 0.00, 5, '', 1, NULL, NULL, 0),
(1622, 0, 74, 227, 32, 'Surecom EP-808SX-C 8-Ports', '?', 'YCG070215A', NULL, 46, NULL, NULL, NULL, 0.00, 4, '', 1, NULL, NULL, 0),
(1623, 0, 74, 227, 3, 'Samsung 710N', '020', 'MJ17HVGYC15512W', NULL, 8, NULL, NULL, NULL, NULL, 4, NULL, 1, NULL, NULL, 0),
(1624, 0, 74, 227, 3, 'Samsung 710N', '17.2 Д', 'MJ17HVGYC14611M', NULL, 8, NULL, NULL, NULL, NULL, 4, NULL, 1, NULL, NULL, 0),
(1625, 1590, 74, 227, 16, 'ASUS P5PE-VM', NULL, NULL, NULL, 9, NULL, NULL, NULL, 0.00, 4, NULL, 0, NULL, NULL, 0),
(1626, 1593, 74, 227, 16, 'ECS P4VMM2', NULL, NULL, NULL, 20, NULL, NULL, NULL, 0.00, 4, NULL, 0, NULL, NULL, 0),
(1627, 0, 74, 194, 18, 'Intel Celeron 1.70GHz 1700 (Socket478)', NULL, NULL, NULL, 21, NULL, NULL, NULL, 0.00, 5, '', 0, NULL, NULL, 0),
(1628, 0, 74, 227, 12, 'Codegen 300W', NULL, NULL, NULL, NULL, NULL, NULL, NULL, 0.00, 5, NULL, 0, NULL, NULL, 0),
(1629, 1598, 74, 227, 16, 'Soultek SL-65ME+', NULL, NULL, NULL, NULL, NULL, NULL, NULL, 0.00, 4, NULL, 0, NULL, NULL, 0),
(1630, 0, 74, 227, 12, 'PowerMaster 300W', NULL, NULL, NULL, NULL, NULL, NULL, NULL, 0.00, 5, NULL, 0, NULL, NULL, 0),
(1631, 0, 74, 186, 33, 'Panasonic KX-TDE200', '01214', '8IBUA013440', NULL, 34, NULL, NULL, NULL, NULL, 5, NULL, 1, NULL, NULL, 0),
(1632, 0, 74, 186, 1, 'APC Smart UPS 2200', '01202', 'JS0932009122', NULL, 25, NULL, NULL, NULL, NULL, 5, NULL, 1, NULL, NULL, 0),
(1633, 0, 74, 186, 32, 'HP ProCurve 2510G-24', '01203', 'CN834DE1VN', NULL, 11, NULL, NULL, NULL, 0.00, 5, 'MAC: 00:21:F7:A8:6F:80', 1, NULL, NULL, 0),
(1634, 0, 74, 186, 32, 'HP ProCurve 2510-24', '01204', 'CN951FW02M', NULL, 11, NULL, NULL, NULL, 0.00, 5, 'MAC: 00:26:F1:5C:F2:40', 1, NULL, NULL, 0),
(1635, 0, 74, 186, 32, 'HP ProCurve 2510-24', '01209', 'CN952FW0N0', NULL, 11, NULL, NULL, NULL, 0.00, 5, 'MAC: 00:26:F1:5C:81:00', 1, NULL, NULL, 0),
(1636, 0, 74, 186, 32, 'HP ProCurve 2510-48', '?', 'CN009YV0JV', NULL, 11, NULL, NULL, NULL, 0.00, 5, 'MAC: 00:26:F1:68:C5:C0', 1, NULL, NULL, 0),
(1637, 0, 74, 186, 32, '3Com BaseLine 2250-SFP Plus', '?', 'CN15BWQ1QL', NULL, 40, NULL, NULL, NULL, 0.00, 5, 'MAC: 20:FD:F1:96:E9:60', 1, NULL, NULL, 0),
(1638, 0, 74, 228, 5, 'HP ProLiant DL380 G7', '00000060', NULL, NULL, 11, NULL, NULL, NULL, NULL, 5, NULL, 1, NULL, NULL, 0),
(1639, 0, 74, 228, 5, 'HP ProLiant DL380 G8', '00000054', NULL, NULL, 11, NULL, NULL, NULL, NULL, 5, NULL, 1, NULL, NULL, 0),
(1640, 0, 74, 228, 5, 'Microtik', '6.1 Д', NULL, NULL, NULL, NULL, NULL, NULL, NULL, 5, NULL, 1, NULL, NULL, 0),
(1641, 0, 74, 228, 1, 'APC Smart UPS 2200', '00000031', 'JS1109903695', NULL, 25, NULL, NULL, NULL, NULL, 5, NULL, 1, NULL, NULL, 0),
(1642, 0, 74, 228, 34, 'HP P2000 G3 SAS', '00000052', '2S6113D182', NULL, 11, NULL, NULL, NULL, NULL, 5, NULL, 1, NULL, NULL, 0),
(1643, 0, 74, 228, 5, 'Intel Core 2 Duo E7500 2.93 GHz 2933/''P5KPL-AM IN/ROEM/SI''/RAM 2048Мб/HDD 1398Гб/Intel(R) G33_G31 E', '269', NULL, NULL, NULL, NULL, NULL, NULL, 0.00, 5, '', 1, NULL, NULL, 0),
(1644, 1643, 74, 228, 16, 'ASUSTeK Computer INC. P5KPL-AM IN/ROEM/SI', NULL, NULL, NULL, 9, NULL, NULL, NULL, NULL, 5, NULL, 0, NULL, NULL, 0),
(1645, 1643, 74, 228, 18, 'Intel Core 2 Duo E7500 2.93 GHz 2933', NULL, NULL, NULL, 21, NULL, NULL, NULL, 0.00, 5, '', 0, NULL, NULL, 0),
(1646, 1643, 74, 228, 18, 'Процессор Intel(R) Pentium(R) III Xeon 2933', NULL, NULL, NULL, NULL, NULL, NULL, NULL, NULL, 5, NULL, 0, NULL, NULL, 0),
(1647, 1643, 74, 228, 17, 'DDR2 1024Мб ', NULL, NULL, NULL, NULL, NULL, NULL, NULL, 0.00, 5, '', 0, NULL, NULL, 0),
(1648, 1643, 74, 228, 17, 'DDR2 1024Мб', NULL, NULL, NULL, NULL, NULL, NULL, NULL, 0.00, 5, '', 0, NULL, NULL, 0),
(1649, 1643, 74, 228, 11, 'SAMSUNG HD753LJ 699Гб ', NULL, NULL, NULL, NULL, NULL, NULL, NULL, NULL, 5, NULL, 0, NULL, NULL, 0),
(1650, 1643, 74, 228, 11, 'ST3750528AS 699Гб ', NULL, NULL, NULL, NULL, NULL, NULL, NULL, NULL, 5, NULL, 0, NULL, NULL, 0),
(1651, 1643, 74, 228, 9, 'ASUS DRW-1814BL', NULL, NULL, NULL, NULL, NULL, NULL, NULL, NULL, 5, NULL, 0, NULL, NULL, 0),
(1652, 1643, 74, 228, 13, 'Intel(R) G33/G31 Express Chipset Family 256Мб ', NULL, NULL, NULL, NULL, NULL, NULL, NULL, NULL, 5, NULL, 0, NULL, NULL, 0),
(1653, 1643, 74, 228, 19, 'Realtek RTL8139 Family PCI Fast Ethernet NIC', NULL, NULL, NULL, NULL, NULL, NULL, NULL, NULL, 5, 'MAC: 00:08:54:67:05:F7', 0, NULL, NULL, 0),
(1654, 1643, 74, 228, 19, 'Realtek RTL8139 Family PCI Fast Ethernet NIC', NULL, NULL, NULL, NULL, NULL, NULL, NULL, NULL, 5, 'MAC: 00:08:54:67:0A:8A', 0, NULL, NULL, 0),
(1655, 1643, 74, 228, 19, 'Минипорт MAC-моста', NULL, NULL, NULL, NULL, NULL, NULL, NULL, NULL, 5, 'MAC: 02:08:54:67:05:F7', 0, NULL, NULL, 0),
(1656, 1643, 74, 228, 14, 'VIA High Definition Audio', NULL, NULL, NULL, NULL, NULL, NULL, NULL, NULL, 5, NULL, 0, NULL, NULL, 0),
(1657, 0, 74, 146, 1, 'PowerCom 600A', '000000180', '40284671109', NULL, 30, NULL, '2011-11-30', NULL, 369.75, 1, '', 1, NULL, NULL, 0),
(1658, 0, 74, 227, 32, 'D-Link DES-1016D 16-Ports', '00762', 'F3PZ187003863', NULL, 47, NULL, NULL, NULL, 0.00, 5, NULL, 1, NULL, NULL, 0),
(1659, 0, 74, 144, 5, 'Intel Celeron CPU 1100MHz 1106/''601A/T-686A''/RAM 256Мб/HDD 19Гб/Trident Video Accelerator Blade 3D/ProMedia 8', '1.2 Д', NULL, NULL, NULL, NULL, NULL, NULL, 0.00, 5, '', 1, NULL, NULL, 0),
(1660, 1659, 74, 144, 16, '- 601A/T-686A', NULL, NULL, NULL, 18, NULL, NULL, NULL, NULL, 5, NULL, 0, NULL, NULL, 0),
(1661, 1659, 74, 144, 18, 'Intel Celeron CPU 1100MHz 1106 (Socket478)', NULL, NULL, NULL, NULL, NULL, NULL, NULL, 0.00, 5, '', 0, NULL, NULL, 0),
(1662, 1659, 74, 144, 17, 'SDRAM 128Мб ', NULL, NULL, NULL, NULL, NULL, NULL, NULL, 0.00, 5, '', 0, NULL, NULL, 0),
(1663, 1659, 74, 144, 17, 'SDRAM 128Мб ', NULL, NULL, NULL, NULL, NULL, NULL, NULL, 0.00, 5, '', 0, NULL, NULL, 0),
(1664, 1659, 74, 144, 11, 'WDC WD200EB-00CPF0 19Гб ', NULL, NULL, NULL, NULL, NULL, NULL, NULL, NULL, 5, NULL, 0, NULL, NULL, 0),
(1665, 1659, 74, 144, 9, 'HL-DT-ST CD-ROM GCR-8521B', NULL, NULL, NULL, NULL, NULL, NULL, NULL, NULL, 5, NULL, 0, NULL, NULL, 0),
(1666, 1659, 74, 144, 13, 'Trident Video Accelerator Blade 3D/ProMedia 8Мб ', NULL, NULL, NULL, NULL, NULL, NULL, NULL, NULL, 5, NULL, 0, NULL, NULL, 0),
(1667, 1659, 74, 144, 19, 'Realtek RTL8139 Family PCI Fast Ethernet NIC', NULL, NULL, NULL, NULL, NULL, NULL, NULL, NULL, 5, 'MAC: 00:30:4F:67:CF:84', 0, NULL, NULL, 0),
(1668, 1659, 74, 144, 14, 'VIA AC''97 аудио контроллер (WDM)', NULL, NULL, NULL, NULL, NULL, NULL, NULL, NULL, 5, NULL, 0, NULL, NULL, 0),
(1669, 0, 74, 194, 9, 'LG External Super Multi DVD Rewriter', '02324', '909HJUH044142', NULL, 23, NULL, NULL, NULL, 0.00, 5, '', 0, NULL, NULL, 0),
(1670, 0, 74, 145, 22, 'HP Laser Jet P1102', 'УА0000370', NULL, 1, 11, NULL, '2012-03-31', NULL, 0.00, 5, '', 1, NULL, NULL, 0),
(1671, 0, 74, 187, 21, 'Canon MF4550D', 'УА0000374', NULL, 1, 22, NULL, '2012-03-31', NULL, 2238.55, 5, NULL, 1, NULL, NULL, 0),
(1672, 0, 74, 135, 3, 'DELL20', 'УА0000369', NULL, 1, 14, NULL, '2012-03-31', NULL, 1079.15, 5, 'используется для системы видеонаблюдения', 1, NULL, NULL, 0),
(1673, 0, 74, 135, 5, 'Компьютер Техника ПМ-5', 'УА0000365', NULL, 1, NULL, NULL, '2012-03-31', NULL, 3413.75, 1, 'используется для системы видеонаблюдения', 1, NULL, NULL, 0),
(1674, 0, 74, 190, 24, 'ASUS RT N12', 'УА0000368', NULL, 1, 9, NULL, NULL, NULL, 305.45, 5, NULL, 1, NULL, NULL, 0),
(1675, 0, 74, 229, 24, 'ASUS RT N12', NULL, NULL, 1, 9, NULL, NULL, NULL, 0.00, 5, NULL, 1, NULL, NULL, 0),
(1676, 0, 74, 135, 20, 'ASUS K53E Core i3', 'УА0000403', NULL, NULL, 9, NULL, '2012-05-31', NULL, 5791.67, 5, 'приобретен у ООО "Укрдонокситех"', 1, NULL, NULL, 0),
(1677, 0, 74, 122, 21, 'Canon i-Sensys MF4570DN', 'УА0000391', NULL, 1, 22, NULL, '2012-05-01', NULL, 2843.75, 1, NULL, 1, NULL, NULL, 0),
(1678, 0, 74, 222, 7, 'Терминал Nokia 6700c black', 'УА0000454', NULL, NULL, NULL, NULL, '2012-06-19', NULL, 833.33, 5, 'Получен от ООО "Укрдонокситех"', 1, NULL, NULL, 0),
(1679, 0, 74, 194, 7, 'Мобильный телефон SonyEricsson E15i', 'УА0000415', NULL, NULL, NULL, NULL, '2012-06-18', NULL, 1654.17, 5, 'передан с ООО "УДО" с Синяткиной, отдел ИТ', 1, NULL, NULL, 0),
(1680, 0, 74, 206, 28, 'Накопитель HDD Samsung 250 GB', '000000191', NULL, NULL, NULL, NULL, '2011-12-30', NULL, 643.80, 1, NULL, 1, NULL, NULL, 0),
(1681, 0, 74, 155, 21, 'Canon i-sensys MF4580DN', '000000154', NULL, 1, 22, NULL, '2011-11-28', NULL, 2950.75, 1, NULL, 1, NULL, NULL, 0),
(1682, 0, 74, 110, 35, 'Аккустическая система Microlab Solo7C', '000000153', NULL, 1, NULL, NULL, '2011-11-28', NULL, 1302.90, 1, '', 1, NULL, NULL, 0),
(1683, 0, 74, 76, 5, 'Компьютер Техника ПМ-5', '000000156', NULL, 1, NULL, NULL, '2011-11-28', NULL, 2623.65, 1, 'используется для системы видеонаблюдения. приобретался без монитора ', 1, NULL, NULL, 0),
(1684, 0, 74, 123, 1, 'PowerCom 600A', '000000177', NULL, 1, NULL, NULL, '2011-11-30', NULL, 369.75, 1, NULL, 1, NULL, NULL, 0),
(1685, 0, 74, 126, 1, 'PowerCom 600A', '000000178', NULL, 1, NULL, NULL, '2011-11-30', NULL, 369.75, 1, NULL, 1, NULL, NULL, 0),
(1686, 0, 74, 130, 1, 'PowerCom 600A', '000000179', NULL, 1, NULL, NULL, '2011-11-30', NULL, 369.75, 1, NULL, 1, NULL, NULL, 0),
(1687, 0, 74, 129, 1, 'PowerCom 600A', '000000176', NULL, 1, NULL, NULL, '2011-11-30', NULL, 369.75, 1, NULL, 1, NULL, NULL, 0),
(1688, 0, 74, 76, 3, 'ASUS23"  VH232T', '02326', NULL, 1, 9, NULL, NULL, NULL, 0.00, 1, NULL, 1, NULL, NULL, 0),
(1689, 0, 74, 93, 3, 'Acer 20" G205HVBB', '000000173', NULL, NULL, NULL, NULL, NULL, NULL, 0.00, 1, NULL, 1, NULL, NULL, 0),
(1690, 0, 74, 227, 12, 'Akyga 350W', NULL, '13066A109', NULL, NULL, NULL, NULL, NULL, 0.00, 5, NULL, 0, NULL, NULL, 0),
(1691, 0, 74, 227, 10, 'Mitsumi', NULL, 'D359M3D4015002K09BD1696', NULL, NULL, NULL, NULL, NULL, 0.00, 5, NULL, 0, NULL, NULL, 0),
(1692, 0, 95, 209, 25, 'МТС Коннект 3G CDMA-450', NULL, '062467', NULL, NULL, NULL, NULL, NULL, 0.00, 1, '', 1, NULL, NULL, 0),
(1693, 0, 95, 234, 25, 'МТС Коннект 3G CDMA-450', NULL, '062477', NULL, NULL, NULL, NULL, NULL, 0.00, 1, NULL, 1, NULL, NULL, 0),
(1694, 0, 95, 198, 25, 'МТС Коннект 3G CDMA-450', NULL, '062481', NULL, NULL, NULL, NULL, NULL, 0.00, 1, NULL, 1, NULL, NULL, 0),
(1695, 0, 74, 76, 25, 'МТС Коннект 3G CDMA-450', NULL, NULL, NULL, NULL, NULL, NULL, NULL, 0.00, 1, NULL, 1, NULL, NULL, 0);

-- 
-- Вывод данных для таблицы po
--
INSERT INTO po VALUES
(29, 0, 'ОС', 1, NULL, NULL, NULL),
(30, 29, 'Windows', 1, NULL, NULL, NULL),
(33, 0, 'Офис', 1, NULL, NULL, NULL),
(34, 0, 'Антивирусы', 1, NULL, NULL, NULL),
(35, 29, 'Linux', 1, NULL, NULL, NULL),
(36, 35, 'Kubuntu Desktop 10.10', 0, 3, '', 'Kubuntu.png'),
(37, 34, 'Eset Nod32', 0, 4, '', 'Nod32.png'),
(38, 33, 'Microsoft Office 2003 SP3', 0, 2, '', 'Office2003.png'),
(44, 33, 'OpenOffice 3', 0, 5, '', 'OpenOffice3.png'),
(59, 35, 'Ubuntu 10.04 server', 0, 6, '', 'Kubuntu.png'),
(61, 33, 'Microsoft Office 2007', 0, 2, '', 'Office2003.png'),
(62, 33, 'Microsoft Office 2010', 0, 2, '', 'Office2003.png'),
(63, 0, 'import', 1, NULL, NULL, NULL),
(64, 30, 'Microsoft Windows XP Professional Service Pack 3', 0, 2, '', 'Windows.png'),
(65, 30, 'Microsoft Windows 7 Профессиональная Service Pack 1', 0, 2, '', 'Windows.png'),
(66, 30, 'Microsoft Windows XP Professional Service Pack 2', 0, 2, '', 'Windows.png'),
(68, 30, 'Microsoft Windows 2000', 0, 2, '', 'Windows.png'),
(69, 30, 'Microsoft Windows 7 Домашняя базовая Service Pack 1', 0, 2, '', 'Windows.png'),
(70, 33, 'Microsoft Office 2010 для дома и бизнеса', 0, 2, '', 'Office2003.png'),
(71, 30, 'Windows Server 2003 Enterprise Edition Service Pack 2', 0, 2, '', 'Windows.png'),
(72, 30, 'Microsoft Windows Server 2012 R2 Standart', 0, 2, '', 'Windows.png');

-- 
-- Вывод данных для таблицы networkdata
--
INSERT INTO networkdata VALUES
(1, 214, 'KONTRPROD1', 2),
(3, 230, 'TORGDOM7', 2);

-- 
-- Вывод данных для таблицы logintype
--
INSERT INTO logintype VALUES
(7, 'Домен первичный');

-- 
-- Вывод данных для таблицы typenumber
--
INSERT INTO typenumber VALUES
(4, 'Внутренний'),
(2, 'Городской'),
(3, 'Домашний'),
(1, 'Мобильный');

-- 
-- Вывод данных для таблицы licenses
--
INSERT INTO licenses VALUES
(6, 41, 145, 64, NULL, NULL, NULL, 0, NULL, NULL, NULL, NULL, NULL, NULL, 2, 3, NULL, NULL, NULL, 0),
(7, 51, 84, 65, NULL, NULL, NULL, 0, NULL, NULL, NULL, NULL, NULL, NULL, 2, 3, NULL, NULL, NULL, 0),
(8, 66, 77, 64, NULL, NULL, NULL, 0, NULL, NULL, NULL, NULL, NULL, NULL, 2, 3, NULL, NULL, NULL, 0),
(9, 75, 123, 65, NULL, NULL, NULL, 0, NULL, NULL, NULL, NULL, NULL, NULL, 2, 3, NULL, NULL, NULL, 0),
(10, 86, 93, 64, NULL, NULL, NULL, 0, NULL, NULL, NULL, NULL, NULL, NULL, 2, 3, NULL, NULL, NULL, 0),
(11, 95, 85, 64, NULL, NULL, NULL, 0, NULL, NULL, NULL, NULL, NULL, NULL, 2, 3, NULL, NULL, NULL, 0),
(12, 105, 146, 64, NULL, NULL, NULL, 0, NULL, NULL, NULL, NULL, NULL, NULL, 2, 3, NULL, NULL, NULL, 0),
(13, 117, 138, 64, NULL, NULL, NULL, 0, NULL, NULL, NULL, NULL, NULL, NULL, 2, 3, NULL, NULL, NULL, 0),
(14, 128, 187, 65, NULL, NULL, NULL, 0, NULL, NULL, NULL, NULL, NULL, NULL, 2, 3, NULL, NULL, NULL, 0),
(15, 141, 135, 65, NULL, NULL, NULL, 0, NULL, NULL, NULL, NULL, NULL, NULL, 2, 3, NULL, NULL, NULL, 0),
(16, 150, 153, 66, NULL, NULL, NULL, 0, NULL, NULL, NULL, NULL, NULL, NULL, 2, 3, NULL, NULL, NULL, 0),
(17, 160, 86, 65, NULL, NULL, NULL, 0, NULL, NULL, NULL, NULL, NULL, NULL, 2, 3, NULL, NULL, NULL, 0),
(18, 169, 194, 65, NULL, NULL, NULL, 0, NULL, NULL, NULL, NULL, NULL, NULL, 2, 3, NULL, NULL, NULL, 0),
(20, 194, 125, 65, NULL, NULL, NULL, 0, NULL, NULL, NULL, NULL, NULL, NULL, 2, 3, NULL, NULL, NULL, 0),
(21, 211, 116, 64, NULL, NULL, NULL, 0, NULL, NULL, NULL, NULL, NULL, NULL, 2, 3, NULL, NULL, NULL, 0),
(22, 220, 137, 64, NULL, NULL, NULL, 0, NULL, NULL, NULL, NULL, NULL, NULL, 2, 3, NULL, NULL, NULL, 0),
(23, 232, 182, 65, NULL, NULL, NULL, 0, NULL, NULL, NULL, NULL, NULL, NULL, 2, 3, NULL, NULL, NULL, 0),
(24, 244, 184, 65, NULL, NULL, NULL, 0, NULL, NULL, NULL, NULL, NULL, NULL, 2, 3, NULL, NULL, NULL, 0),
(25, 258, 194, 65, NULL, NULL, NULL, 0, NULL, NULL, NULL, NULL, NULL, NULL, 2, 3, NULL, NULL, NULL, 0),
(26, 270, 188, 65, NULL, NULL, NULL, 0, NULL, NULL, NULL, NULL, NULL, NULL, 2, 3, NULL, NULL, NULL, 0),
(27, 282, 89, 66, NULL, NULL, NULL, 0, NULL, NULL, NULL, NULL, NULL, NULL, 2, 3, NULL, NULL, NULL, 0),
(28, 294, 154, 65, NULL, NULL, NULL, 0, NULL, NULL, NULL, NULL, NULL, NULL, 2, 3, NULL, NULL, NULL, 0),
(29, 305, 156, 64, NULL, NULL, NULL, 0, NULL, NULL, NULL, NULL, NULL, NULL, 2, 3, NULL, NULL, NULL, 0),
(30, 314, 157, 64, NULL, NULL, NULL, 0, NULL, NULL, NULL, NULL, NULL, NULL, 2, 3, NULL, NULL, NULL, 0),
(31, 325, 75, 65, NULL, NULL, NULL, 0, NULL, NULL, NULL, NULL, NULL, NULL, 2, 3, NULL, NULL, NULL, 0),
(32, 341, 155, 64, NULL, NULL, NULL, 0, NULL, NULL, NULL, NULL, NULL, NULL, 2, 3, NULL, NULL, NULL, 0),
(33, 351, 132, 65, NULL, NULL, NULL, 0, NULL, NULL, NULL, NULL, NULL, NULL, 2, 3, NULL, NULL, NULL, 0),
(34, 361, 139, 64, NULL, NULL, NULL, 0, NULL, NULL, NULL, NULL, NULL, NULL, 2, 3, NULL, NULL, NULL, 0),
(35, 371, 91, 64, NULL, NULL, NULL, 0, NULL, NULL, NULL, NULL, NULL, NULL, 2, 3, NULL, NULL, NULL, 0),
(36, 382, 148, 64, NULL, NULL, NULL, 0, NULL, NULL, NULL, NULL, NULL, NULL, 2, 3, NULL, NULL, NULL, 0),
(37, 392, 216, 64, NULL, NULL, NULL, 0, NULL, NULL, NULL, NULL, NULL, NULL, 3, 3, NULL, NULL, NULL, 0),
(38, 403, 126, 65, NULL, NULL, NULL, 0, NULL, NULL, NULL, NULL, NULL, NULL, 2, 3, NULL, NULL, NULL, 0),
(39, 413, 94, 65, NULL, NULL, NULL, 0, NULL, NULL, NULL, NULL, NULL, NULL, 2, 3, NULL, NULL, NULL, 0),
(40, 424, 95, 65, NULL, NULL, NULL, 0, NULL, NULL, NULL, NULL, NULL, NULL, 2, 3, NULL, NULL, NULL, 0),
(41, 433, 96, 65, NULL, NULL, NULL, 0, NULL, NULL, NULL, NULL, NULL, NULL, 2, 3, NULL, NULL, NULL, 0),
(42, 443, 97, 64, NULL, NULL, NULL, 0, NULL, NULL, NULL, NULL, NULL, NULL, 2, 3, NULL, NULL, NULL, 0),
(43, 454, 101, 64, NULL, NULL, NULL, 0, NULL, NULL, NULL, NULL, NULL, NULL, 2, 3, NULL, NULL, NULL, 0),
(44, 463, 102, 64, NULL, NULL, NULL, 0, NULL, NULL, NULL, NULL, NULL, NULL, 2, 3, NULL, NULL, NULL, 0),
(45, 472, 140, 65, NULL, NULL, NULL, 0, NULL, NULL, NULL, NULL, NULL, NULL, 2, 3, NULL, NULL, NULL, 0),
(46, 482, 142, 64, NULL, NULL, NULL, 0, NULL, NULL, NULL, NULL, NULL, NULL, 2, 3, NULL, NULL, NULL, 0),
(47, 492, 113, 65, NULL, NULL, NULL, 0, NULL, NULL, NULL, NULL, NULL, NULL, 2, 3, NULL, NULL, NULL, 0),
(48, 503, 79, 65, NULL, NULL, NULL, 0, NULL, NULL, NULL, NULL, NULL, NULL, 2, 3, NULL, NULL, NULL, 0),
(49, 513, 149, 64, NULL, NULL, NULL, 0, NULL, NULL, NULL, NULL, NULL, NULL, 2, 3, NULL, NULL, NULL, 0),
(50, 523, 117, 64, NULL, NULL, NULL, 0, NULL, NULL, NULL, NULL, NULL, NULL, 2, 3, NULL, NULL, NULL, 0),
(51, 533, 150, 65, NULL, NULL, NULL, 0, NULL, NULL, NULL, NULL, NULL, NULL, 2, 3, NULL, NULL, NULL, 0),
(52, 543, 98, 65, NULL, NULL, NULL, 0, NULL, NULL, NULL, NULL, NULL, NULL, 2, 3, NULL, NULL, NULL, 0),
(53, 556, 110, 65, NULL, NULL, NULL, 0, NULL, NULL, NULL, NULL, NULL, NULL, 2, 3, NULL, NULL, NULL, 0),
(54, 570, 233, 64, NULL, NULL, NULL, 0, NULL, NULL, NULL, NULL, NULL, NULL, 2, 3, NULL, NULL, NULL, 0),
(55, 581, 87, 64, NULL, 'BQDKW-3B32R-V79Y6-CQ9V-669HXJ', NULL, 0, NULL, NULL, NULL, NULL, NULL, NULL, 2, 3, NULL, NULL, NULL, 0),
(56, 590, 127, 64, NULL, NULL, NULL, 0, NULL, NULL, NULL, NULL, NULL, NULL, 2, 3, NULL, NULL, NULL, 0),
(57, 600, 151, 64, NULL, NULL, NULL, 0, NULL, NULL, NULL, NULL, NULL, NULL, 2, 3, NULL, NULL, NULL, 0),
(58, 611, 104, 64, NULL, NULL, NULL, 0, NULL, NULL, NULL, NULL, NULL, NULL, 2, 3, NULL, NULL, NULL, 0),
(59, 620, 212, 65, NULL, NULL, NULL, 0, NULL, NULL, NULL, NULL, NULL, NULL, 2, 3, NULL, NULL, NULL, 0),
(60, 629, 118, 64, NULL, NULL, NULL, 0, NULL, NULL, NULL, NULL, NULL, NULL, 2, 3, NULL, NULL, NULL, 0),
(61, 638, 119, 64, NULL, NULL, NULL, 0, NULL, NULL, NULL, NULL, NULL, NULL, 2, 3, NULL, NULL, NULL, 0),
(62, 649, 133, 66, NULL, NULL, NULL, 0, NULL, NULL, NULL, NULL, NULL, NULL, 2, 3, NULL, NULL, NULL, 0),
(63, 658, 76, 65, NULL, NULL, NULL, 0, NULL, NULL, NULL, NULL, NULL, NULL, 2, 3, NULL, NULL, NULL, 0),
(64, 670, 128, 64, NULL, NULL, NULL, 0, NULL, NULL, NULL, NULL, NULL, NULL, 2, 3, NULL, NULL, NULL, 0),
(66, 689, 99, 64, NULL, NULL, NULL, 0, NULL, NULL, NULL, NULL, NULL, NULL, 2, 3, NULL, NULL, NULL, 0),
(67, 699, 121, 64, NULL, NULL, NULL, 0, NULL, NULL, NULL, NULL, NULL, NULL, 2, 3, NULL, NULL, NULL, 0),
(68, 709, 80, 65, NULL, NULL, NULL, 0, NULL, NULL, NULL, NULL, NULL, NULL, 2, 3, NULL, NULL, NULL, 0),
(69, 719, 129, 64, NULL, NULL, NULL, 0, NULL, NULL, NULL, NULL, NULL, NULL, 2, 3, NULL, NULL, NULL, 0),
(70, 728, 130, 64, NULL, NULL, NULL, 0, NULL, NULL, NULL, NULL, NULL, NULL, 2, 3, NULL, NULL, NULL, 0),
(71, 738, 92, 66, NULL, NULL, NULL, 0, NULL, NULL, NULL, NULL, NULL, NULL, 2, 3, NULL, NULL, NULL, 0),
(72, 747, 105, 64, NULL, NULL, NULL, 0, NULL, NULL, NULL, NULL, NULL, NULL, 2, 3, NULL, NULL, NULL, 0),
(73, 758, 81, 64, NULL, NULL, NULL, 0, NULL, NULL, NULL, NULL, NULL, NULL, 2, 3, NULL, NULL, NULL, 0),
(74, 768, 82, 64, NULL, NULL, NULL, 0, NULL, NULL, NULL, NULL, NULL, NULL, 2, 3, NULL, NULL, NULL, 0),
(75, 777, 231, 64, NULL, NULL, NULL, 0, NULL, NULL, NULL, NULL, NULL, NULL, 2, 3, NULL, NULL, NULL, 0),
(76, 788, 83, 64, NULL, NULL, NULL, 0, NULL, NULL, NULL, NULL, NULL, NULL, 2, 3, NULL, NULL, NULL, 0),
(77, 797, 120, 64, NULL, NULL, NULL, 0, NULL, NULL, NULL, NULL, NULL, NULL, 2, 3, NULL, NULL, NULL, 0),
(78, 806, 152, 64, NULL, NULL, NULL, 0, NULL, NULL, NULL, NULL, NULL, NULL, 2, 3, NULL, NULL, NULL, 0),
(79, 816, 134, 64, NULL, NULL, NULL, 0, NULL, NULL, NULL, NULL, NULL, NULL, 2, 3, NULL, NULL, NULL, 0),
(80, 827, 107, 64, NULL, NULL, NULL, 0, NULL, NULL, NULL, NULL, NULL, NULL, 2, 3, NULL, NULL, NULL, 0),
(81, 837, 103, 65, NULL, NULL, NULL, 0, NULL, NULL, NULL, NULL, NULL, NULL, 2, 3, NULL, NULL, NULL, 0),
(83, 857, 108, 65, NULL, NULL, NULL, 0, NULL, NULL, NULL, NULL, NULL, NULL, 2, 3, NULL, NULL, NULL, 0),
(84, 867, 100, 64, NULL, NULL, NULL, 0, NULL, NULL, NULL, NULL, NULL, NULL, 2, 3, NULL, NULL, NULL, 0),
(85, 877, 191, 65, NULL, NULL, NULL, 0, NULL, NULL, NULL, NULL, NULL, NULL, 2, 3, NULL, NULL, NULL, 0),
(86, 891, 215, 65, NULL, NULL, NULL, 0, NULL, NULL, NULL, NULL, NULL, NULL, 2, 3, NULL, NULL, NULL, 0),
(87, 906, 159, 65, NULL, NULL, NULL, 0, NULL, NULL, NULL, NULL, NULL, NULL, 2, 3, NULL, NULL, NULL, 0),
(88, 915, 173, 66, NULL, NULL, NULL, 0, NULL, NULL, NULL, NULL, NULL, NULL, 2, 3, NULL, NULL, NULL, 0),
(89, 926, 165, 65, NULL, NULL, NULL, 0, NULL, NULL, NULL, NULL, NULL, NULL, 2, 3, NULL, NULL, NULL, 0),
(90, 938, 166, 65, NULL, NULL, NULL, 0, NULL, NULL, NULL, NULL, NULL, NULL, 2, 3, NULL, NULL, NULL, 0),
(91, 950, 161, 65, NULL, NULL, NULL, 0, NULL, NULL, NULL, NULL, NULL, NULL, 2, 3, NULL, NULL, NULL, 0),
(92, 960, 209, 65, NULL, NULL, NULL, 0, NULL, NULL, NULL, NULL, NULL, NULL, 2, 3, NULL, NULL, NULL, 0),
(93, 974, 198, 65, NULL, NULL, NULL, 0, NULL, NULL, NULL, NULL, NULL, NULL, 2, 3, NULL, NULL, NULL, 0),
(94, 988, 234, 65, NULL, NULL, NULL, 0, NULL, NULL, NULL, NULL, NULL, NULL, 2, 3, NULL, NULL, NULL, 0),
(95, 1001, 174, 65, NULL, NULL, NULL, 0, NULL, NULL, NULL, NULL, NULL, NULL, 2, 3, NULL, NULL, NULL, 0),
(96, 1010, 175, 65, NULL, NULL, NULL, 0, NULL, NULL, NULL, NULL, NULL, NULL, 2, 3, NULL, NULL, NULL, 0),
(97, 1019, 177, 65, NULL, NULL, NULL, 0, NULL, NULL, NULL, NULL, NULL, NULL, 2, 3, NULL, NULL, NULL, 0),
(98, 1028, 178, 64, NULL, NULL, NULL, 0, NULL, NULL, NULL, NULL, NULL, NULL, 2, 3, NULL, NULL, NULL, 0),
(99, 1038, 179, 64, NULL, NULL, NULL, 0, NULL, NULL, NULL, NULL, NULL, NULL, 2, 3, NULL, NULL, NULL, 0),
(100, 1047, 158, 64, NULL, NULL, NULL, 0, NULL, NULL, NULL, NULL, NULL, NULL, 2, 3, NULL, NULL, NULL, 0),
(101, 1056, 201, 65, NULL, NULL, NULL, 0, NULL, NULL, NULL, NULL, NULL, NULL, 2, 3, NULL, NULL, NULL, 0),
(102, 1067, 176, 65, NULL, NULL, NULL, 0, NULL, NULL, NULL, NULL, NULL, NULL, 2, 3, NULL, NULL, NULL, 0),
(103, 1079, 162, 65, NULL, NULL, NULL, 0, NULL, NULL, NULL, NULL, NULL, NULL, 2, 3, NULL, NULL, NULL, 0),
(104, 1094, 163, 65, NULL, NULL, NULL, 0, NULL, NULL, NULL, NULL, NULL, NULL, 2, 3, NULL, NULL, NULL, 0),
(105, 1110, 207, 65, NULL, NULL, NULL, 0, NULL, NULL, NULL, NULL, NULL, NULL, 2, 3, NULL, NULL, NULL, 0),
(106, 1123, 160, 64, NULL, NULL, NULL, 0, NULL, NULL, NULL, NULL, NULL, NULL, 2, 3, NULL, NULL, NULL, 0),
(107, 1136, 211, 65, NULL, NULL, NULL, 0, NULL, NULL, NULL, NULL, NULL, NULL, 2, 3, NULL, NULL, NULL, 0),
(108, 1146, 183, 65, NULL, NULL, NULL, 0, NULL, NULL, NULL, NULL, NULL, NULL, 2, 3, NULL, NULL, NULL, 0),
(109, 1161, 99, 68, NULL, NULL, NULL, 0, NULL, NULL, NULL, NULL, NULL, 0.00, 3, 3, NULL, NULL, NULL, 0),
(110, 1283, 194, 65, NULL, NULL, NULL, 0, NULL, NULL, NULL, NULL, NULL, NULL, 2, 3, NULL, NULL, NULL, 0),
(111, 1297, 209, 65, NULL, NULL, NULL, 0, NULL, NULL, NULL, NULL, NULL, NULL, 2, 3, NULL, NULL, NULL, 0),
(112, 1309, 230, 65, NULL, NULL, NULL, 0, NULL, NULL, NULL, NULL, NULL, NULL, 2, 3, NULL, NULL, NULL, 0),
(113, 1332, 232, 65, NULL, NULL, NULL, 0, NULL, NULL, NULL, NULL, NULL, NULL, 2, 3, NULL, NULL, NULL, 0),
(114, 1350, 141, 64, NULL, NULL, NULL, 0, NULL, NULL, NULL, NULL, NULL, NULL, 2, 3, NULL, NULL, NULL, 0),
(115, 1360, 143, 66, NULL, NULL, NULL, 0, NULL, NULL, NULL, NULL, NULL, NULL, 2, 3, NULL, NULL, NULL, 0),
(116, 1369, 122, 65, NULL, NULL, NULL, 0, NULL, NULL, NULL, NULL, NULL, NULL, 2, 3, NULL, NULL, NULL, 0),
(117, 1380, 194, 65, NULL, NULL, NULL, 0, NULL, NULL, NULL, NULL, NULL, NULL, 2, 3, NULL, NULL, NULL, 0),
(118, 1393, 214, 65, NULL, NULL, NULL, 0, NULL, NULL, NULL, NULL, NULL, NULL, 3, 3, NULL, NULL, NULL, 0),
(119, 1406, 88, 64, NULL, NULL, NULL, 0, NULL, NULL, NULL, NULL, NULL, NULL, 3, 3, NULL, NULL, NULL, 0),
(120, 1415, 90, 64, NULL, NULL, NULL, 0, NULL, NULL, NULL, NULL, NULL, NULL, 3, 3, NULL, NULL, NULL, 0),
(123, 1441, 219, 65, NULL, NULL, NULL, 0, NULL, NULL, NULL, NULL, NULL, NULL, 2, 3, NULL, NULL, NULL, 0),
(125, 1453, 75, 65, NULL, NULL, NULL, 0, NULL, NULL, NULL, NULL, NULL, NULL, 3, 3, NULL, NULL, NULL, 0),
(126, 1466, 197, 71, NULL, NULL, NULL, 0, NULL, NULL, NULL, NULL, NULL, NULL, 3, 3, NULL, NULL, NULL, 0),
(128, 1479, 221, 64, NULL, NULL, NULL, 0, NULL, NULL, NULL, NULL, NULL, NULL, 2, 3, NULL, NULL, NULL, 0),
(129, 1503, 223, 65, NULL, NULL, NULL, 0, NULL, NULL, NULL, NULL, NULL, NULL, 2, 3, NULL, NULL, NULL, 0),
(130, 1494, 222, 65, NULL, NULL, NULL, 0, NULL, NULL, NULL, NULL, NULL, 0.00, 3, 3, NULL, NULL, NULL, 0),
(131, 1515, 206, 65, NULL, NULL, NULL, 0, NULL, NULL, NULL, NULL, NULL, NULL, 2, 3, NULL, NULL, NULL, 0),
(132, 1530, 225, 65, NULL, NULL, NULL, 0, NULL, NULL, NULL, NULL, NULL, NULL, 2, 3, NULL, NULL, NULL, 0),
(133, 1542, 226, 65, NULL, NULL, NULL, 0, NULL, NULL, NULL, NULL, NULL, NULL, 2, 3, NULL, NULL, NULL, 0),
(135, 1643, 228, 71, NULL, NULL, NULL, 0, NULL, NULL, NULL, NULL, NULL, NULL, 3, 3, NULL, NULL, NULL, 0),
(136, 1659, 144, 64, NULL, NULL, NULL, 0, NULL, NULL, NULL, NULL, NULL, NULL, 3, 3, NULL, NULL, NULL, 0);

-- 
-- Вывод данных для таблицы cause
--
INSERT INTO cause VALUES
(10, 'UpGrade'),
(3, 'Возврат'),
(14, 'Возврат из ремонта'),
(6, 'Для передачи в ремонт'),
(2, 'Замена'),
(15, 'На хранение'),
(11, 'Не исправные устройства'),
(9, 'Нерабочий для списания'),
(7, 'Новое рабочее место'),
(1, 'Перевод сотрудника'),
(8, 'Передача в ремонт'),
(13, 'Разукомплектовка'),
(4, 'Расформирование рабочего места'),
(5, 'Смена рабочего места'),
(12, 'Установка');

-- 
-- Вывод данных для таблицы workplaceandusers
--
INSERT INTO workplaceandusers VALUES
(75, 94),
(76, 19),
(81, 21),
(82, 20),
(184, 127),
(182, 129),
(181, 126),
(93, 36),
(190, 73),
(129, 63),
(130, 66),
(125, 69),
(123, 64),
(126, 68),
(127, 65),
(128, 67),
(138, 77),
(187, 92),
(77, 22),
(79, 26),
(80, 23),
(84, 31),
(85, 37),
(86, 35),
(87, 30),
(89, 34),
(91, 29),
(92, 32),
(94, 44),
(95, 38),
(96, 39),
(97, 43),
(98, 40),
(99, 41),
(100, 42),
(101, 45),
(102, 46),
(103, 47),
(104, 48),
(105, 49),
(108, 50),
(112, 56),
(113, 54),
(114, 53),
(115, 55),
(116, 60),
(117, 59),
(119, 57),
(120, 58),
(121, 62),
(122, 61),
(132, 71),
(133, 70),
(134, 72),
(135, 74),
(137, 75),
(141, 76),
(139, 78),
(140, 83),
(142, 81),
(144, 79),
(145, 86),
(148, 84),
(149, 85),
(150, 88),
(151, 89),
(152, 87),
(153, 100),
(155, 98),
(156, 97),
(157, 99),
(165, 108),
(166, 110),
(160, 104),
(159, 102),
(161, 103),
(191, 111),
(168, 115),
(170, 114),
(173, 122),
(174, 118),
(175, 130),
(176, 120),
(177, 117),
(178, 119),
(179, 121),
(162, 106),
(163, 105),
(197, 24),
(90, 28),
(198, 132),
(143, 80),
(88, 33),
(201, 133),
(202, 134),
(204, 136),
(207, 137),
(209, 138),
(210, 139),
(212, 140),
(211, 141),
(188, 135),
(183, 128),
(214, 93),
(215, 142),
(221, 143),
(222, 144),
(206, 145),
(225, 96),
(226, 146),
(194, 127),
(194, 126),
(194, 128),
(194, 129),
(227, 128),
(227, 127),
(227, 126),
(186, 127),
(186, 128),
(186, 126),
(228, 127),
(228, 128),
(228, 126),
(229, 126),
(229, 127),
(230, 147),
(231, 148),
(233, 149),
(190, 35),
(190, 148),
(145, 127),
(237, 152);

-- 
-- Вывод данных для таблицы tree
--
INSERT INTO tree VALUES
(74, 74, 0),
(75, 75, 0),
(75, 74, 1),
(76, 76, 0),
(76, 74, 1),
(77, 77, 0),
(77, 74, 1),
(78, 78, 0),
(78, 74, 1),
(79, 79, 0),
(79, 74, 1),
(80, 80, 0),
(80, 74, 1),
(81, 81, 0),
(81, 74, 1),
(82, 82, 0),
(82, 74, 1),
(83, 83, 0),
(83, 74, 1),
(84, 84, 0),
(84, 74, 1),
(85, 85, 0),
(85, 74, 1),
(86, 86, 0),
(86, 74, 1),
(87, 87, 0),
(87, 74, 1),
(88, 88, 0),
(88, 74, 1),
(89, 89, 0),
(89, 74, 1),
(90, 90, 0),
(90, 74, 1),
(91, 91, 0),
(91, 74, 1),
(92, 92, 0),
(92, 74, 1),
(93, 93, 0),
(93, 74, 1),
(94, 94, 0),
(94, 74, 1),
(95, 95, 0),
(96, 96, 0),
(96, 95, 1),
(97, 97, 0),
(97, 95, 1),
(98, 98, 0),
(98, 95, 1),
(99, 99, 0),
(99, 95, 1),
(100, 100, 0),
(100, 95, 1),
(101, 101, 0),
(101, 74, 1),
(102, 102, 0),
(102, 74, 1),
(103, 103, 0),
(103, 74, 1),
(104, 104, 0),
(104, 74, 1),
(105, 105, 0),
(105, 74, 1),
(106, 106, 0),
(106, 74, 1),
(107, 107, 0),
(107, 95, 1),
(108, 108, 0),
(108, 74, 1),
(109, 109, 0),
(109, 74, 1),
(111, 111, 0),
(111, 95, 1),
(118, 118, 0),
(118, 96, 1),
(118, 95, 2);

-- 
-- Вывод данных для таблицы tounits
--
INSERT INTO tounits VALUES
(64, NULL, 83),
(153, 96, 118);

-- 
-- Вывод данных для таблицы potree
--
INSERT INTO potree VALUES
(29, 29, 0),
(30, 30, 0),
(30, 29, 1),
(33, 33, 0),
(34, 34, 0),
(35, 35, 0),
(35, 29, 1),
(36, 36, 0),
(36, 35, 1),
(36, 29, 2),
(37, 37, 0),
(38, 38, 0),
(38, 33, 1),
(44, 44, 0),
(44, 33, 1),
(59, 59, 0),
(59, 35, 1),
(59, 29, 2),
(37, 34, 1),
(61, 61, 0),
(61, 33, 1),
(62, 62, 0),
(62, 33, 1),
(63, 63, 0),
(64, 64, 0),
(65, 65, 0),
(66, 66, 0),
(64, 30, 1),
(64, 29, 2),
(65, 30, 1),
(65, 29, 2),
(66, 30, 1),
(66, 29, 2),
(68, 68, 0),
(68, 30, 1),
(68, 29, 2),
(69, 69, 0),
(70, 70, 0),
(70, 33, 1),
(71, 71, 0),
(71, 30, 1),
(71, 29, 2),
(69, 30, 1),
(69, 29, 2),
(72, 72, 0),
(72, 30, 1),
(72, 29, 2);

-- 
-- Вывод данных для таблицы networkinterface
--
INSERT INTO networkinterface VALUES
(1, 1, 'Беспроводное сетевое соединение', NULL, NULL, NULL, NULL, NULL, 1, 1, 1),
(2, 1, 'Подключение по локальной сети', NULL, NULL, NULL, NULL, NULL, 1, 1, 1);

-- 
-- Вывод данных для таблицы loginpass
--
INSERT INTO loginpass VALUES
(1, 93, 7, 'N.Tymoschuk', '', ''),
(5, 111, 7, 'dsaf', 'asdf', '');

-- 
-- Вывод данных для таблицы lockreferencebook
--
-- Таблица demo.lockreferencebook не содержит данных

-- 
-- Вывод данных для таблицы listnumber
--
-- Таблица demo.listnumber не содержит данных

-- 
-- Вывод данных для таблицы historyuseronwp
--
INSERT INTO historyuseronwp VALUES
(1, 148, 190, '2018-07-04', NULL),
(2, 127, 145, '2018-07-04', NULL),
(3, 152, 237, '2018-07-05', NULL);

-- 
-- Вывод данных для таблицы historymoved
--
INSERT INTO historymoved VALUES
(1, 891, NULL, '2012-06-08 15:40:41', 'ООО " Торговый дом "Украинские аэрозоли"/ОтделПродаж/DHZ1-PC', 'ООО "Украинские аэрозоли"/Цех/ALBALONCEH', 1, 131, 'Замена компьютера на ноутбук', 0, NULL, NULL, NULL),
(2, NULL, 86, '2012-06-08 15:40:41', 'ООО " Торговый дом "Украинские аэрозоли"/ОтделПродаж/DHZ1-PC', 'ООО "Украинские аэрозоли"/Цех/ALBALONCEH', 1, 131, 'Замена компьютера на ноутбук', 1, NULL, NULL, NULL),
(3, 877, NULL, '2012-06-11 09:41:05', 'ООО " Торговый дом "Украинские аэрозоли"/Маркетинг/BUGAEV-PC', 'ООО "Украинские аэрозоли"/Маркетинг/BUGAEV-PC', 1, 131, 'Перенос рабочего места', 0, NULL, NULL, NULL),
(4, NULL, 85, '2012-06-11 09:41:05', 'ООО " Торговый дом "Украинские аэрозоли"/Маркетинг/BUGAEV-PC', 'ООО "Украинские аэрозоли"/Маркетинг/BUGAEV-PC', 1, 131, 'Перенос рабочего места', 1, NULL, NULL, NULL),
(5, 974, NULL, '2012-06-11 09:48:22', 'ООО " Торговый дом "Украинские аэрозоли"/Маркетинг/TDMARK2', 'ООО "Украинские аэрозоли"/Маркетинг/TDMARK2', 1, 131, 'Перенос рабочего места', 0, NULL, NULL, NULL),
(6, NULL, 93, '2012-06-11 09:48:22', 'ООО " Торговый дом "Украинские аэрозоли"/Маркетинг/TDMARK2', 'ООО "Украинские аэрозоли"/Маркетинг/TDMARK2', 1, 131, 'Перенос рабочего места', 1, NULL, NULL, NULL),
(7, 974, NULL, '2012-06-14 09:42:59', 'ООО "Украинские аэрозоли"/Маркетинг/TDMARK2', 'ООО " Торговый дом "Украинские аэрозоли"/Маркетинг/TDMARK2', 1, 127, 'Перемещение сотрудника', 0, NULL, NULL, NULL),
(8, NULL, 93, '2012-06-14 09:42:59', 'ООО "Украинские аэрозоли"/Маркетинг/TDMARK2', 'ООО " Торговый дом "Украинские аэрозоли"/Маркетинг/TDMARK2', 1, 127, 'Перемещение сотрудника', 1, NULL, NULL, NULL),
(9, 1056, NULL, '2012-06-14 10:00:29', 'ООО " Торговый дом "Украинские аэрозоли"/ОтделПродаж/VNIKULINA-PK', 'ООО "Украинские аэрозоли"/ОтделПродаж/VNIKULINA-PK', 1, 131, 'Перемещение сотрудника', 0, NULL, NULL, NULL),
(10, NULL, 101, '2012-06-14 10:00:29', 'ООО " Торговый дом "Украинские аэрозоли"/ОтделПродаж/VNIKULINA-PK', 'ООО "Украинские аэрозоли"/ОтделПродаж/VNIKULINA-PK', 1, 131, 'Перемещение сотрудника', 1, NULL, NULL, NULL),
(11, 1110, NULL, '2012-06-14 11:38:43', 'ООО " Торговый дом "Украинские аэрозоли"/Донецкий филиал/KULIK-PC', 'ООО "Украинские аэрозоли"/ТД донецкий филиал/KULIK-PC', 1, 131, 'Перемещение сотрудника', 0, NULL, NULL, NULL),
(12, NULL, 105, '2012-06-14 11:38:43', 'ООО " Торговый дом "Украинские аэрозоли"/Донецкий филиал/KULIK-PC', 'ООО "Украинские аэрозоли"/ТД донецкий филиал/KULIK-PC', 1, 131, 'Перемещение сотрудника', 1, NULL, NULL, NULL),
(13, 1192, NULL, '2012-06-15 11:26:50', 'ООО "Украинские аэрозоли"/ЮрОтдел/KHRABROVAANNA', 'ООО "Украинские аэрозоли"/ИТ Отдел/GORDIENKO-A-PC', 2, 127, 'Замена на новый', 0, NULL, NULL, NULL),
(14, 1283, NULL, '2012-06-15 15:09:07', 'ООО " Торговый дом "Украинские аэрозоли"/Администрация/KOROBCHENKO-NT', 'ООО "Украинские аэрозоли"/ТД Администрация/KOROBCHENKO-NT', 1, 131, 'Перемещение сотрудника', 0, NULL, NULL, NULL),
(15, NULL, 110, '2012-06-15 15:09:07', 'ООО " Торговый дом "Украинские аэрозоли"/Администрация/KOROBCHENKO-NT', 'ООО "Украинские аэрозоли"/ТД Администрация/KOROBCHENKO-NT', 1, 131, 'Перемещение сотрудника', 1, NULL, NULL, NULL),
(16, 1136, NULL, '2012-06-15 15:14:25', 'ООО "Украинские аэрозоли"/Приемная/OFFICE1_DP-PC', 'ООО " Торговый дом "Украинские аэрозоли"/Приёмная Аэрозолей/OFFICE1_DP-PC', 1, 127, 'Перемещение сотрудника', 0, NULL, NULL, NULL),
(17, NULL, 107, '2012-06-15 15:14:25', 'ООО "Украинские аэрозоли"/Приемная/OFFICE1_DP-PC', 'ООО " Торговый дом "Украинские аэрозоли"/Приёмная Аэрозолей/OFFICE1_DP-PC', 1, 127, 'Перемещение сотрудника', 1, NULL, NULL, NULL),
(18, 620, NULL, '2012-06-15 15:16:15', 'ООО "Украинские аэрозоли"/Приемная/PRIEMNAYA-PCC', 'ООО " Торговый дом "Украинские аэрозоли"/Приёмная Аэрозолей/PRIEMNAYA-PCC', 1, 127, 'Перемещение сотрудника', 0, NULL, NULL, NULL),
(19, 1230, NULL, '2012-06-15 15:16:15', 'ООО "Украинские аэрозоли"/Приемная/PRIEMNAYA-PCC', 'ООО " Торговый дом "Украинские аэрозоли"/Приёмная Аэрозолей/PRIEMNAYA-PCC', 1, 127, 'Перемещение сотрудника', 0, NULL, NULL, NULL),
(20, NULL, 59, '2012-06-15 15:16:15', 'ООО "Украинские аэрозоли"/Приемная/PRIEMNAYA-PCC', 'ООО " Торговый дом "Украинские аэрозоли"/Приёмная Аэрозолей/PRIEMNAYA-PCC', 1, 127, 'Перемещение сотрудника', 1, NULL, NULL, NULL),
(21, 1230, NULL, '2012-06-15 15:29:17', 'ООО " Торговый дом "Украинские аэрозоли"/Приёмная Аэрозолей/PRIEMNAYA-PCC', 'ООО "Украинские аэрозоли"/Гл.Инженер/KIP1', 1, 131, '', 0, NULL, NULL, NULL),
(22, 891, NULL, '2012-06-18 13:45:42', 'ООО "Украинские аэрозоли"/Цех/ALBALONCEH', 'ООО "Украинские аэрозоли"/ИТ Отдел/skladIT', 3, 127, 'Возврат в ит отдел', 0, NULL, NULL, NULL),
(23, NULL, 86, '2012-06-18 13:45:42', 'ООО "Украинские аэрозоли"/Цех/ALBALONCEH', 'ООО "Украинские аэрозоли"/ИТ Отдел/skladIT', 3, 127, 'Возврат в ит отдел', 1, NULL, NULL, NULL),
(24, 1195, NULL, '2012-06-22 09:29:51', 'ООО "Украинские аэрозоли"/Гл.Инженер/KOLESNIK', 'ООО "Украинские аэрозоли"/Администрация/KALININ-PK', 4, 127, 'Увольнение сотрудника, рабочее место расформированно', 0, NULL, NULL, NULL),
(25, 1271, NULL, '2012-06-22 09:35:04', 'ООО "Украинские аэрозоли"/ТД ОтделПродаж/TORGDOM7', 'ООО "Украинские аэрозоли"/ТД ОтделПродаж/ITNOTE', 5, 127, '', 0, NULL, NULL, NULL),
(26, 1309, NULL, '2012-06-22 09:37:57', 'ООО " Торговый дом "Украинские аэрозоли"/ОтделПродаж/TORGDOM7', 'ООО "Украинские аэрозоли"/ИТ Отдел/skladIT', 6, 131, '', 0, NULL, NULL, NULL),
(27, NULL, 112, '2012-06-22 09:37:57', 'ООО " Торговый дом "Украинские аэрозоли"/ОтделПродаж/TORGDOM7', 'ООО "Украинские аэрозоли"/ИТ Отдел/skladIT', 6, 131, '', 1, NULL, NULL, NULL),
(28, 1393, NULL, '2012-07-02 10:16:35', 'ООО "Украинские аэрозоли"/ИТ Отдел/skladIT', 'ООО "Украинские аэрозоли"/Контрактное производство/KONTRPROD1', 2, 127, 'Возврат ноутбука отдела ИТ', 0, NULL, NULL, NULL),
(29, NULL, 118, '2012-07-02 10:16:35', 'ООО "Украинские аэрозоли"/ИТ Отдел/skladIT', 'ООО "Украинские аэрозоли"/Контрактное производство/KONTRPROD1', 2, 127, 'Возврат ноутбука отдела ИТ', 1, NULL, NULL, NULL),
(30, 891, NULL, '2012-07-02 11:59:28', 'ООО "Украинские аэрозоли"/ИТ Отдел/skladIT', 'ООО "Украинские аэрозоли"/Контрактное производство/KONTRPROD2', 7, 127, 'Создание нового рабочего места', 0, NULL, NULL, NULL),
(31, NULL, 86, '2012-07-02 11:59:28', 'ООО "Украинские аэрозоли"/ИТ Отдел/skladIT', 'ООО "Украинские аэрозоли"/Контрактное производство/KONTRPROD2', 7, 127, 'Создание нового рабочего места', 1, NULL, NULL, NULL),
(32, 1332, NULL, '2012-07-02 12:23:59', 'ООО "Украинские аэрозоли"/ИТ Отдел/skladIT', 'ООО "Украинские аэрозоли"/Цех/ALBALONCEH', 2, 127, 'Замена компьютера н а ноутбук', 0, NULL, NULL, NULL),
(33, NULL, 113, '2012-07-02 12:23:59', 'ООО "Украинские аэрозоли"/ИТ Отдел/skladIT', 'ООО "Украинские аэрозоли"/Цех/ALBALONCEH', 2, 127, 'Замена компьютера н а ноутбук', 1, NULL, NULL, NULL),
(34, 258, NULL, '2012-07-04 14:39:41', 'ООО "Украинские аэрозоли"/Контрактное производство/IT4', 'ООО "Украинские аэрозоли"/ИТ Отдел/skladIT', 3, 127, '', 0, NULL, NULL, NULL),
(35, NULL, 25, '2012-07-04 14:39:41', 'ООО "Украинские аэрозоли"/Контрактное производство/IT4', 'ООО "Украинские аэрозоли"/ИТ Отдел/skladIT', 3, 127, '', 1, NULL, NULL, NULL),
(36, 392, NULL, '2012-07-05 11:38:25', 'ООО "Украинские аэрозоли"/Бухгалтерия/KOZMENKO-PC', 'ООО "Украинские аэрозоли"/Таганрог/TAGANROGSKLAD', 7, 127, '', 0, NULL, NULL, NULL),
(37, 1201, NULL, '2012-07-05 11:38:25', 'ООО "Украинские аэрозоли"/Бухгалтерия/KOZMENKO-PC', 'ООО "Украинские аэрозоли"/Таганрог/TAGANROGSKLAD', 7, 127, '', 0, NULL, NULL, NULL),
(38, NULL, 37, '2012-07-05 11:38:25', 'ООО "Украинские аэрозоли"/Бухгалтерия/KOZMENKO-PC', 'ООО "Украинские аэрозоли"/Таганрог/TAGANROGSKLAD', 7, 127, '', 1, NULL, NULL, NULL),
(39, 581, NULL, '2012-07-10 17:22:44', 'ООО "Украинские аэрозоли"/Уч.АлюминевогоБалона/ONISHENKO-PC', 'ООО "Украинские аэрозоли"/Гл.Инженер/GLMEHANIKPC', 2, 127, '', 0, NULL, NULL, NULL),
(40, 1224, NULL, '2012-07-10 17:22:44', 'ООО "Украинские аэрозоли"/Уч.АлюминевогоБалона/ONISHENKO-PC', 'ООО "Украинские аэрозоли"/Гл.Инженер/GLMEHANIKPC', 2, 127, '', 0, NULL, NULL, NULL),
(41, NULL, 55, '2012-07-10 17:22:44', 'ООО "Украинские аэрозоли"/Уч.АлюминевогоБалона/ONISHENKO-PC', 'ООО "Украинские аэрозоли"/Гл.Инженер/GLMEHANIKPC', 2, 127, '', 1, NULL, NULL, NULL),
(42, 184, NULL, '2012-07-13 17:21:36', 'ООО "Украинские аэрозоли"/Гл.Инженер/GLMEHANIKPC', 'ООО "Украинские аэрозоли"/ИТ Отдел/skladIT', 2, 127, '', 0, NULL, NULL, NULL),
(43, 1177, NULL, '2012-07-13 17:21:36', 'ООО "Украинские аэрозоли"/Гл.Инженер/GLMEHANIKPC', 'ООО "Украинские аэрозоли"/ИТ Отдел/skladIT', 2, 127, '', 0, NULL, NULL, NULL),
(45, 1309, NULL, '2012-07-13 17:23:28', 'ООО "Украинские аэрозоли"/ИТ Отдел/skladIT', 'ООО "Украинские аэрозоли"/ИТ Отдел/Ремонт', 8, 126, 'Преблемы с железом, постоянно вылетает синий экран', 0, NULL, NULL, NULL),
(46, NULL, 112, '2012-07-13 17:23:28', 'ООО "Украинские аэрозоли"/ИТ Отдел/skladIT', 'ООО "Украинские аэрозоли"/ИТ Отдел/Ремонт', 8, 126, 'Преблемы с железом, постоянно вылетает синий экран', 1, NULL, NULL, NULL),
(47, 837, NULL, '2012-07-16 12:58:53', 'ООО "Украинские аэрозоли"/ОтделКадров/VLADIMIRNIK-PK', 'ООО "Украинские аэрозоли"/ОтделКадров/OK-PK', 2, 127, '', 0, NULL, NULL, NULL),
(48, NULL, 81, '2012-07-16 12:58:53', 'ООО "Украинские аэрозоли"/ОтделКадров/VLADIMIRNIK-PK', 'ООО "Украинские аэрозоли"/ОтделКадров/OK-PK', 2, 127, '', 1, NULL, NULL, NULL),
(49, 570, NULL, '2012-07-16 14:44:14', 'ООО "Украинские аэрозоли"/ОтделКадров/NACHOOTZP', 'ООО "Украинские аэрозоли"/ИТ Отдел/skladIT', 2, 127, '', 0, NULL, NULL, NULL),
(50, NULL, 54, '2012-07-16 14:44:14', 'ООО "Украинские аэрозоли"/ОтделКадров/NACHOOTZP', 'ООО "Украинские аэрозоли"/ИТ Отдел/skladIT', 2, 127, '', 1, NULL, NULL, NULL),
(51, 848, NULL, '2012-07-17 09:35:04', 'ООО "Украинские аэрозоли"/Цех/YAKIMOVICH-PC', 'ООО "Украинские аэрозоли"/ИТ Отдел/skladIT', 9, 127, 'Неисправен, ремонту не подлежит, на списание', 0, NULL, NULL, NULL),
(53, 848, NULL, '2012-07-17 13:58:25', 'ООО "Украинские аэрозоли"/ИТ Отдел/skladIT', 'ООО "Украинские аэрозоли"/Цех/YAKIMOVICH-PC', 3, 127, 'Удалось отремонтировать', 0, NULL, NULL, NULL),
(55, 1247, NULL, '2012-07-18 15:44:52', 'ООО "Украинские аэрозоли"/ИТ Отдел/skladIT', 'ООО "Украинские аэрозоли"/ИТ Отдел/Склад Серверная', 11, 127, '', 0, NULL, NULL, NULL),
(56, 1248, NULL, '2012-07-18 15:44:52', 'ООО "Украинские аэрозоли"/ИТ Отдел/skladIT', 'ООО "Украинские аэрозоли"/ИТ Отдел/Склад Серверная', 11, 127, '', 0, NULL, NULL, NULL),
(57, 1249, NULL, '2012-07-18 15:44:52', 'ООО "Украинские аэрозоли"/ИТ Отдел/skladIT', 'ООО "Украинские аэрозоли"/ИТ Отдел/Склад Серверная', 11, 127, '', 0, NULL, NULL, NULL),
(58, 1244, NULL, '2012-07-18 16:33:00', 'ООО "Украинские аэрозоли"/ИТ Отдел/skladIT', 'ООО "Украинские аэрозоли"/ИТ Отдел/Склад Серверная', 11, 127, '', 0, NULL, NULL, NULL),
(59, 1246, NULL, '2012-07-18 16:33:00', 'ООО "Украинские аэрозоли"/ИТ Отдел/skladIT', 'ООО "Украинские аэрозоли"/ИТ Отдел/Склад Серверная', 11, 127, '', 0, NULL, NULL, NULL),
(60, 1560, NULL, '2012-07-18 17:19:32', 'ООО "Украинские аэрозоли"/ИТ Отдел/skladIT', 'ООО "Украинские аэрозоли"/ИТ Отдел/Склад Серверная', 11, 127, '', 0, NULL, NULL, NULL),
(61, 1251, NULL, '2012-07-18 17:27:18', 'ООО "Украинские аэрозоли"/ИТ Отдел/skladIT', 'ООО "Украинские аэрозоли"/ИТ Отдел/Серверный шкаф1', 12, 127, '', 0, NULL, NULL, NULL),
(62, 848, NULL, '2012-07-19 08:56:40', 'ООО "Украинские аэрозоли"/Цех/YAKIMOVICH-PC', 'ООО "Украинские аэрозоли"/ИТ Отдел/skladIT', 9, 127, 'Проблемы с материнкой, разукомплектовка и списание', 0, NULL, NULL, NULL),
(64, 850, NULL, '2012-07-19 09:00:24', 'ООО "Украинские аэрозоли"/ИТ Отдел/skladIT', 'ООО "Украинские аэрозоли"/ИТ Отдел/skladIT', 13, 127, '', 0, NULL, NULL, NULL),
(65, 1577, NULL, '2012-07-19 09:01:11', 'ООО "Украинские аэрозоли"/ИТ Отдел/skladIT', 'ООО "Украинские аэрозоли"/ИТ Отдел/skladIT', 13, 127, '', 0, NULL, NULL, NULL),
(66, 851, NULL, '2012-07-19 09:01:39', 'ООО "Украинские аэрозоли"/ИТ Отдел/skladIT', 'ООО "Украинские аэрозоли"/ИТ Отдел/skladIT', 13, 127, '', 0, NULL, NULL, NULL),
(67, 852, NULL, '2012-07-19 09:02:17', 'ООО "Украинские аэрозоли"/ИТ Отдел/skladIT', 'ООО "Украинские аэрозоли"/ИТ Отдел/skladIT', 13, 127, '', 0, NULL, NULL, NULL),
(68, 848, NULL, '2012-07-19 09:03:33', 'ООО "Украинские аэрозоли"/ИТ Отдел/skladIT', 'ООО "Украинские аэрозоли"/ИТ Отдел/Склад Серверная', 9, 127, '', 0, NULL, NULL, NULL),
(70, 1628, NULL, '2012-07-19 09:36:17', 'ООО "Украинские аэрозоли"/ИТ Отдел/Склад Серверная', 'ООО "Украинские аэрозоли"/ИТ Отдел/Склад Серверная', 13, 127, '', 0, NULL, NULL, NULL),
(71, 1627, NULL, '2012-07-19 09:37:05', 'ООО "Украинские аэрозоли"/ИТ Отдел/Склад Серверная', 'ООО "Украинские аэрозоли"/ИТ Отдел/skladIT', 13, 127, '', 0, NULL, NULL, NULL),
(72, 1659, NULL, '2012-07-19 12:50:00', 'ООО "Украинские аэрозоли"/ИТ Отдел/skladIT', 'ООО "Украинские аэрозоли"/Цех/KUCHMA-PC', 2, 126, '', 0, NULL, NULL, NULL),
(73, NULL, 136, '2012-07-19 12:50:00', 'ООО "Украинские аэрозоли"/ИТ Отдел/skladIT', 'ООО "Украинские аэрозоли"/Цех/KUCHMA-PC', 2, 126, '', 1, NULL, NULL, NULL),
(74, 1309, NULL, '2012-08-02 15:18:49', 'ООО "Украинские аэрозоли"/ИТ Отдел/Ремонт', 'ООО "Украинские аэрозоли"/ИТ Отдел/skladIT', 14, 126, '', 0, NULL, NULL, NULL),
(75, NULL, 112, '2012-08-02 15:18:49', 'ООО "Украинские аэрозоли"/ИТ Отдел/Ремонт', 'ООО "Украинские аэрозоли"/ИТ Отдел/skladIT', 14, 126, '', 1, NULL, NULL, NULL),
(76, 1309, NULL, '2012-08-03 13:12:05', 'ООО "Украинские аэрозоли"/ИТ Отдел/skladIT', 'ООО " Торговый дом "Украинские аэрозоли"/ОтделПродаж/TORGDOM7', 12, 126, '', 0, NULL, NULL, NULL),
(77, NULL, 112, '2012-08-03 13:12:05', 'ООО "Украинские аэрозоли"/ИТ Отдел/skladIT', 'ООО " Торговый дом "Украинские аэрозоли"/ОтделПродаж/TORGDOM7', 12, 126, '', 1, NULL, NULL, NULL),
(78, 1265, NULL, '2012-08-06 14:11:38', 'ООО "Украинские аэрозоли"/ОхранаТруда/TARASUK-PC', 'ООО "Украинские аэрозоли"/Гл.Инженер/VIKTORIYASKLAD', 13, 126, 'В связи с увольнением сотрудника', 0, NULL, NULL, NULL),
(79, 1689, NULL, '2012-08-06 14:19:14', 'ООО "Украинские аэрозоли"/ОхранаТруда/TARASUK-PC', 'ООО "Украинские аэрозоли"/Гл.Инженер/VIKTORIYASKLAD', 4, 126, 'увольнение сотрудника', 0, NULL, NULL, NULL),
(80, 1274, NULL, '2012-08-06 14:21:19', 'ООО "Украинские аэрозоли"/Гл.Инженер/VIKTORIYASKLAD', 'ООО "Украинские аэрозоли"/ОхранаТруда/TARASUK-PC', 13, 126, '', 0, NULL, NULL, NULL),
(81, 1283, NULL, '2012-08-20 08:15:20', 'ООО "Украинские аэрозоли"/ТД Администрация/KOROBCHENKO-NT', 'ООО "Украинские аэрозоли"/ИТ Отдел/skladIT', 4, 126, 'Увольнение Коробченко', 0, NULL, NULL, NULL),
(82, NULL, 110, '2012-08-20 08:15:20', 'ООО "Украинские аэрозоли"/ТД Администрация/KOROBCHENKO-NT', 'ООО "Украинские аэрозоли"/ИТ Отдел/skladIT', 4, 126, 'Увольнение Коробченко', 1, NULL, NULL, NULL),
(83, 1271, NULL, '2012-08-22 17:17:35', 'ООО "Украинские аэрозоли"/ТД ОтделПродаж/ITNOTE', 'ООО "Украинские аэрозоли"/ИТ Отдел/Ремонт', 6, 127, 'Системная ошибка', 0, NULL, NULL, NULL),
(84, 777, NULL, '2012-08-23 10:12:35', 'ООО "Украинские аэрозоли"/ОхранаТруда/TARASUK-PC', 'ООО "Украинские аэрозоли"/Цех/jestbalceh', 7, 126, 'создание нового рабочего места', 0, NULL, NULL, NULL),
(85, 1274, NULL, '2012-08-23 10:12:35', 'ООО "Украинские аэрозоли"/ОхранаТруда/TARASUK-PC', 'ООО "Украинские аэрозоли"/Цех/jestbalceh', 7, 126, 'создание нового рабочего места', 0, NULL, NULL, NULL),
(86, NULL, 75, '2012-08-23 10:12:35', 'ООО "Украинские аэрозоли"/ОхранаТруда/TARASUK-PC', 'ООО "Украинские аэрозоли"/Цех/jestbalceh', 7, 126, 'создание нового рабочего места', 1, NULL, NULL, NULL),
(87, 1332, NULL, '2012-08-23 10:23:01', 'ООО "Украинские аэрозоли"/Уч.Алюминиевого Балона/ALBALONCEH', 'ООО "Украинские аэрозоли"/ОхранаТруда/ONISHENKO-E', 1, 126, '', 0, NULL, NULL, NULL),
(88, NULL, 113, '2012-08-23 10:23:01', 'ООО "Украинские аэрозоли"/Уч.Алюминиевого Балона/ALBALONCEH', 'ООО "Украинские аэрозоли"/ОхранаТруда/ONISHENKO-E', 1, 126, '', 1, NULL, NULL, NULL),
(89, 169, NULL, '2012-08-23 14:52:18', 'ООО "Украинские аэрозоли"/Экономический/GLEKONOMIST', 'ООО "Украинские аэрозоли"/ИТ Отдел/skladIT', 4, 127, '', 0, NULL, NULL, NULL),
(90, NULL, 18, '2012-08-23 14:52:18', 'ООО "Украинские аэрозоли"/Экономический/GLEKONOMIST', 'ООО "Украинские аэрозоли"/ИТ Отдел/skladIT', 4, 127, '', 1, NULL, NULL, NULL),
(91, 1380, NULL, '2012-08-28 09:29:52', 'ООО "Украинские аэрозоли"/ИТ Отдел/IT2', 'ООО "Украинские аэрозоли"/ИТ Отдел/skladIT', 13, 126, 'сопосталение серийного номера с инвентарным', 0, NULL, NULL, NULL),
(92, NULL, 117, '2012-08-28 09:29:52', 'ООО "Украинские аэрозоли"/ИТ Отдел/IT2', 'ООО "Украинские аэрозоли"/ИТ Отдел/skladIT', 13, 126, 'сопосталение серийного номера с инвентарным', 1, NULL, NULL, NULL),
(93, 1283, NULL, '2012-08-28 09:31:39', 'ООО "Украинские аэрозоли"/ИТ Отдел/skladIT', 'ООО "Украинские аэрозоли"/ИТ Отдел/IT2', 13, 126, 'сопоставление сериного номера с инвентарным', 0, NULL, NULL, NULL),
(94, NULL, 110, '2012-08-28 09:31:39', 'ООО "Украинские аэрозоли"/ИТ Отдел/skladIT', 'ООО "Украинские аэрозоли"/ИТ Отдел/IT2', 13, 126, 'сопоставление сериного номера с инвентарным', 1, NULL, NULL, NULL),
(95, 570, NULL, '2012-08-29 14:40:31', 'ООО "Украинские аэрозоли"/ИТ Отдел/skladIT', 'ООО "Украинские аэрозоли"/Цех/NAPOLNENIYE', 7, 126, '', 0, NULL, NULL, NULL),
(96, NULL, 54, '2012-08-29 14:40:31', 'ООО "Украинские аэрозоли"/ИТ Отдел/skladIT', 'ООО "Украинские аэрозоли"/Цех/NAPOLNENIYE', 7, 126, '', 1, NULL, NULL, NULL),
(97, 1177, NULL, '2012-08-29 14:41:31', 'ООО "Украинские аэрозоли"/ИТ Отдел/skladIT', 'ООО "Украинские аэрозоли"/Цех/NAPOLNENIYE', 7, 126, '', 0, NULL, NULL, NULL),
(98, 1146, NULL, '2012-09-03 16:02:16', 'ООО "Украинские аэрозоли"/ТД Маркетинг/TITOVETS-NOUT', 'ООО "Украинские аэрозоли"/ИТ Отдел/IT2', 2, 127, '', 0, NULL, NULL, NULL),
(99, NULL, 108, '2012-09-03 16:02:16', 'ООО "Украинские аэрозоли"/ТД Маркетинг/TITOVETS-NOUT', 'ООО "Украинские аэрозоли"/ИТ Отдел/IT2', 2, 127, '', 1, NULL, NULL, NULL),
(100, 1283, NULL, '2012-09-03 16:03:53', 'ООО "Украинские аэрозоли"/ИТ Отдел/IT2', 'ООО "Украинские аэрозоли"/ИТ Отдел/skladIT', 2, 127, '', 0, NULL, NULL, NULL),
(101, NULL, 110, '2012-09-03 16:03:53', 'ООО "Украинские аэрозоли"/ИТ Отдел/IT2', 'ООО "Украинские аэрозоли"/ИТ Отдел/skladIT', 2, 127, '', 1, NULL, NULL, NULL),
(102, 960, NULL, '2012-09-03 16:06:42', 'ООО " Торговый дом "Украинские аэрозоли"/Маркетинг/TDMARK1', 'ООО " Торговый дом "Украинские аэрозоли"/ИТ отдел', 4, 131, '', 0, NULL, NULL, NULL),
(103, NULL, 92, '2012-09-03 16:06:42', 'ООО " Торговый дом "Украинские аэрозоли"/Маркетинг/TDMARK1', 'ООО " Торговый дом "Украинские аэрозоли"/ИТ отдел', 4, 131, '', 1, NULL, NULL, NULL),
(104, 988, NULL, '2012-09-03 16:07:42', 'ООО " Торговый дом "Украинские аэрозоли"/Маркетинг/TDMARK3', 'ООО " Торговый дом "Украинские аэрозоли"/ИТ отдел', 4, 131, '', 0, NULL, NULL, NULL),
(105, NULL, 94, '2012-09-03 16:07:42', 'ООО " Торговый дом "Украинские аэрозоли"/Маркетинг/TDMARK3', 'ООО " Торговый дом "Украинские аэрозоли"/ИТ отдел', 4, 131, '', 1, NULL, NULL, NULL),
(106, 960, NULL, '2012-09-04 09:06:39', 'ООО " Торговый дом "Украинские аэрозоли"/ИТ отдел', 'ООО " Торговый дом "Украинские аэрозоли"/Администрация/TDZAMDIR', 2, 131, '', 0, NULL, NULL, NULL),
(107, NULL, 92, '2012-09-04 09:06:39', 'ООО " Торговый дом "Украинские аэрозоли"/ИТ отдел', 'ООО " Торговый дом "Украинские аэрозоли"/Администрация/TDZAMDIR', 2, 131, '', 1, NULL, NULL, NULL),
(108, 1671, NULL, '2012-09-04 10:20:31', 'ООО "Украинские аэрозоли"/Приемная/DEVYATKINA-PC', 'ООО "Украинские аэрозоли"/Администрация/FINDIR', 4, 127, '', 0, NULL, NULL, NULL),
(109, 86, NULL, '2012-09-04 10:22:27', 'ООО "Украинские аэрозоли"/Приемная/DEVYATKINA-PC', 'ООО "Украинские аэрозоли"/ИТ Отдел/skladIT', 4, 127, '', 0, NULL, NULL, NULL),
(110, NULL, 10, '2012-09-04 10:22:27', 'ООО "Украинские аэрозоли"/Приемная/DEVYATKINA-PC', 'ООО "Украинские аэрозоли"/ИТ Отдел/skladIT', 4, 127, '', 1, NULL, NULL, NULL),
(111, 1170, NULL, '2012-09-04 10:22:50', 'ООО "Украинские аэрозоли"/Приемная/DEVYATKINA-PC', 'ООО "Украинские аэрозоли"/ИТ Отдел/skladIT', 4, 127, '', 0, NULL, NULL, NULL),
(112, 679, NULL, '2012-09-04 10:24:18', 'ООО "Украинские аэрозоли"/ОТК/SATSURAANNA-PC', 'ООО "Украинские аэрозоли"/ИТ Отдел/skladIT', 11, 127, '', 0, NULL, NULL, NULL),
(114, 687, NULL, '2012-09-04 10:29:53', 'ООО "Украинские аэрозоли"/ИТ Отдел/skladIT', 'ООО "Украинские аэрозоли"/ИТ Отдел/skladIT', 13, 126, '', 0, NULL, NULL, NULL),
(115, 682, NULL, '2012-09-04 10:29:53', 'ООО "Украинские аэрозоли"/ИТ Отдел/skladIT', 'ООО "Украинские аэрозоли"/ИТ Отдел/skladIT', 13, 126, '', 0, NULL, NULL, NULL),
(116, 683, NULL, '2012-09-04 10:29:53', 'ООО "Украинские аэрозоли"/ИТ Отдел/skladIT', 'ООО "Украинские аэрозоли"/ИТ Отдел/skladIT', 13, 126, '', 0, NULL, NULL, NULL),
(117, 681, NULL, '2012-09-04 10:29:53', 'ООО "Украинские аэрозоли"/ИТ Отдел/skladIT', 'ООО "Украинские аэрозоли"/ИТ Отдел/skladIT', 13, 126, '', 0, NULL, NULL, NULL),
(118, 684, NULL, '2012-09-04 10:29:53', 'ООО "Украинские аэрозоли"/ИТ Отдел/skladIT', 'ООО "Украинские аэрозоли"/ИТ Отдел/skladIT', 13, 126, '', 0, NULL, NULL, NULL),
(119, 685, NULL, '2012-09-04 10:29:53', 'ООО "Украинские аэрозоли"/ИТ Отдел/skladIT', 'ООО "Украинские аэрозоли"/ИТ Отдел/skladIT', 13, 126, '', 0, NULL, NULL, NULL),
(120, 685, NULL, '2012-09-04 10:34:11', 'ООО "Украинские аэрозоли"/ИТ Отдел/skladIT', 'ООО "Украинские аэрозоли"/ИТ Отдел/Склад Серверная', 15, 127, '', 0, NULL, NULL, NULL),
(121, 679, NULL, '2012-09-04 10:41:17', 'ООО "Украинские аэрозоли"/ИТ Отдел/skladIT', 'ООО "Украинские аэрозоли"/ИТ Отдел/Склад Серверная', 9, 126, '', 0, NULL, NULL, NULL),
(123, 827, NULL, '2012-09-04 13:06:52', 'ООО "Украинские аэрозоли"/Гл.Инженер/VIKTORIYASKLAD', 'ООО "Украинские аэрозоли"/ИТ Отдел/skladIT', 5, 126, '', 0, NULL, NULL, NULL),
(124, NULL, 80, '2012-09-04 13:06:52', 'ООО "Украинские аэрозоли"/Гл.Инженер/VIKTORIYASKLAD', 'ООО "Украинские аэрозоли"/ИТ Отдел/skladIT', 5, 126, '', 1, NULL, NULL, NULL),
(125, 86, NULL, '2012-09-04 13:08:11', 'ООО "Украинские аэрозоли"/ИТ Отдел/skladIT', 'ООО "Украинские аэрозоли"/Гл.Инженер/GLENGINEER', 5, 126, '', 0, NULL, NULL, NULL),
(126, NULL, 10, '2012-09-04 13:08:11', 'ООО "Украинские аэрозоли"/ИТ Отдел/skladIT', 'ООО "Украинские аэрозоли"/Гл.Инженер/GLENGINEER', 5, 126, '', 1, NULL, NULL, NULL),
(127, 1265, NULL, '2012-09-04 13:11:35', 'ООО "Украинские аэрозоли"/Гл.Инженер/GLENGINEER', 'ООО "Украинские аэрозоли"/ОхранаТруда/ONISHENKO-E', 3, 126, '', 0, NULL, NULL, NULL),
(128, 851, NULL, '2012-09-04 13:31:54', 'ООО "Украинские аэрозоли"/ИТ Отдел/skladIT', 'ООО "Украинские аэрозоли"/ИТ Отдел/skladIT', 10, 127, '', 0, NULL, NULL, NULL),
(129, 684, NULL, '2012-09-04 13:31:54', 'ООО "Украинские аэрозоли"/ИТ Отдел/skladIT', 'ООО "Украинские аэрозоли"/ИТ Отдел/skladIT', 10, 127, '', 0, NULL, NULL, NULL),
(130, 827, NULL, '2012-09-04 16:52:53', 'ООО "Украинские аэрозоли"/ИТ Отдел/skladIT', 'ООО "Украинские аэрозоли"/ОТК/OTK2', 12, 126, '', 0, NULL, NULL, NULL),
(131, NULL, 80, '2012-09-04 16:52:53', 'ООО "Украинские аэрозоли"/ИТ Отдел/skladIT', 'ООО "Украинские аэрозоли"/ОТК/OTK2', 12, 126, '', 1, NULL, NULL, NULL),
(132, 1600, NULL, '2012-09-06 10:52:57', 'ООО "Украинские аэрозоли"/ИТ Отдел/Склад Серверная', 'ООО "Украинские аэрозоли"/Экономический/EKONOMIST1', 2, 126, '', 0, NULL, NULL, NULL),
(133, 1657, NULL, '2012-09-06 13:30:45', 'ООО "Украинские аэрозоли"/ИТ Отдел/skladIT', 'ООО "Украинские аэрозоли"/Экономический/EKONOMIST1', 12, 126, '', 0, NULL, NULL, NULL);

-- 
-- Вывод данных для таблицы gate
--
INSERT INTO gate VALUES
(1, '192.168.200.1');

-- 
-- Вывод данных для таблицы devtree
--
INSERT INTO devtree VALUES
(41, 41, 0),
(42, 42, 0),
(42, 41, 1),
(43, 43, 0),
(43, 41, 1),
(44, 44, 0),
(44, 41, 1),
(45, 45, 0),
(45, 41, 1),
(46, 46, 0),
(46, 41, 1),
(47, 47, 0),
(47, 41, 1),
(48, 48, 0),
(48, 41, 1),
(49, 49, 0),
(49, 41, 1),
(50, 50, 0),
(50, 41, 1),
(51, 51, 0),
(52, 52, 0),
(52, 51, 1),
(53, 53, 0),
(53, 51, 1),
(54, 54, 0),
(54, 51, 1),
(55, 55, 0),
(55, 51, 1),
(56, 56, 0),
(56, 51, 1),
(57, 57, 0),
(57, 51, 1),
(58, 58, 0),
(58, 51, 1),
(59, 59, 0),
(59, 51, 1),
(60, 60, 0),
(60, 51, 1),
(61, 61, 0),
(61, 51, 1),
(62, 62, 0),
(62, 51, 1),
(63, 63, 0),
(63, 51, 1),
(64, 64, 0),
(64, 51, 1),
(65, 65, 0),
(65, 51, 1),
(66, 66, 0),
(67, 67, 0),
(67, 66, 1),
(68, 68, 0),
(68, 66, 1),
(69, 69, 0),
(69, 66, 1),
(70, 70, 0),
(70, 66, 1),
(71, 71, 0),
(71, 66, 1),
(72, 72, 0),
(72, 66, 1),
(73, 73, 0),
(73, 66, 1),
(74, 74, 0),
(74, 66, 1),
(75, 75, 0),
(76, 76, 0),
(76, 75, 1),
(77, 77, 0),
(77, 75, 1),
(78, 78, 0),
(78, 75, 1),
(79, 79, 0),
(79, 75, 1),
(80, 80, 0),
(80, 75, 1),
(81, 81, 0),
(81, 75, 1),
(82, 82, 0),
(82, 75, 1),
(83, 83, 0),
(83, 75, 1),
(84, 84, 0),
(84, 75, 1),
(85, 85, 0),
(85, 75, 1),
(86, 86, 0),
(87, 87, 0),
(87, 86, 1),
(88, 88, 0),
(88, 86, 1),
(89, 89, 0),
(89, 86, 1),
(90, 90, 0),
(90, 86, 1),
(91, 91, 0),
(91, 86, 1),
(92, 92, 0),
(92, 86, 1),
(93, 93, 0),
(93, 86, 1),
(94, 94, 0),
(94, 86, 1),
(95, 95, 0),
(96, 96, 0),
(96, 95, 1),
(97, 97, 0),
(97, 95, 1),
(98, 98, 0),
(98, 95, 1),
(99, 99, 0),
(99, 95, 1),
(100, 100, 0),
(100, 95, 1),
(101, 101, 0),
(101, 95, 1),
(102, 102, 0),
(102, 95, 1),
(103, 103, 0),
(103, 95, 1),
(104, 104, 0),
(104, 95, 1),
(105, 105, 0),
(106, 106, 0),
(106, 105, 1),
(107, 107, 0),
(107, 105, 1),
(108, 108, 0),
(108, 105, 1),
(109, 109, 0),
(109, 105, 1),
(110, 110, 0),
(110, 105, 1),
(111, 111, 0),
(111, 105, 1),
(112, 112, 0),
(112, 105, 1),
(113, 113, 0),
(113, 105, 1),
(114, 114, 0),
(114, 105, 1),
(115, 115, 0),
(115, 105, 1),
(116, 116, 0),
(116, 105, 1),
(117, 117, 0),
(118, 118, 0),
(118, 117, 1),
(119, 119, 0),
(119, 117, 1),
(120, 120, 0),
(120, 117, 1),
(121, 121, 0),
(121, 117, 1),
(122, 122, 0),
(122, 117, 1),
(123, 123, 0),
(123, 117, 1),
(124, 124, 0),
(124, 117, 1),
(125, 125, 0),
(125, 117, 1),
(126, 126, 0),
(126, 117, 1),
(127, 127, 0),
(127, 117, 1),
(128, 128, 0),
(129, 129, 0),
(129, 128, 1),
(130, 130, 0),
(130, 128, 1),
(131, 131, 0),
(131, 128, 1),
(132, 132, 0),
(132, 128, 1),
(133, 133, 0),
(133, 128, 1),
(134, 134, 0),
(134, 128, 1),
(135, 135, 0),
(135, 128, 1),
(136, 136, 0),
(136, 128, 1),
(137, 137, 0),
(137, 128, 1),
(138, 138, 0),
(138, 128, 1),
(139, 139, 0),
(139, 128, 1),
(140, 140, 0),
(140, 128, 1),
(141, 141, 0),
(142, 142, 0),
(142, 141, 1),
(143, 143, 0),
(143, 141, 1),
(144, 144, 0),
(144, 141, 1),
(145, 145, 0),
(145, 141, 1),
(146, 146, 0),
(146, 141, 1),
(147, 147, 0),
(147, 141, 1),
(148, 148, 0),
(148, 141, 1),
(149, 149, 0),
(149, 141, 1),
(150, 150, 0),
(151, 151, 0),
(151, 150, 1),
(152, 152, 0),
(152, 150, 1),
(153, 153, 0),
(153, 150, 1),
(154, 154, 0),
(154, 150, 1),
(155, 155, 0),
(155, 150, 1),
(156, 156, 0),
(156, 150, 1),
(157, 157, 0),
(157, 150, 1),
(158, 158, 0),
(158, 150, 1),
(159, 159, 0),
(159, 150, 1),
(160, 160, 0),
(161, 161, 0),
(161, 160, 1),
(162, 162, 0),
(162, 160, 1),
(163, 163, 0),
(163, 160, 1),
(164, 164, 0),
(164, 160, 1),
(165, 165, 0),
(165, 160, 1),
(166, 166, 0),
(166, 160, 1),
(167, 167, 0),
(167, 160, 1),
(168, 168, 0),
(168, 160, 1),
(169, 169, 0),
(170, 170, 0),
(170, 169, 1),
(171, 171, 0),
(171, 169, 1),
(172, 172, 0),
(172, 169, 1),
(173, 173, 0),
(173, 169, 1),
(174, 174, 0),
(174, 169, 1),
(175, 175, 0),
(175, 169, 1),
(176, 176, 0),
(176, 169, 1),
(177, 177, 0),
(177, 169, 1),
(178, 178, 0),
(178, 169, 1),
(179, 179, 0),
(179, 169, 1),
(180, 180, 0),
(180, 169, 1),
(181, 181, 0),
(181, 169, 1),
(182, 182, 0),
(182, 169, 1),
(183, 183, 0),
(183, 169, 1),
(184, 184, 0),
(185, 185, 0),
(185, 184, 1),
(186, 186, 0),
(186, 184, 1),
(187, 187, 0),
(187, 184, 1),
(189, 189, 0),
(189, 184, 1),
(191, 191, 0),
(191, 184, 1),
(192, 192, 0),
(192, 184, 1),
(193, 193, 0),
(193, 184, 1),
(194, 194, 0),
(195, 195, 0),
(195, 194, 1),
(196, 196, 0),
(196, 194, 1),
(197, 197, 0),
(197, 194, 1),
(198, 198, 0),
(198, 194, 1),
(199, 199, 0),
(199, 194, 1),
(200, 200, 0),
(200, 194, 1),
(201, 201, 0),
(201, 194, 1),
(202, 202, 0),
(202, 194, 1),
(203, 203, 0),
(203, 194, 1),
(204, 204, 0),
(204, 194, 1),
(205, 205, 0),
(205, 194, 1),
(206, 206, 0),
(206, 194, 1),
(207, 207, 0),
(207, 194, 1),
(208, 208, 0),
(208, 194, 1),
(209, 209, 0),
(209, 194, 1),
(210, 210, 0),
(210, 194, 1),
(211, 211, 0),
(212, 212, 0),
(212, 211, 1),
(213, 213, 0),
(213, 211, 1),
(214, 214, 0),
(214, 211, 1),
(215, 215, 0),
(215, 211, 1),
(216, 216, 0),
(216, 211, 1),
(217, 217, 0),
(217, 211, 1),
(218, 218, 0),
(218, 211, 1),
(219, 219, 0),
(219, 211, 1),
(220, 220, 0),
(221, 221, 0),
(221, 220, 1),
(222, 222, 0),
(222, 220, 1),
(223, 223, 0),
(223, 220, 1),
(224, 224, 0),
(224, 220, 1),
(225, 225, 0),
(225, 220, 1),
(226, 226, 0),
(226, 220, 1),
(227, 227, 0),
(227, 220, 1),
(228, 228, 0),
(228, 220, 1),
(229, 229, 0),
(229, 220, 1),
(230, 230, 0),
(230, 220, 1),
(231, 231, 0),
(231, 220, 1),
(232, 232, 0),
(233, 233, 0),
(233, 232, 1),
(234, 234, 0),
(234, 232, 1),
(235, 235, 0),
(235, 232, 1),
(236, 236, 0),
(236, 232, 1),
(237, 237, 0),
(237, 232, 1),
(238, 238, 0),
(238, 232, 1),
(239, 239, 0),
(239, 232, 1),
(240, 240, 0),
(240, 232, 1),
(241, 241, 0),
(241, 232, 1),
(242, 242, 0),
(242, 232, 1),
(243, 243, 0),
(243, 232, 1),
(244, 244, 0),
(245, 245, 0),
(245, 244, 1),
(246, 246, 0),
(246, 244, 1),
(247, 247, 0),
(247, 244, 1),
(248, 248, 0),
(248, 244, 1),
(249, 249, 0),
(249, 244, 1),
(250, 250, 0),
(250, 244, 1),
(251, 251, 0),
(251, 244, 1),
(252, 252, 0),
(252, 244, 1),
(253, 253, 0),
(253, 244, 1),
(254, 254, 0),
(254, 244, 1),
(255, 255, 0),
(255, 244, 1),
(256, 256, 0),
(256, 244, 1),
(257, 257, 0),
(257, 244, 1),
(258, 258, 0),
(259, 259, 0),
(259, 258, 1),
(260, 260, 0),
(260, 258, 1),
(261, 261, 0),
(261, 258, 1),
(262, 262, 0),
(262, 258, 1),
(263, 263, 0),
(263, 258, 1),
(264, 264, 0),
(264, 258, 1),
(265, 265, 0),
(265, 258, 1),
(266, 266, 0),
(266, 258, 1),
(267, 267, 0),
(267, 258, 1),
(268, 268, 0),
(268, 258, 1),
(269, 269, 0),
(269, 258, 1),
(270, 270, 0),
(271, 271, 0),
(271, 270, 1),
(272, 272, 0),
(272, 270, 1),
(273, 273, 0),
(273, 270, 1),
(274, 274, 0),
(274, 270, 1),
(275, 275, 0),
(275, 270, 1),
(276, 276, 0),
(276, 270, 1),
(277, 277, 0),
(277, 270, 1),
(278, 278, 0),
(278, 270, 1),
(279, 279, 0),
(279, 270, 1),
(280, 280, 0),
(280, 270, 1),
(281, 281, 0),
(281, 270, 1),
(282, 282, 0),
(283, 283, 0),
(283, 282, 1),
(284, 284, 0),
(284, 282, 1),
(285, 285, 0),
(285, 282, 1),
(286, 286, 0),
(286, 282, 1),
(287, 287, 0),
(287, 282, 1),
(288, 288, 0),
(288, 282, 1),
(289, 289, 0),
(289, 282, 1),
(290, 290, 0),
(290, 282, 1),
(291, 291, 0),
(291, 282, 1),
(292, 292, 0),
(292, 282, 1),
(293, 293, 0),
(293, 282, 1),
(294, 294, 0),
(295, 295, 0),
(295, 294, 1),
(296, 296, 0),
(296, 294, 1),
(297, 297, 0),
(297, 294, 1),
(298, 298, 0),
(298, 294, 1),
(299, 299, 0),
(299, 294, 1),
(300, 300, 0),
(300, 294, 1),
(301, 301, 0),
(301, 294, 1),
(302, 302, 0),
(302, 294, 1),
(303, 303, 0),
(303, 294, 1),
(304, 304, 0),
(304, 294, 1),
(305, 305, 0),
(306, 306, 0),
(306, 305, 1),
(307, 307, 0),
(307, 305, 1),
(308, 308, 0),
(308, 305, 1),
(309, 309, 0),
(309, 305, 1),
(310, 310, 0),
(310, 305, 1),
(311, 311, 0),
(311, 305, 1),
(312, 312, 0),
(312, 305, 1),
(313, 313, 0),
(313, 305, 1),
(314, 314, 0),
(315, 315, 0),
(315, 314, 1),
(316, 316, 0),
(316, 314, 1),
(317, 317, 0),
(317, 314, 1),
(318, 318, 0),
(318, 314, 1),
(319, 319, 0),
(319, 314, 1),
(320, 320, 0),
(320, 314, 1),
(321, 321, 0),
(321, 314, 1),
(322, 322, 0),
(322, 314, 1),
(323, 323, 0),
(323, 314, 1),
(324, 324, 0),
(324, 314, 1),
(325, 325, 0),
(326, 326, 0),
(326, 325, 1),
(327, 327, 0),
(327, 325, 1),
(328, 328, 0),
(328, 325, 1),
(329, 329, 0),
(329, 325, 1),
(330, 330, 0),
(330, 325, 1),
(331, 331, 0),
(331, 325, 1),
(332, 332, 0),
(332, 325, 1),
(333, 333, 0),
(333, 325, 1),
(334, 334, 0),
(334, 325, 1),
(335, 335, 0),
(335, 325, 1),
(336, 336, 0),
(336, 325, 1),
(337, 337, 0),
(337, 325, 1),
(338, 338, 0),
(338, 325, 1),
(339, 339, 0),
(339, 325, 1),
(340, 340, 0),
(340, 325, 1),
(341, 341, 0),
(342, 342, 0),
(342, 341, 1),
(343, 343, 0),
(343, 341, 1),
(344, 344, 0),
(344, 341, 1),
(345, 345, 0),
(345, 341, 1),
(346, 346, 0),
(346, 341, 1),
(347, 347, 0),
(347, 341, 1),
(348, 348, 0),
(348, 341, 1),
(349, 349, 0),
(349, 341, 1),
(350, 350, 0),
(350, 341, 1),
(351, 351, 0),
(352, 352, 0),
(352, 351, 1),
(353, 353, 0),
(353, 351, 1),
(354, 354, 0),
(354, 351, 1),
(355, 355, 0),
(355, 351, 1),
(356, 356, 0),
(356, 351, 1),
(357, 357, 0),
(357, 351, 1),
(358, 358, 0),
(358, 351, 1),
(359, 359, 0),
(359, 351, 1),
(360, 360, 0),
(360, 351, 1),
(361, 361, 0),
(362, 362, 0),
(362, 361, 1),
(363, 363, 0),
(363, 361, 1),
(364, 364, 0),
(364, 361, 1),
(365, 365, 0),
(365, 361, 1),
(366, 366, 0),
(366, 361, 1),
(367, 367, 0),
(367, 361, 1),
(368, 368, 0),
(368, 361, 1),
(369, 369, 0),
(369, 361, 1),
(370, 370, 0),
(370, 361, 1),
(371, 371, 0),
(372, 372, 0),
(372, 371, 1),
(373, 373, 0),
(373, 371, 1),
(374, 374, 0),
(374, 371, 1),
(375, 375, 0),
(375, 371, 1),
(376, 376, 0),
(376, 371, 1),
(377, 377, 0),
(377, 371, 1),
(378, 378, 0),
(378, 371, 1),
(379, 379, 0),
(379, 371, 1),
(380, 380, 0),
(380, 371, 1),
(381, 381, 0),
(381, 371, 1),
(382, 382, 0),
(383, 383, 0),
(383, 382, 1),
(384, 384, 0),
(384, 382, 1),
(385, 385, 0),
(385, 382, 1),
(386, 386, 0),
(386, 382, 1),
(387, 387, 0),
(387, 382, 1),
(388, 388, 0),
(388, 382, 1),
(389, 389, 0),
(389, 382, 1),
(390, 390, 0),
(390, 382, 1),
(391, 391, 0),
(391, 382, 1),
(392, 392, 0),
(393, 393, 0),
(393, 392, 1),
(394, 394, 0),
(394, 392, 1),
(395, 395, 0),
(395, 392, 1),
(396, 396, 0),
(396, 392, 1),
(397, 397, 0),
(397, 392, 1),
(398, 398, 0),
(398, 392, 1),
(399, 399, 0),
(399, 392, 1),
(400, 400, 0),
(400, 392, 1),
(401, 401, 0),
(401, 392, 1),
(402, 402, 0),
(402, 392, 1),
(403, 403, 0),
(404, 404, 0),
(404, 403, 1),
(405, 405, 0),
(405, 403, 1),
(406, 406, 0),
(406, 403, 1),
(407, 407, 0),
(407, 403, 1),
(408, 408, 0),
(408, 403, 1),
(409, 409, 0),
(409, 403, 1),
(410, 410, 0),
(410, 403, 1),
(411, 411, 0),
(411, 403, 1),
(412, 412, 0),
(412, 403, 1),
(413, 413, 0),
(414, 414, 0),
(414, 413, 1),
(415, 415, 0),
(415, 413, 1),
(416, 416, 0),
(416, 413, 1),
(417, 417, 0),
(417, 413, 1),
(418, 418, 0),
(418, 413, 1),
(419, 419, 0),
(419, 413, 1),
(420, 420, 0),
(420, 413, 1),
(421, 421, 0),
(421, 413, 1),
(422, 422, 0),
(422, 413, 1),
(423, 423, 0),
(423, 413, 1),
(424, 424, 0),
(425, 425, 0),
(425, 424, 1),
(426, 426, 0),
(426, 424, 1),
(427, 427, 0),
(427, 424, 1),
(428, 428, 0),
(428, 424, 1),
(429, 429, 0),
(429, 424, 1),
(430, 430, 0),
(430, 424, 1),
(431, 431, 0),
(431, 424, 1),
(432, 432, 0),
(432, 424, 1),
(433, 433, 0),
(434, 434, 0),
(434, 433, 1),
(435, 435, 0),
(435, 433, 1),
(436, 436, 0),
(436, 433, 1),
(437, 437, 0),
(437, 433, 1),
(438, 438, 0),
(438, 433, 1),
(439, 439, 0),
(439, 433, 1),
(440, 440, 0),
(440, 433, 1),
(441, 441, 0),
(441, 433, 1),
(442, 442, 0),
(442, 433, 1),
(443, 443, 0),
(444, 444, 0),
(444, 443, 1),
(445, 445, 0),
(445, 443, 1),
(446, 446, 0),
(446, 443, 1),
(447, 447, 0),
(447, 443, 1),
(448, 448, 0),
(448, 443, 1),
(449, 449, 0),
(449, 443, 1),
(450, 450, 0),
(450, 443, 1),
(451, 451, 0),
(451, 443, 1),
(452, 452, 0),
(452, 443, 1),
(453, 453, 0),
(453, 443, 1),
(454, 454, 0),
(455, 455, 0),
(455, 454, 1),
(456, 456, 0),
(456, 454, 1),
(457, 457, 0),
(457, 454, 1),
(458, 458, 0),
(458, 454, 1),
(459, 459, 0),
(459, 454, 1),
(460, 460, 0),
(460, 454, 1),
(461, 461, 0),
(461, 454, 1),
(462, 462, 0),
(462, 454, 1),
(463, 463, 0),
(464, 464, 0),
(464, 463, 1),
(465, 465, 0),
(465, 463, 1),
(466, 466, 0),
(466, 463, 1),
(467, 467, 0),
(467, 463, 1),
(468, 468, 0),
(468, 463, 1),
(469, 469, 0),
(469, 463, 1),
(470, 470, 0),
(470, 463, 1),
(471, 471, 0),
(471, 463, 1),
(472, 472, 0),
(473, 473, 0),
(473, 472, 1),
(474, 474, 0),
(474, 472, 1),
(475, 475, 0),
(475, 472, 1),
(476, 476, 0),
(476, 472, 1),
(477, 477, 0),
(477, 472, 1),
(478, 478, 0),
(478, 472, 1),
(479, 479, 0),
(479, 472, 1),
(480, 480, 0),
(480, 472, 1),
(481, 481, 0),
(481, 472, 1),
(482, 482, 0),
(483, 483, 0),
(483, 482, 1),
(484, 484, 0),
(484, 482, 1),
(485, 485, 0),
(485, 482, 1),
(486, 486, 0),
(486, 482, 1),
(487, 487, 0),
(487, 482, 1),
(488, 488, 0),
(488, 482, 1),
(489, 489, 0),
(489, 482, 1),
(490, 490, 0),
(490, 482, 1),
(491, 491, 0),
(491, 482, 1),
(492, 492, 0),
(493, 493, 0),
(493, 492, 1),
(494, 494, 0),
(494, 492, 1),
(495, 495, 0),
(495, 492, 1),
(496, 496, 0),
(496, 492, 1),
(497, 497, 0),
(497, 492, 1),
(498, 498, 0),
(498, 492, 1),
(499, 499, 0),
(499, 492, 1),
(500, 500, 0),
(500, 492, 1),
(501, 501, 0),
(501, 492, 1),
(502, 502, 0),
(502, 492, 1),
(503, 503, 0),
(504, 504, 0),
(504, 503, 1),
(505, 505, 0),
(505, 503, 1),
(506, 506, 0),
(506, 503, 1),
(507, 507, 0),
(507, 503, 1),
(508, 508, 0),
(508, 503, 1),
(509, 509, 0),
(509, 503, 1),
(510, 510, 0),
(510, 503, 1),
(511, 511, 0),
(511, 503, 1),
(512, 512, 0),
(512, 503, 1),
(513, 513, 0),
(514, 514, 0),
(514, 513, 1),
(515, 515, 0),
(515, 513, 1),
(516, 516, 0),
(516, 513, 1),
(517, 517, 0),
(517, 513, 1),
(518, 518, 0),
(518, 513, 1),
(519, 519, 0),
(519, 513, 1),
(520, 520, 0),
(520, 513, 1),
(521, 521, 0),
(521, 513, 1),
(522, 522, 0),
(522, 513, 1),
(523, 523, 0),
(524, 524, 0),
(524, 523, 1),
(525, 525, 0),
(525, 523, 1),
(526, 526, 0),
(526, 523, 1),
(527, 527, 0),
(527, 523, 1),
(528, 528, 0),
(528, 523, 1),
(529, 529, 0),
(529, 523, 1),
(530, 530, 0),
(530, 523, 1),
(531, 531, 0),
(531, 523, 1),
(532, 532, 0),
(532, 523, 1),
(533, 533, 0),
(534, 534, 0),
(534, 533, 1),
(535, 535, 0),
(535, 533, 1),
(536, 536, 0),
(536, 533, 1),
(537, 537, 0),
(537, 533, 1),
(538, 538, 0),
(538, 533, 1),
(539, 539, 0),
(539, 533, 1),
(540, 540, 0),
(540, 533, 1),
(541, 541, 0),
(541, 533, 1),
(542, 542, 0),
(542, 533, 1),
(543, 543, 0),
(544, 544, 0),
(544, 543, 1),
(545, 545, 0),
(545, 543, 1),
(546, 546, 0),
(546, 543, 1),
(547, 547, 0),
(547, 543, 1),
(548, 548, 0),
(548, 543, 1),
(549, 549, 0),
(549, 543, 1),
(550, 550, 0),
(550, 543, 1),
(551, 551, 0),
(551, 543, 1),
(552, 552, 0),
(552, 543, 1),
(553, 553, 0),
(553, 543, 1),
(554, 554, 0),
(554, 543, 1),
(555, 555, 0),
(555, 543, 1),
(556, 556, 0),
(557, 557, 0),
(557, 556, 1),
(558, 558, 0),
(558, 556, 1),
(559, 559, 0),
(559, 556, 1),
(560, 560, 0),
(560, 556, 1),
(561, 561, 0),
(561, 556, 1),
(562, 562, 0),
(562, 556, 1),
(563, 563, 0),
(563, 556, 1),
(564, 564, 0),
(564, 556, 1),
(565, 565, 0),
(565, 556, 1),
(566, 566, 0),
(566, 556, 1),
(567, 567, 0),
(567, 556, 1),
(568, 568, 0),
(568, 556, 1),
(569, 569, 0),
(569, 556, 1),
(570, 570, 0),
(571, 571, 0),
(571, 570, 1),
(572, 572, 0),
(572, 570, 1),
(573, 573, 0),
(573, 570, 1),
(574, 574, 0),
(574, 570, 1),
(575, 575, 0),
(575, 570, 1),
(576, 576, 0),
(576, 570, 1),
(577, 577, 0),
(577, 570, 1),
(578, 578, 0),
(578, 570, 1),
(579, 579, 0),
(579, 570, 1),
(580, 580, 0),
(580, 570, 1),
(581, 581, 0),
(582, 582, 0),
(582, 581, 1),
(583, 583, 0),
(583, 581, 1),
(584, 584, 0),
(584, 581, 1),
(585, 585, 0),
(585, 581, 1),
(586, 586, 0),
(586, 581, 1),
(587, 587, 0),
(587, 581, 1),
(588, 588, 0),
(588, 581, 1),
(589, 589, 0),
(589, 581, 1),
(590, 590, 0),
(591, 591, 0),
(591, 590, 1),
(592, 592, 0),
(592, 590, 1),
(593, 593, 0),
(593, 590, 1),
(594, 594, 0),
(594, 590, 1),
(595, 595, 0),
(595, 590, 1),
(596, 596, 0),
(596, 590, 1),
(597, 597, 0),
(597, 590, 1),
(598, 598, 0),
(598, 590, 1),
(599, 599, 0),
(599, 590, 1),
(600, 600, 0),
(601, 601, 0),
(601, 600, 1),
(602, 602, 0),
(602, 600, 1),
(603, 603, 0),
(603, 600, 1),
(604, 604, 0),
(604, 600, 1),
(605, 605, 0),
(605, 600, 1),
(606, 606, 0),
(606, 600, 1),
(607, 607, 0),
(607, 600, 1),
(608, 608, 0),
(608, 600, 1),
(609, 609, 0),
(609, 600, 1),
(610, 610, 0),
(610, 600, 1),
(611, 611, 0),
(612, 612, 0),
(612, 611, 1),
(613, 613, 0),
(613, 611, 1),
(614, 614, 0),
(614, 611, 1),
(615, 615, 0),
(615, 611, 1),
(616, 616, 0),
(616, 611, 1),
(617, 617, 0),
(617, 611, 1),
(618, 618, 0),
(618, 611, 1),
(619, 619, 0),
(619, 611, 1),
(620, 620, 0),
(621, 621, 0),
(621, 620, 1),
(622, 622, 0),
(622, 620, 1),
(623, 623, 0),
(623, 620, 1),
(624, 624, 0),
(624, 620, 1),
(625, 625, 0),
(625, 620, 1),
(626, 626, 0),
(626, 620, 1),
(627, 627, 0),
(627, 620, 1),
(628, 628, 0),
(628, 620, 1),
(629, 629, 0),
(630, 630, 0),
(630, 629, 1),
(631, 631, 0),
(631, 629, 1),
(632, 632, 0),
(632, 629, 1),
(633, 633, 0),
(633, 629, 1),
(634, 634, 0),
(634, 629, 1),
(635, 635, 0),
(635, 629, 1),
(636, 636, 0),
(636, 629, 1),
(637, 637, 0),
(637, 629, 1),
(638, 638, 0),
(639, 639, 0),
(639, 638, 1),
(640, 640, 0),
(640, 638, 1),
(641, 641, 0),
(641, 638, 1),
(642, 642, 0),
(642, 638, 1),
(643, 643, 0),
(643, 638, 1),
(644, 644, 0),
(644, 638, 1),
(645, 645, 0),
(645, 638, 1),
(646, 646, 0),
(646, 638, 1),
(647, 647, 0),
(647, 638, 1),
(648, 648, 0),
(648, 638, 1),
(649, 649, 0),
(650, 650, 0),
(650, 649, 1),
(651, 651, 0),
(651, 649, 1),
(652, 652, 0),
(652, 649, 1),
(653, 653, 0),
(653, 649, 1),
(654, 654, 0),
(654, 649, 1),
(655, 655, 0),
(655, 649, 1),
(656, 656, 0),
(656, 649, 1),
(657, 657, 0),
(657, 649, 1),
(658, 658, 0),
(659, 659, 0),
(659, 658, 1),
(660, 660, 0),
(660, 658, 1),
(661, 661, 0),
(661, 658, 1),
(662, 662, 0),
(662, 658, 1),
(663, 663, 0),
(663, 658, 1),
(664, 664, 0),
(664, 658, 1),
(665, 665, 0),
(665, 658, 1),
(666, 666, 0),
(666, 658, 1),
(667, 667, 0),
(667, 658, 1),
(668, 668, 0),
(668, 658, 1),
(669, 669, 0),
(669, 658, 1),
(670, 670, 0),
(671, 671, 0),
(671, 670, 1),
(672, 672, 0),
(672, 670, 1),
(673, 673, 0),
(673, 670, 1),
(674, 674, 0),
(674, 670, 1),
(675, 675, 0),
(675, 670, 1),
(676, 676, 0),
(676, 670, 1),
(677, 677, 0),
(677, 670, 1),
(678, 678, 0),
(678, 670, 1),
(679, 679, 0),
(680, 680, 0),
(680, 679, 1),
(681, 681, 0),
(682, 682, 0),
(683, 683, 0),
(684, 684, 0),
(685, 685, 0),
(686, 686, 0),
(686, 679, 1),
(687, 687, 0),
(688, 688, 0),
(688, 679, 1),
(689, 689, 0),
(690, 690, 0),
(690, 689, 1),
(691, 691, 0),
(691, 689, 1),
(692, 692, 0),
(692, 689, 1),
(693, 693, 0),
(693, 689, 1),
(694, 694, 0),
(694, 689, 1),
(695, 695, 0),
(695, 689, 1),
(696, 696, 0),
(696, 689, 1),
(697, 697, 0),
(697, 689, 1),
(698, 698, 0),
(698, 689, 1),
(699, 699, 0),
(700, 700, 0),
(700, 699, 1),
(701, 701, 0),
(701, 699, 1),
(702, 702, 0),
(702, 699, 1),
(703, 703, 0),
(703, 699, 1),
(704, 704, 0),
(704, 699, 1),
(705, 705, 0),
(705, 699, 1),
(706, 706, 0),
(706, 699, 1),
(707, 707, 0),
(707, 699, 1),
(708, 708, 0),
(708, 699, 1),
(709, 709, 0),
(710, 710, 0),
(710, 709, 1),
(711, 711, 0),
(711, 709, 1),
(712, 712, 0),
(712, 709, 1),
(713, 713, 0),
(713, 709, 1),
(714, 714, 0),
(714, 709, 1),
(715, 715, 0),
(715, 709, 1),
(716, 716, 0),
(716, 709, 1),
(717, 717, 0),
(717, 709, 1),
(718, 718, 0),
(718, 709, 1),
(719, 719, 0),
(720, 720, 0),
(720, 719, 1),
(721, 721, 0),
(721, 719, 1),
(722, 722, 0),
(722, 719, 1),
(723, 723, 0),
(723, 719, 1),
(724, 724, 0),
(724, 719, 1),
(725, 725, 0),
(725, 719, 1),
(726, 726, 0),
(726, 719, 1),
(727, 727, 0),
(727, 719, 1),
(728, 728, 0),
(729, 729, 0),
(729, 728, 1),
(730, 730, 0),
(730, 728, 1),
(731, 731, 0),
(731, 728, 1),
(732, 732, 0),
(732, 728, 1),
(733, 733, 0),
(733, 728, 1),
(734, 734, 0),
(734, 728, 1),
(735, 735, 0),
(735, 728, 1),
(736, 736, 0),
(736, 728, 1),
(737, 737, 0),
(737, 728, 1),
(738, 738, 0),
(739, 739, 0),
(739, 738, 1),
(740, 740, 0),
(740, 738, 1),
(741, 741, 0),
(741, 738, 1),
(742, 742, 0),
(742, 738, 1),
(743, 743, 0),
(743, 738, 1),
(744, 744, 0),
(744, 738, 1),
(745, 745, 0),
(745, 738, 1),
(746, 746, 0),
(746, 738, 1),
(747, 747, 0),
(748, 748, 0),
(748, 747, 1),
(749, 749, 0),
(749, 747, 1),
(750, 750, 0),
(750, 747, 1),
(751, 751, 0),
(751, 747, 1),
(752, 752, 0),
(752, 747, 1),
(753, 753, 0),
(753, 747, 1),
(754, 754, 0),
(754, 747, 1),
(755, 755, 0),
(755, 747, 1),
(756, 756, 0),
(756, 747, 1),
(757, 757, 0),
(757, 747, 1),
(758, 758, 0),
(759, 759, 0),
(759, 758, 1),
(760, 760, 0),
(760, 758, 1),
(761, 761, 0),
(761, 758, 1),
(762, 762, 0),
(762, 758, 1),
(763, 763, 0),
(763, 758, 1),
(764, 764, 0),
(764, 758, 1),
(765, 765, 0),
(765, 758, 1),
(766, 766, 0),
(766, 758, 1),
(767, 767, 0),
(767, 758, 1),
(768, 768, 0),
(769, 769, 0),
(769, 768, 1),
(770, 770, 0),
(770, 768, 1),
(771, 771, 0),
(771, 768, 1),
(772, 772, 0),
(772, 768, 1),
(773, 773, 0),
(773, 768, 1),
(774, 774, 0),
(774, 768, 1),
(775, 775, 0),
(775, 768, 1),
(776, 776, 0),
(776, 768, 1),
(777, 777, 0),
(778, 778, 0),
(778, 777, 1),
(779, 779, 0),
(779, 777, 1),
(780, 780, 0),
(780, 777, 1),
(781, 781, 0),
(781, 777, 1),
(782, 782, 0),
(782, 777, 1),
(783, 783, 0),
(783, 777, 1),
(784, 784, 0),
(784, 777, 1),
(785, 785, 0),
(785, 777, 1),
(786, 786, 0),
(786, 777, 1),
(787, 787, 0),
(787, 777, 1),
(788, 788, 0),
(789, 789, 0),
(789, 788, 1),
(790, 790, 0),
(790, 788, 1),
(791, 791, 0),
(791, 788, 1),
(792, 792, 0),
(792, 788, 1),
(793, 793, 0),
(793, 788, 1),
(794, 794, 0),
(794, 788, 1),
(795, 795, 0),
(795, 788, 1),
(796, 796, 0),
(796, 788, 1),
(797, 797, 0),
(798, 798, 0),
(798, 797, 1),
(799, 799, 0),
(799, 797, 1),
(800, 800, 0),
(800, 797, 1),
(801, 801, 0),
(801, 797, 1),
(802, 802, 0),
(802, 797, 1),
(803, 803, 0),
(803, 797, 1),
(804, 804, 0),
(804, 797, 1),
(805, 805, 0),
(805, 797, 1),
(806, 806, 0),
(807, 807, 0),
(807, 806, 1),
(808, 808, 0),
(808, 806, 1),
(809, 809, 0),
(809, 806, 1),
(810, 810, 0),
(810, 806, 1),
(811, 811, 0),
(811, 806, 1),
(812, 812, 0),
(812, 806, 1),
(813, 813, 0),
(813, 806, 1),
(814, 814, 0),
(814, 806, 1),
(815, 815, 0),
(815, 806, 1),
(816, 816, 0),
(817, 817, 0),
(817, 816, 1),
(818, 818, 0),
(818, 816, 1),
(819, 819, 0),
(819, 816, 1),
(820, 820, 0),
(820, 816, 1),
(821, 821, 0),
(821, 816, 1),
(822, 822, 0),
(822, 816, 1),
(823, 823, 0),
(823, 816, 1),
(824, 824, 0),
(824, 816, 1),
(825, 825, 0),
(825, 816, 1),
(826, 826, 0),
(826, 816, 1),
(827, 827, 0),
(828, 828, 0),
(828, 827, 1),
(829, 829, 0),
(829, 827, 1),
(830, 830, 0),
(830, 827, 1),
(831, 831, 0),
(831, 827, 1),
(832, 832, 0),
(832, 827, 1),
(833, 833, 0),
(833, 827, 1),
(834, 834, 0),
(834, 827, 1),
(835, 835, 0),
(835, 827, 1),
(836, 836, 0),
(836, 827, 1),
(837, 837, 0),
(838, 838, 0),
(838, 837, 1),
(839, 839, 0),
(839, 837, 1),
(840, 840, 0),
(840, 837, 1),
(841, 841, 0),
(841, 837, 1),
(842, 842, 0),
(842, 837, 1),
(843, 843, 0),
(843, 837, 1),
(844, 844, 0),
(844, 837, 1),
(845, 845, 0),
(845, 837, 1),
(846, 846, 0),
(846, 837, 1),
(847, 847, 0),
(847, 837, 1),
(848, 848, 0),
(849, 849, 0),
(849, 848, 1),
(850, 850, 0),
(851, 851, 0),
(852, 852, 0),
(853, 853, 0),
(853, 848, 1),
(854, 854, 0),
(854, 848, 1),
(855, 855, 0),
(855, 848, 1),
(856, 856, 0),
(856, 848, 1),
(857, 857, 0),
(858, 858, 0),
(858, 857, 1),
(859, 859, 0),
(859, 857, 1),
(860, 860, 0),
(860, 857, 1),
(861, 861, 0),
(861, 857, 1),
(862, 862, 0),
(862, 857, 1),
(863, 863, 0),
(863, 857, 1),
(864, 864, 0),
(864, 857, 1),
(865, 865, 0),
(865, 857, 1),
(866, 866, 0),
(866, 857, 1),
(867, 867, 0),
(868, 868, 0),
(868, 867, 1),
(869, 869, 0),
(869, 867, 1),
(870, 870, 0),
(870, 867, 1),
(871, 871, 0),
(871, 867, 1),
(872, 872, 0),
(872, 867, 1),
(873, 873, 0),
(873, 867, 1),
(874, 874, 0),
(874, 867, 1),
(875, 875, 0),
(875, 867, 1),
(876, 876, 0),
(876, 867, 1),
(877, 877, 0),
(878, 878, 0),
(878, 877, 1),
(879, 879, 0),
(879, 877, 1),
(880, 880, 0),
(880, 877, 1),
(881, 881, 0),
(881, 877, 1),
(882, 882, 0),
(882, 877, 1),
(883, 883, 0),
(883, 877, 1),
(884, 884, 0),
(884, 877, 1),
(885, 885, 0),
(885, 877, 1),
(886, 886, 0),
(886, 877, 1),
(887, 887, 0),
(887, 877, 1),
(888, 888, 0),
(888, 877, 1),
(889, 889, 0),
(889, 877, 1),
(890, 890, 0),
(890, 877, 1),
(891, 891, 0),
(892, 892, 0),
(892, 891, 1),
(893, 893, 0),
(893, 891, 1),
(894, 894, 0),
(894, 891, 1),
(895, 895, 0),
(895, 891, 1),
(896, 896, 0),
(896, 891, 1),
(897, 897, 0),
(897, 891, 1),
(898, 898, 0),
(898, 891, 1),
(899, 899, 0),
(899, 891, 1),
(900, 900, 0),
(900, 891, 1),
(901, 901, 0),
(901, 891, 1),
(902, 902, 0),
(902, 891, 1),
(903, 903, 0),
(903, 891, 1),
(904, 904, 0),
(904, 891, 1),
(905, 905, 0),
(905, 891, 1),
(906, 906, 0),
(907, 907, 0),
(907, 906, 1),
(908, 908, 0),
(908, 906, 1),
(909, 909, 0),
(909, 906, 1),
(910, 910, 0),
(910, 906, 1),
(911, 911, 0),
(911, 906, 1),
(912, 912, 0),
(912, 906, 1),
(913, 913, 0),
(913, 906, 1),
(914, 914, 0),
(914, 906, 1),
(915, 915, 0),
(916, 916, 0),
(916, 915, 1),
(917, 917, 0),
(917, 915, 1),
(918, 918, 0),
(918, 915, 1),
(919, 919, 0),
(919, 915, 1),
(920, 920, 0),
(920, 915, 1),
(921, 921, 0),
(921, 915, 1),
(922, 922, 0),
(922, 915, 1),
(923, 923, 0),
(923, 915, 1),
(924, 924, 0),
(924, 915, 1),
(925, 925, 0),
(925, 915, 1),
(926, 926, 0),
(927, 927, 0),
(927, 926, 1),
(928, 928, 0),
(928, 926, 1),
(929, 929, 0),
(929, 926, 1),
(930, 930, 0),
(930, 926, 1),
(931, 931, 0),
(931, 926, 1),
(932, 932, 0),
(932, 926, 1),
(933, 933, 0),
(933, 926, 1),
(934, 934, 0),
(934, 926, 1),
(935, 935, 0),
(935, 926, 1),
(936, 936, 0),
(936, 926, 1),
(937, 937, 0),
(937, 926, 1),
(938, 938, 0),
(939, 939, 0),
(939, 938, 1),
(940, 940, 0),
(940, 938, 1),
(941, 941, 0),
(941, 938, 1),
(942, 942, 0),
(942, 938, 1),
(943, 943, 0),
(943, 938, 1),
(944, 944, 0),
(944, 938, 1),
(945, 945, 0),
(945, 938, 1),
(946, 946, 0),
(946, 938, 1),
(947, 947, 0),
(947, 938, 1),
(948, 948, 0),
(948, 938, 1),
(949, 949, 0),
(949, 938, 1),
(950, 950, 0),
(951, 951, 0),
(951, 950, 1),
(952, 952, 0),
(952, 950, 1),
(953, 953, 0),
(953, 950, 1),
(954, 954, 0),
(954, 950, 1),
(955, 955, 0),
(955, 950, 1),
(956, 956, 0),
(956, 950, 1),
(957, 957, 0),
(957, 950, 1),
(958, 958, 0),
(958, 950, 1),
(959, 959, 0),
(959, 950, 1),
(960, 960, 0),
(961, 961, 0),
(961, 960, 1),
(962, 962, 0),
(962, 960, 1),
(963, 963, 0),
(963, 960, 1),
(964, 964, 0),
(964, 960, 1),
(965, 965, 0),
(965, 960, 1),
(966, 966, 0),
(966, 960, 1),
(967, 967, 0),
(967, 960, 1),
(968, 968, 0),
(968, 960, 1),
(969, 969, 0),
(969, 960, 1),
(970, 970, 0),
(970, 960, 1),
(971, 971, 0),
(971, 960, 1),
(972, 972, 0),
(972, 960, 1),
(973, 973, 0),
(973, 960, 1),
(974, 974, 0),
(975, 975, 0),
(975, 974, 1),
(976, 976, 0),
(976, 974, 1),
(977, 977, 0),
(977, 974, 1),
(978, 978, 0),
(978, 974, 1),
(979, 979, 0),
(979, 974, 1),
(980, 980, 0),
(980, 974, 1),
(981, 981, 0),
(981, 974, 1),
(982, 982, 0),
(982, 974, 1),
(983, 983, 0),
(983, 974, 1),
(984, 984, 0),
(984, 974, 1),
(985, 985, 0),
(985, 974, 1),
(986, 986, 0),
(986, 974, 1),
(987, 987, 0),
(987, 974, 1),
(988, 988, 0),
(989, 989, 0),
(989, 988, 1),
(990, 990, 0),
(990, 988, 1),
(991, 991, 0),
(991, 988, 1),
(992, 992, 0),
(992, 988, 1),
(993, 993, 0),
(993, 988, 1),
(994, 994, 0),
(994, 988, 1),
(995, 995, 0),
(995, 988, 1),
(996, 996, 0),
(996, 988, 1),
(997, 997, 0),
(997, 988, 1),
(998, 998, 0),
(998, 988, 1),
(999, 999, 0),
(999, 988, 1),
(1000, 1000, 0),
(1000, 988, 1),
(1001, 1001, 0),
(1002, 1002, 0),
(1002, 1001, 1),
(1003, 1003, 0),
(1003, 1001, 1),
(1004, 1004, 0),
(1004, 1001, 1),
(1005, 1005, 0),
(1005, 1001, 1),
(1006, 1006, 0),
(1006, 1001, 1),
(1007, 1007, 0),
(1007, 1001, 1),
(1008, 1008, 0),
(1008, 1001, 1),
(1009, 1009, 0),
(1009, 1001, 1),
(1010, 1010, 0),
(1011, 1011, 0),
(1011, 1010, 1),
(1012, 1012, 0),
(1012, 1010, 1),
(1013, 1013, 0),
(1013, 1010, 1),
(1014, 1014, 0),
(1014, 1010, 1),
(1015, 1015, 0),
(1015, 1010, 1),
(1016, 1016, 0),
(1016, 1010, 1),
(1017, 1017, 0),
(1017, 1010, 1),
(1018, 1018, 0),
(1018, 1010, 1),
(1019, 1019, 0),
(1020, 1020, 0),
(1020, 1019, 1),
(1021, 1021, 0),
(1021, 1019, 1),
(1022, 1022, 0),
(1022, 1019, 1),
(1023, 1023, 0),
(1023, 1019, 1),
(1024, 1024, 0),
(1024, 1019, 1),
(1025, 1025, 0),
(1025, 1019, 1),
(1026, 1026, 0),
(1026, 1019, 1),
(1027, 1027, 0),
(1027, 1019, 1),
(1028, 1028, 0),
(1029, 1029, 0),
(1029, 1028, 1),
(1030, 1030, 0),
(1030, 1028, 1),
(1031, 1031, 0),
(1031, 1028, 1),
(1032, 1032, 0),
(1032, 1028, 1),
(1033, 1033, 0),
(1033, 1028, 1),
(1034, 1034, 0),
(1034, 1028, 1),
(1035, 1035, 0),
(1035, 1028, 1),
(1036, 1036, 0),
(1036, 1028, 1),
(1037, 1037, 0),
(1037, 1028, 1),
(1038, 1038, 0),
(1039, 1039, 0),
(1039, 1038, 1),
(1040, 1040, 0),
(1040, 1038, 1),
(1041, 1041, 0),
(1041, 1038, 1),
(1042, 1042, 0),
(1042, 1038, 1),
(1043, 1043, 0),
(1043, 1038, 1),
(1044, 1044, 0),
(1044, 1038, 1),
(1045, 1045, 0),
(1045, 1038, 1),
(1046, 1046, 0),
(1046, 1038, 1),
(1047, 1047, 0),
(1048, 1048, 0),
(1048, 1047, 1),
(1049, 1049, 0),
(1049, 1047, 1),
(1050, 1050, 0),
(1050, 1047, 1),
(1051, 1051, 0),
(1051, 1047, 1),
(1052, 1052, 0),
(1052, 1047, 1),
(1053, 1053, 0),
(1053, 1047, 1),
(1054, 1054, 0),
(1054, 1047, 1),
(1055, 1055, 0),
(1055, 1047, 1),
(1056, 1056, 0),
(1057, 1057, 0),
(1057, 1056, 1),
(1058, 1058, 0),
(1058, 1056, 1),
(1059, 1059, 0),
(1059, 1056, 1),
(1060, 1060, 0),
(1060, 1056, 1),
(1061, 1061, 0),
(1061, 1056, 1),
(1062, 1062, 0),
(1062, 1056, 1),
(1063, 1063, 0),
(1063, 1056, 1),
(1064, 1064, 0),
(1064, 1056, 1),
(1065, 1065, 0),
(1065, 1056, 1),
(1066, 1066, 0),
(1066, 1056, 1),
(1067, 1067, 0),
(1068, 1068, 0),
(1068, 1067, 1),
(1069, 1069, 0),
(1069, 1067, 1),
(1070, 1070, 0),
(1070, 1067, 1),
(1071, 1071, 0),
(1071, 1067, 1),
(1072, 1072, 0),
(1072, 1067, 1),
(1073, 1073, 0),
(1073, 1067, 1),
(1074, 1074, 0),
(1074, 1067, 1),
(1075, 1075, 0),
(1075, 1067, 1),
(1076, 1076, 0),
(1076, 1067, 1),
(1077, 1077, 0),
(1077, 1067, 1),
(1078, 1078, 0),
(1078, 1067, 1),
(1079, 1079, 0),
(1080, 1080, 0),
(1080, 1079, 1),
(1081, 1081, 0),
(1081, 1079, 1),
(1082, 1082, 0),
(1082, 1079, 1),
(1083, 1083, 0),
(1083, 1079, 1),
(1084, 1084, 0),
(1084, 1079, 1),
(1085, 1085, 0),
(1085, 1079, 1),
(1086, 1086, 0),
(1086, 1079, 1),
(1087, 1087, 0),
(1087, 1079, 1),
(1088, 1088, 0),
(1088, 1079, 1),
(1089, 1089, 0),
(1089, 1079, 1),
(1090, 1090, 0),
(1090, 1079, 1),
(1091, 1091, 0),
(1091, 1079, 1),
(1092, 1092, 0),
(1092, 1079, 1),
(1093, 1093, 0),
(1093, 1079, 1),
(1094, 1094, 0),
(1095, 1095, 0),
(1095, 1094, 1),
(1096, 1096, 0),
(1096, 1094, 1),
(1097, 1097, 0),
(1097, 1094, 1),
(1098, 1098, 0),
(1098, 1094, 1),
(1099, 1099, 0),
(1099, 1094, 1),
(1100, 1100, 0),
(1100, 1094, 1),
(1101, 1101, 0),
(1101, 1094, 1),
(1102, 1102, 0),
(1102, 1094, 1),
(1103, 1103, 0),
(1103, 1094, 1),
(1104, 1104, 0),
(1104, 1094, 1),
(1105, 1105, 0),
(1105, 1094, 1),
(1106, 1106, 0),
(1106, 1094, 1),
(1107, 1107, 0),
(1107, 1094, 1),
(1108, 1108, 0),
(1108, 1094, 1),
(1109, 1109, 0),
(1109, 1094, 1),
(1110, 1110, 0),
(1111, 1111, 0),
(1111, 1110, 1),
(1112, 1112, 0),
(1112, 1110, 1),
(1113, 1113, 0),
(1113, 1110, 1),
(1114, 1114, 0),
(1114, 1110, 1),
(1115, 1115, 0),
(1115, 1110, 1),
(1116, 1116, 0),
(1116, 1110, 1),
(1117, 1117, 0),
(1117, 1110, 1),
(1118, 1118, 0),
(1118, 1110, 1),
(1119, 1119, 0),
(1119, 1110, 1),
(1120, 1120, 0),
(1120, 1110, 1),
(1121, 1121, 0),
(1121, 1110, 1),
(1122, 1122, 0),
(1122, 1110, 1),
(1123, 1123, 0),
(1124, 1124, 0),
(1124, 1123, 1),
(1125, 1125, 0),
(1125, 1123, 1),
(1126, 1126, 0),
(1126, 1123, 1),
(1127, 1127, 0),
(1127, 1123, 1),
(1128, 1128, 0),
(1128, 1123, 1),
(1129, 1129, 0),
(1129, 1123, 1),
(1130, 1130, 0),
(1130, 1123, 1),
(1131, 1131, 0),
(1131, 1123, 1),
(1132, 1132, 0),
(1132, 1123, 1),
(1133, 1133, 0),
(1133, 1123, 1),
(1134, 1134, 0),
(1134, 1123, 1),
(1135, 1135, 0),
(1135, 1123, 1),
(1136, 1136, 0),
(1137, 1137, 0),
(1137, 1136, 1),
(1138, 1138, 0),
(1138, 1136, 1),
(1139, 1139, 0),
(1139, 1136, 1),
(1140, 1140, 0),
(1140, 1136, 1),
(1141, 1141, 0),
(1141, 1136, 1),
(1142, 1142, 0),
(1142, 1136, 1),
(1143, 1143, 0),
(1143, 1136, 1),
(1144, 1144, 0),
(1144, 1136, 1),
(1145, 1145, 0),
(1145, 1136, 1),
(1146, 1146, 0),
(1147, 1147, 0),
(1147, 1146, 1),
(1148, 1148, 0),
(1148, 1146, 1),
(1149, 1149, 0),
(1149, 1146, 1),
(1150, 1150, 0),
(1150, 1146, 1),
(1151, 1151, 0),
(1151, 1146, 1),
(1152, 1152, 0),
(1152, 1146, 1),
(1153, 1153, 0),
(1153, 1146, 1),
(1154, 1154, 0),
(1154, 1146, 1),
(1155, 1155, 0),
(1155, 1146, 1),
(1156, 1156, 0),
(1156, 1146, 1),
(1157, 1157, 0),
(1157, 1146, 1),
(1158, 1158, 0),
(1158, 1146, 1),
(1159, 1159, 0),
(1159, 1146, 1),
(1160, 1160, 0),
(1160, 1146, 1),
(1161, 1161, 0),
(1162, 1162, 0),
(1163, 1163, 0),
(1164, 1164, 0),
(1165, 1165, 0),
(1166, 1166, 0),
(1167, 1167, 0),
(1168, 1168, 0),
(1169, 1169, 0),
(1170, 1170, 0),
(1171, 1171, 0),
(1172, 1172, 0),
(1173, 1173, 0),
(1174, 1174, 0),
(1175, 1175, 0),
(1176, 1176, 0),
(1177, 1177, 0),
(1178, 1178, 0),
(1179, 1179, 0),
(1180, 1180, 0),
(1181, 1181, 0),
(1182, 1182, 0),
(1183, 1183, 0),
(1184, 1184, 0),
(1185, 1185, 0),
(1186, 1186, 0),
(1187, 1187, 0),
(1188, 1188, 0),
(1189, 1189, 0),
(1190, 1190, 0),
(1191, 1191, 0),
(1192, 1192, 0),
(1193, 1193, 0),
(1194, 1194, 0),
(1195, 1195, 0),
(1196, 1196, 0),
(1197, 1197, 0),
(1198, 1198, 0),
(1199, 1199, 0),
(1200, 1200, 0),
(1201, 1201, 0),
(1202, 1202, 0),
(1203, 1203, 0),
(1204, 1204, 0),
(1205, 1205, 0),
(1206, 1206, 0),
(1207, 1207, 0),
(1208, 1208, 0),
(1209, 1209, 0),
(1210, 1210, 0),
(1211, 1211, 0),
(1212, 1212, 0),
(1213, 1213, 0),
(1214, 1214, 0),
(1215, 1215, 0),
(1216, 1216, 0),
(1217, 1217, 0),
(1218, 1218, 0),
(1219, 1219, 0),
(1220, 1220, 0),
(1221, 1221, 0),
(1222, 1222, 0),
(1223, 1223, 0),
(1224, 1224, 0),
(1225, 1225, 0),
(1226, 1226, 0),
(1227, 1227, 0),
(1228, 1228, 0),
(1229, 1229, 0),
(1230, 1230, 0),
(1231, 1231, 0),
(1232, 1232, 0),
(1233, 1233, 0),
(1234, 1234, 0),
(1235, 1235, 0),
(1236, 1236, 0),
(1237, 1237, 0),
(1238, 1238, 0),
(1239, 1239, 0),
(1240, 1240, 0),
(1241, 1241, 0),
(1242, 1242, 0),
(1243, 1243, 0),
(1244, 1244, 0),
(1245, 1245, 0),
(1246, 1246, 0),
(1247, 1247, 0),
(1248, 1248, 0),
(1249, 1249, 0),
(1250, 1250, 0),
(1251, 1251, 0),
(1252, 1252, 0),
(1253, 1253, 0),
(1254, 1254, 0),
(1255, 1255, 0),
(1256, 1256, 0),
(1257, 1257, 0),
(1258, 1258, 0),
(1259, 1259, 0),
(1260, 1260, 0),
(1261, 1261, 0),
(1262, 1262, 0),
(1263, 1263, 0),
(1264, 1264, 0),
(1265, 1265, 0),
(1266, 1266, 0),
(1267, 1267, 0),
(1268, 1268, 0),
(1269, 1269, 0),
(1270, 1270, 0),
(1271, 1271, 0),
(1272, 1272, 0),
(1273, 1273, 0),
(1274, 1274, 0),
(1275, 1275, 0),
(1276, 1276, 0),
(1277, 1277, 0),
(1278, 1278, 0),
(1279, 1279, 0),
(1280, 1280, 0),
(1281, 1281, 0),
(1282, 1282, 0),
(1283, 1283, 0),
(1284, 1284, 0),
(1284, 1283, 1),
(1285, 1285, 0),
(1285, 1283, 1),
(1286, 1286, 0),
(1286, 1283, 1),
(1287, 1287, 0),
(1287, 1283, 1),
(1288, 1288, 0),
(1288, 1283, 1),
(1289, 1289, 0),
(1289, 1283, 1),
(1290, 1290, 0),
(1290, 1283, 1),
(1291, 1291, 0),
(1291, 1283, 1),
(1292, 1292, 0),
(1292, 1283, 1),
(1293, 1293, 0),
(1293, 1283, 1),
(1294, 1294, 0),
(1294, 1283, 1),
(1295, 1295, 0),
(1295, 1283, 1),
(1296, 1296, 0),
(1296, 1283, 1),
(1297, 1297, 0),
(1298, 1298, 0),
(1298, 1297, 1),
(1299, 1299, 0),
(1299, 1297, 1),
(1300, 1300, 0),
(1300, 1297, 1),
(1301, 1301, 0),
(1301, 1297, 1),
(1302, 1302, 0),
(1302, 1297, 1),
(1303, 1303, 0),
(1303, 1297, 1),
(1304, 1304, 0),
(1304, 1297, 1),
(1305, 1305, 0),
(1305, 1297, 1),
(1306, 1306, 0),
(1306, 1297, 1),
(1307, 1307, 0),
(1307, 1297, 1),
(1308, 1308, 0),
(1308, 1297, 1),
(1309, 1309, 0),
(1310, 1310, 0),
(1310, 1309, 1),
(1311, 1311, 0),
(1311, 1309, 1),
(1312, 1312, 0),
(1312, 1309, 1),
(1313, 1313, 0),
(1313, 1309, 1),
(1314, 1314, 0),
(1314, 1309, 1),
(1315, 1315, 0),
(1315, 1309, 1),
(1316, 1316, 0),
(1316, 1309, 1),
(1317, 1317, 0),
(1317, 1309, 1),
(1318, 1318, 0),
(1319, 1319, 0),
(1320, 1320, 0),
(1321, 1321, 0),
(1322, 1322, 0),
(1323, 1323, 0),
(1324, 1324, 0),
(1325, 1325, 0),
(1326, 1326, 0),
(1327, 1327, 0),
(1328, 1328, 0),
(1329, 1329, 0),
(1330, 1330, 0),
(1331, 1331, 0),
(1332, 1332, 0),
(1333, 1333, 0),
(1333, 1332, 1),
(1334, 1334, 0),
(1334, 1332, 1),
(1335, 1335, 0),
(1335, 1332, 1),
(1336, 1336, 0),
(1336, 1332, 1),
(1337, 1337, 0),
(1337, 1332, 1),
(1338, 1338, 0),
(1338, 1332, 1),
(1339, 1339, 0),
(1339, 1332, 1),
(1340, 1340, 0),
(1340, 1332, 1),
(1341, 1341, 0),
(1341, 1332, 1),
(1342, 1342, 0),
(1342, 1332, 1),
(1343, 1343, 0),
(1343, 1332, 1),
(1344, 1344, 0),
(1344, 1332, 1),
(1345, 1345, 0),
(1345, 1332, 1),
(1346, 1346, 0),
(1347, 1347, 0),
(1348, 1348, 0),
(1349, 1349, 0),
(1350, 1350, 0),
(1351, 1351, 0),
(1351, 1350, 1),
(1352, 1352, 0),
(1352, 1350, 1),
(1353, 1353, 0),
(1353, 1350, 1),
(1354, 1354, 0),
(1354, 1350, 1),
(1355, 1355, 0),
(1355, 1350, 1),
(1356, 1356, 0),
(1356, 1350, 1),
(1357, 1357, 0),
(1357, 1350, 1),
(1358, 1358, 0),
(1358, 1350, 1),
(1359, 1359, 0),
(1359, 1350, 1),
(1360, 1360, 0),
(1361, 1361, 0),
(1361, 1360, 1),
(1362, 1362, 0),
(1362, 1360, 1),
(1363, 1363, 0),
(1363, 1360, 1),
(1364, 1364, 0),
(1364, 1360, 1),
(1365, 1365, 0),
(1365, 1360, 1),
(1366, 1366, 0),
(1366, 1360, 1),
(1367, 1367, 0),
(1367, 1360, 1),
(1368, 1368, 0),
(1368, 1360, 1),
(1369, 1369, 0),
(1370, 1370, 0),
(1370, 1369, 1),
(1371, 1371, 0),
(1371, 1369, 1),
(1372, 1372, 0),
(1372, 1369, 1),
(1373, 1373, 0),
(1373, 1369, 1),
(1374, 1374, 0),
(1374, 1369, 1),
(1375, 1375, 0),
(1375, 1369, 1),
(1376, 1376, 0),
(1376, 1369, 1),
(1377, 1377, 0),
(1377, 1369, 1),
(1378, 1378, 0),
(1378, 1369, 1),
(1379, 1379, 0),
(1379, 1369, 1),
(1380, 1380, 0),
(1381, 1381, 0),
(1381, 1380, 1),
(1382, 1382, 0),
(1382, 1380, 1),
(1383, 1383, 0),
(1383, 1380, 1),
(1384, 1384, 0),
(1384, 1380, 1),
(1385, 1385, 0),
(1385, 1380, 1),
(1386, 1386, 0),
(1386, 1380, 1),
(1387, 1387, 0),
(1387, 1380, 1),
(1388, 1388, 0),
(1388, 1380, 1),
(1389, 1389, 0),
(1389, 1380, 1),
(1390, 1390, 0),
(1390, 1380, 1),
(1391, 1391, 0),
(1391, 1380, 1),
(1392, 1392, 0),
(1392, 1380, 1),
(1393, 1393, 0),
(1394, 1394, 0),
(1394, 1393, 1),
(1395, 1395, 0),
(1395, 1393, 1),
(1396, 1396, 0),
(1396, 1393, 1),
(1397, 1397, 0),
(1397, 1393, 1),
(1398, 1398, 0),
(1398, 1393, 1),
(1399, 1399, 0),
(1399, 1393, 1),
(1400, 1400, 0),
(1400, 1393, 1),
(1401, 1401, 0),
(1401, 1393, 1),
(1402, 1402, 0),
(1402, 1393, 1),
(1403, 1403, 0),
(1403, 1393, 1),
(1404, 1404, 0),
(1404, 1393, 1),
(1405, 1405, 0),
(1405, 1393, 1),
(1406, 1406, 0),
(1407, 1407, 0),
(1407, 1406, 1),
(1408, 1408, 0),
(1408, 1406, 1),
(1409, 1409, 0),
(1409, 1406, 1),
(1410, 1410, 0),
(1410, 1406, 1),
(1411, 1411, 0),
(1411, 1406, 1),
(1412, 1412, 0),
(1412, 1406, 1),
(1413, 1413, 0),
(1413, 1406, 1),
(1414, 1414, 0),
(1414, 1406, 1),
(1415, 1415, 0),
(1416, 1416, 0),
(1416, 1415, 1),
(1417, 1417, 0),
(1417, 1415, 1),
(1418, 1418, 0),
(1418, 1415, 1),
(1419, 1419, 0),
(1419, 1415, 1),
(1420, 1420, 0),
(1420, 1415, 1),
(1421, 1421, 0),
(1421, 1415, 1),
(1422, 1422, 0),
(1422, 1415, 1),
(1423, 1423, 0),
(1423, 1415, 1),
(1424, 1424, 0),
(1425, 1425, 0),
(1441, 1441, 0),
(1442, 1442, 0),
(1442, 1441, 1),
(1443, 1443, 0),
(1443, 1441, 1),
(1444, 1444, 0),
(1444, 1441, 1),
(1445, 1445, 0),
(1445, 1441, 1),
(1446, 1446, 0),
(1446, 1441, 1),
(1447, 1447, 0),
(1447, 1441, 1),
(1448, 1448, 0),
(1448, 1441, 1),
(1449, 1449, 0),
(1449, 1441, 1),
(1450, 1450, 0),
(1453, 1453, 0),
(1454, 1454, 0),
(1454, 1453, 1),
(1455, 1455, 0),
(1455, 1453, 1),
(1456, 1456, 0),
(1456, 1453, 1),
(1457, 1457, 0),
(1457, 1453, 1),
(1458, 1458, 0),
(1458, 1453, 1),
(1459, 1459, 0),
(1459, 1453, 1),
(1460, 1460, 0),
(1460, 1453, 1),
(1461, 1461, 0),
(1461, 1453, 1),
(1462, 1462, 0),
(1462, 1453, 1),
(1463, 1463, 0),
(1463, 1453, 1),
(1464, 1464, 0),
(1464, 1453, 1),
(1465, 1465, 0),
(1465, 1453, 1),
(1466, 1466, 0),
(1467, 1467, 0),
(1467, 1466, 1),
(1468, 1468, 0),
(1468, 1466, 1),
(1469, 1469, 0),
(1469, 1466, 1),
(1470, 1470, 0),
(1470, 1466, 1),
(1471, 1471, 0),
(1471, 1466, 1),
(1472, 1472, 0),
(1472, 1466, 1),
(1473, 1473, 0),
(1473, 1466, 1),
(1474, 1474, 0),
(1474, 1466, 1),
(1475, 1475, 0),
(1475, 1466, 1),
(1476, 1476, 0),
(1476, 1466, 1),
(1477, 1477, 0),
(1477, 1466, 1),
(1478, 1478, 0),
(1478, 581, 1),
(1479, 1479, 0),
(1480, 1480, 0),
(1480, 1479, 1),
(1481, 1481, 0),
(1481, 1479, 1),
(1482, 1482, 0),
(1482, 1479, 1),
(1483, 1483, 0),
(1483, 1479, 1),
(1484, 1484, 0),
(1484, 1479, 1),
(1485, 1485, 0),
(1485, 1479, 1),
(1486, 1486, 0),
(1486, 1479, 1),
(1487, 1487, 0),
(1487, 1479, 1),
(1488, 1488, 0),
(1488, 1479, 1),
(1489, 1489, 0),
(1489, 1479, 1),
(1490, 1490, 0),
(1491, 1491, 0),
(1492, 1492, 0),
(1493, 1493, 0),
(1494, 1494, 0),
(1495, 1495, 0),
(1495, 1494, 1),
(1496, 1496, 0),
(1496, 1494, 1),
(1497, 1497, 0),
(1497, 1494, 1),
(1498, 1498, 0),
(1498, 1494, 1),
(1499, 1499, 0),
(1499, 1494, 1),
(1500, 1500, 0),
(1500, 1494, 1),
(1501, 1501, 0),
(1501, 1494, 1),
(1502, 1502, 0),
(1502, 1494, 1),
(1503, 1503, 0),
(1504, 1504, 0),
(1504, 1503, 1),
(1505, 1505, 0),
(1505, 1503, 1),
(1506, 1506, 0),
(1506, 1503, 1),
(1507, 1507, 0),
(1507, 1503, 1),
(1508, 1508, 0),
(1508, 1503, 1),
(1509, 1509, 0),
(1509, 1503, 1),
(1510, 1510, 0),
(1510, 1503, 1),
(1511, 1511, 0),
(1511, 1503, 1),
(1512, 1512, 0),
(1512, 1503, 1),
(1513, 1513, 0),
(1513, 1503, 1),
(1514, 1514, 0),
(1515, 1515, 0),
(1516, 1516, 0),
(1516, 1515, 1),
(1517, 1517, 0),
(1517, 1515, 1),
(1518, 1518, 0),
(1518, 1515, 1),
(1519, 1519, 0),
(1519, 1515, 1),
(1520, 1520, 0),
(1520, 1515, 1),
(1521, 1521, 0),
(1521, 1515, 1),
(1522, 1522, 0),
(1522, 1515, 1),
(1523, 1523, 0),
(1523, 1515, 1),
(1524, 1524, 0),
(1524, 1515, 1),
(1525, 1525, 0),
(1525, 1515, 1),
(1526, 1526, 0),
(1526, 1515, 1),
(1527, 1527, 0),
(1527, 1515, 1),
(1528, 1528, 0),
(1528, 1515, 1),
(1529, 1529, 0),
(1529, 1515, 1),
(1530, 1530, 0),
(1531, 1531, 0),
(1531, 1530, 1),
(1532, 1532, 0),
(1532, 1530, 1),
(1533, 1533, 0),
(1533, 1530, 1),
(1534, 1534, 0),
(1534, 1530, 1),
(1535, 1535, 0),
(1535, 1530, 1),
(1536, 1536, 0),
(1536, 1530, 1),
(1537, 1537, 0),
(1537, 1530, 1),
(1538, 1538, 0),
(1538, 1530, 1),
(1539, 1539, 0),
(1539, 1530, 1),
(1540, 1540, 0),
(1540, 1530, 1),
(1541, 1541, 0),
(1541, 1530, 1),
(1542, 1542, 0),
(1543, 1543, 0),
(1543, 1542, 1),
(1544, 1544, 0),
(1544, 1542, 1),
(1545, 1545, 0),
(1545, 1542, 1),
(1546, 1546, 0),
(1546, 1542, 1),
(1547, 1547, 0),
(1547, 1542, 1),
(1548, 1548, 0),
(1548, 1542, 1),
(1549, 1549, 0),
(1549, 1542, 1),
(1550, 1550, 0),
(1550, 1542, 1),
(1551, 1551, 0),
(1551, 1542, 1),
(1552, 1552, 0),
(1552, 1542, 1),
(1553, 1553, 0),
(1553, 1542, 1),
(1554, 1554, 0),
(1554, 1542, 1),
(1555, 1555, 0),
(1555, 1542, 1),
(1556, 1556, 0),
(1556, 1542, 1),
(1557, 1557, 0),
(1557, 1542, 1),
(1558, 1558, 0),
(1558, 611, 1),
(1559, 1559, 0),
(1559, 184, 1),
(1560, 1560, 0),
(1561, 1561, 0),
(1561, 1560, 1),
(1562, 1562, 0),
(1563, 1563, 0),
(1563, 1562, 1),
(1564, 1564, 0),
(1564, 1562, 1),
(1565, 1565, 0),
(1565, 1562, 1),
(1566, 1566, 0),
(1566, 1562, 1),
(1567, 1567, 0),
(1567, 1562, 1),
(1568, 1568, 0),
(1568, 1562, 1),
(1569, 1569, 0),
(1569, 1562, 1),
(1570, 1570, 0),
(1570, 1562, 1),
(1571, 1571, 0),
(1571, 1562, 1),
(1572, 1572, 0),
(1573, 1573, 0),
(1575, 1575, 0),
(1576, 1576, 0),
(1577, 1577, 0),
(1578, 1578, 0),
(1579, 1579, 0),
(1580, 1580, 0),
(1581, 1581, 0),
(1582, 1582, 0),
(1583, 1583, 0),
(1584, 1584, 0),
(1585, 1585, 0),
(1586, 1586, 0),
(1587, 1587, 0),
(1588, 1588, 0),
(1589, 1589, 0),
(1590, 1590, 0),
(1591, 1591, 0),
(1592, 1592, 0),
(1593, 1593, 0),
(1594, 1594, 0),
(1595, 1595, 0),
(1596, 1596, 0),
(1597, 1597, 0),
(1598, 1598, 0),
(1599, 1599, 0),
(1600, 1600, 0),
(1601, 1601, 0),
(1602, 1602, 0),
(1603, 1603, 0),
(1604, 1604, 0),
(1605, 1605, 0),
(1606, 1606, 0),
(1607, 1607, 0),
(1608, 1608, 0),
(1609, 1609, 0),
(1610, 1610, 0),
(1611, 1611, 0),
(1612, 1612, 0),
(1613, 1613, 0),
(1614, 1614, 0),
(1615, 1615, 0),
(1616, 1616, 0),
(1617, 1617, 0),
(1618, 1618, 0),
(1619, 1619, 0),
(1620, 1620, 0),
(1621, 1621, 0),
(1622, 1622, 0),
(1623, 1623, 0),
(1624, 1624, 0),
(1625, 1625, 0),
(1625, 1590, 1),
(1626, 1626, 0),
(1626, 1593, 1),
(1627, 1627, 0),
(1628, 1628, 0),
(1629, 1629, 0),
(1629, 1598, 1),
(1630, 1630, 0),
(1631, 1631, 0),
(1632, 1632, 0),
(1633, 1633, 0),
(1634, 1634, 0),
(1635, 1635, 0),
(1636, 1636, 0),
(1637, 1637, 0),
(1638, 1638, 0),
(1639, 1639, 0),
(1640, 1640, 0),
(1641, 1641, 0),
(1642, 1642, 0),
(1643, 1643, 0),
(1644, 1644, 0),
(1644, 1643, 1),
(1645, 1645, 0),
(1645, 1643, 1),
(1646, 1646, 0),
(1646, 1643, 1),
(1647, 1647, 0),
(1647, 1643, 1),
(1648, 1648, 0),
(1648, 1643, 1),
(1649, 1649, 0),
(1649, 1643, 1),
(1650, 1650, 0),
(1650, 1643, 1),
(1651, 1651, 0),
(1651, 1643, 1),
(1652, 1652, 0),
(1652, 1643, 1),
(1653, 1653, 0),
(1653, 1643, 1),
(1654, 1654, 0),
(1654, 1643, 1),
(1655, 1655, 0),
(1655, 1643, 1),
(1656, 1656, 0),
(1656, 1643, 1),
(1657, 1657, 0),
(1658, 1658, 0),
(1659, 1659, 0),
(1660, 1660, 0),
(1660, 1659, 1),
(1661, 1661, 0),
(1661, 1659, 1),
(1662, 1662, 0),
(1662, 1659, 1),
(1663, 1663, 0),
(1663, 1659, 1),
(1664, 1664, 0),
(1664, 1659, 1),
(1665, 1665, 0),
(1665, 1659, 1),
(1666, 1666, 0),
(1666, 1659, 1),
(1667, 1667, 0),
(1667, 1659, 1),
(1668, 1668, 0),
(1668, 1659, 1),
(1669, 1669, 0),
(1670, 1670, 0),
(1671, 1671, 0),
(1672, 1672, 0),
(1673, 1673, 0),
(1674, 1674, 0),
(1675, 1675, 0),
(1676, 1676, 0),
(1677, 1677, 0),
(1678, 1678, 0),
(1679, 1679, 0),
(1680, 1680, 0),
(1681, 1681, 0),
(1682, 1682, 0),
(1683, 1683, 0),
(1684, 1684, 0),
(1685, 1685, 0),
(1686, 1686, 0),
(1687, 1687, 0),
(1688, 1688, 0),
(1689, 1689, 0),
(1690, 1690, 0),
(1691, 1691, 0),
(684, 827, 1),
(851, 827, 1),
(1600, 105, 1),
(1692, 1692, 0),
(1693, 1693, 0),
(1694, 1694, 0),
(1695, 1695, 0);

--
-- Установка базы данных по умолчанию
--
USE demo;

DELIMITER $$

--
-- Создать триггер `NodeInsertPo`
--
CREATE
DEFINER = 'root'@'%'
TRIGGER NodeInsertPo
AFTER INSERT
ON po
FOR EACH ROW
BEGIN
  INSERT INTO potree
  SET id = new.CodPO,
      parent_id = new.CodPO,
      level = 0;
  INSERT INTO potree
    SELECT
      n.CodPO,
      t.parent_id,
      t.level + 1
    FROM (SELECT
             CodPO,
             CodGroupPO
           FROM po
           WHERE CodPO = new.CodPO) n,
         potree t
    WHERE n.CodGroupPO = t.id;
END
$$

--
-- Создать триггер `NodeUpdatePo`
--
CREATE
DEFINER = 'root'@'%'
TRIGGER NodeUpdatePo
AFTER UPDATE
ON po
FOR EACH ROW
BEGIN
  IF NEW.CodGroupPO != OLD.CodGroupPO THEN
    DROP TEMPORARY TABLE IF EXISTS childpo;
    CREATE TEMPORARY TABLE childpo (
      id int,
      level int
    );

    INSERT INTO childpo
      SELECT
        t.id,
        t.level
      FROM potree t
      WHERE new.CodPO = t.parent_id
      AND t.level > 0;

    DELETE
      FROM potree
    WHERE id IN (SELECT
          id
        FROM childpo)
      AND parent_id IN (SELECT
          t.parent_id
        FROM (SELECT
            *
          FROM potree) AS t
        WHERE new.CodPO = t.id
        AND t.level > 0);

    DELETE
      FROM potree
    WHERE id = NEW.CodPO
      AND level > 0;

    INSERT INTO potree
      SELECT
        n.CodPO,
        t.parent_id,
        t.level + 1
      FROM (SELECT
               CodPO,
               CodGroupPO
             FROM po
             WHERE CodPO = new.CodPO) n,
           potree t
      WHERE n.CodGroupPO = t.id;

    INSERT INTO potree
      SELECT
        c.id,
        t.parent_id,
        t.level + c.level
      FROM potree t,
           childpo c
      WHERE new.CodPO = t.id
      AND t.level > 0;

    DROP TEMPORARY TABLE childpo;
  END IF;
END
$$

--
-- Создать триггер `NodeInsertDevice`
--
CREATE
DEFINER = 'root'@'%'
TRIGGER NodeInsertDevice
AFTER INSERT
ON device
FOR EACH ROW
BEGIN
  INSERT INTO devtree
  SET id = new.id,
      parent_id = new.id,
      level = 0;
  INSERT INTO devtree
    SELECT
      n.id,
      t.parent_id,
      t.level + 1
    FROM (SELECT
             id,
             parent_id
           FROM device
           WHERE id = new.id) n,
         devtree t
    WHERE n.parent_id = t.id;
END
$$

--
-- Создать триггер `NodeUpdateDevice`
--
CREATE
DEFINER = 'root'@'%'
TRIGGER NodeUpdateDevice
AFTER UPDATE
ON device
FOR EACH ROW
BEGIN
  IF NEW.parent_id != OLD.parent_id THEN
    DROP TEMPORARY TABLE IF EXISTS childdev;
    CREATE TEMPORARY TABLE childdev (
      id int,
      level int
    );

    INSERT INTO childdev
      SELECT
        t.id,
        t.level
      FROM devtree t
      WHERE new.id = t.parent_id
      AND t.level > 0;

    DELETE
      FROM devtree
    WHERE id IN (SELECT
          id
        FROM childdev)
      AND parent_id IN (SELECT
          t.parent_id
        FROM (SELECT
            *
          FROM devtree) AS t
        WHERE new.id = t.id
        AND t.level > 0);

    DELETE
      FROM devtree
    WHERE id = NEW.id
      AND level > 0;

    INSERT INTO devtree
      SELECT
        n.id,
        t.parent_id,
        t.level + 1
      FROM (SELECT
               id,
               parent_id
             FROM device
             WHERE id = new.id) n,
           devtree t
      WHERE n.parent_id = t.id;

    INSERT INTO devtree
      SELECT
        c.id,
        t.parent_id,
        t.level + c.level
      FROM devtree t,
           childdev c
      WHERE new.id = t.id
      AND t.level > 0;

    DROP TEMPORARY TABLE childdev;
  END IF;
END
$$

--
-- Создать триггер `NodeInsert`
--
CREATE
DEFINER = 'root'@'%'
TRIGGER NodeInsert
AFTER INSERT
ON departments
FOR EACH ROW
BEGIN
  INSERT INTO tree
  SET id = new.id,
      parent_id = new.id,
      level = 0;
  INSERT INTO tree
    SELECT
      n.id,
      t.parent_id,
      t.level + 1
    FROM (SELECT
             id,
             parent_id
           FROM departments
           WHERE id = new.id) n,
         tree t
    WHERE n.parent_id = t.id;
END
$$

--
-- Создать триггер `NodeUpdate`
--
CREATE
DEFINER = 'root'@'%'
TRIGGER NodeUpdate
AFTER UPDATE
ON departments
FOR EACH ROW
BEGIN
  IF NEW.parent_id != OLD.parent_id THEN
    DROP TEMPORARY TABLE IF EXISTS child;
    CREATE TEMPORARY TABLE child (
      id int,
      level int
    );

    INSERT INTO child
      SELECT
        t.id,
        t.level
      FROM tree t
      WHERE new.id = t.parent_id
      AND t.level > 0;

    DELETE
      FROM tree
    WHERE id IN (SELECT
          id
        FROM child)
      AND parent_id IN (SELECT
          t.parent_id
        FROM (SELECT
            *
          FROM tree) AS t
        WHERE new.id = t.id
        AND t.level > 0);

    DELETE
      FROM tree
    WHERE id = NEW.id
      AND level > 0;

    INSERT INTO tree
      SELECT
        n.id,
        t.parent_id,
        t.level + 1
      FROM (SELECT
               id,
               parent_id
             FROM departments
             WHERE id = new.id) n,
           tree t
      WHERE n.parent_id = t.id;

    INSERT INTO tree
      SELECT
        c.id,
        t.parent_id,
        t.level + c.level
      FROM tree t,
           child c
      WHERE new.id = t.id
      AND t.level > 0;

    DROP TEMPORARY TABLE child;
  END IF;
END
$$

DELIMITER ;

-- 
-- Восстановить предыдущий режим SQL (SQL mode)
-- 
/*!40101 SET SQL_MODE=@OLD_SQL_MODE */;

-- 
-- Включение внешних ключей
-- 
/*!40014 SET FOREIGN_KEY_CHECKS = @OLD_FOREIGN_KEY_CHECKS */;